iteration	job_id	seed	score	location	menu	equipment	contract	capital	manager_skill	budget	cash	debt	reputation	days	game_over	reason
0	764d6a8e	1780974744	56930.92	mall	everyday	automated	spot	all-equity	8	10000	53555.75	0.00	14.00	119	True	Reputation collapse (< 15)
1	764d6a8e	1780974745	72567.29	mall	everyday	automated	spot	all-equity	8	10000	69887.50	0.00	14.50	77	True	Reputation collapse (< 15)
2	764d6a8e	1780974746	42066.61	mall	everyday	automated	spot	all-equity	8	8000	38565.51	0.00	14.00	152	True	Reputation collapse (< 15)
3	764d6a8e	1780974747	27180.24	mall	everyday	automated	spot	all-equity	6	12000	22803.70	0.00	14.50	176	True	Reputation collapse (< 15)
4	764d6a8e	1780974748	18961.53	mall	everyday	automated	spot	all-equity	6	10000	15697.39	0.00	14.00	147	True	Reputation collapse (< 15)
5	764d6a8e	1780974749	49101.63	mall	everyday	automated	spot	all-equity	7	8000	45898.76	0.00	14.50	127	True	Reputation collapse (< 15)
6	764d6a8e	1780974750	33154.38	mall	everyday	automated	spot	all-equity	6	12000	27986.87	0.00	13.50	212	True	Reputation collapse (< 15)
7	764d6a8e	1780974751	13612.66	mall	everyday	automated	spot	all-equity	8	10000	10444.43	0.00	4.50	182	True	Reputation collapse (< 15)
8	764d6a8e	1780974752	-2856.63	mall	everyday	automated	spot	all-equity	6	15000	-6794.63	0.00	24.50	122	True	Bankruptcy: deeply negative cash
9	764d6a8e	1780974753	-510.18	mall	everyday	automated	spot	all-equity	5	15000	-5438.65	0.00	22.50	164	True	Bankruptcy: deeply negative cash
10	764d6a8e	1780974754	-380.94	mall	everyday	automated	spot	all-equity	5	15000	-4604.38	0.00	14.50	175	True	Reputation collapse (< 15)
11	764d6a8e	1780974755	144.62	mall	everyday	automated	spot	all-equity	7	15000	-5778.18	0.00	16.50	233	True	Bankruptcy: deeply negative cash
12	764d6a8e	1780974756	36690.52	mall	everyday	automated	spot	all-equity	5	10000	31807.12	0.00	14.50	196	True	Reputation collapse (< 15)
13	764d6a8e	1780974757	-4753.41	mall	everyday	automated	spot	all-equity	6	12000	-9875.76	0.00	22.00	199	True	Bankruptcy: deeply negative cash
14	764d6a8e	1780974758	34156.67	mall	everyday	automated	spot	all-equity	7	10000	30902.90	0.00	14.00	140	True	Reputation collapse (< 15)
15	764d6a8e	1780974759	10206.46	mall	everyday	automated	spot	all-equity	5	15000	4269.15	0.00	13.50	212	True	Reputation collapse (< 15)
16	764d6a8e	1780974760	18560.12	mall	everyday	automated	spot	all-equity	6	8000	15496.92	0.00	5.50	182	True	Reputation collapse (< 15)
17	764d6a8e	1780974761	435.60	mall	everyday	automated	spot	all-equity	7	10000	-4716.96	0.00	14.50	232	True	Reputation collapse (< 15)
18	764d6a8e	1780974762	40238.63	mall	everyday	automated	spot	all-equity	6	12000	35589.74	0.00	12.00	182	True	Reputation collapse (< 15)
19	764d6a8e	1780974763	81966.70	mall	everyday	automated	spot	all-equity	7	8000	75415.69	0.00	14.50	243	True	Reputation collapse (< 15)
20	764d6a8e	1780974764	53866.39	mall	everyday	automated	spot	all-equity	6	10000	49369.92	0.00	14.50	168	True	Reputation collapse (< 15)
21	764d6a8e	1780974765	2705.29	mall	everyday	automated	spot	all-equity	8	10000	-1163.21	0.00	14.50	182	True	Reputation collapse (< 15)
22	764d6a8e	1780974766	-2583.85	mall	everyday	automated	spot	all-equity	7	12000	-7529.24	0.00	19.50	198	True	Bankruptcy: deeply negative cash
23	764d6a8e	1780974767	444.15	mall	everyday	automated	spot	all-equity	8	10000	-2509.50	0.00	5.00	182	True	Reputation collapse (< 15)
24	764d6a8e	1780974768	55090.47	mall	everyday	automated	spot	all-equity	7	12000	51108.83	0.00	14.50	139	True	Reputation collapse (< 15)
25	764d6a8e	1780974769	46442.26	mall	everyday	automated	spot	all-equity	7	8000	43181.60	0.00	14.50	133	True	Reputation collapse (< 15)
26	764d6a8e	1780974770	70417.51	mall	everyday	automated	spot	all-equity	6	8000	67203.52	0.00	14.00	105	True	Reputation collapse (< 15)
27	764d6a8e	1780974771	-1201.27	mall	everyday	automated	spot	all-equity	8	15000	-5192.34	0.00	22.00	131	True	Bankruptcy: deeply negative cash
28	764d6a8e	1780974772	48608.08	mall	everyday	automated	spot	all-equity	6	8000	44759.78	0.00	14.00	166	True	Reputation collapse (< 15)
29	764d6a8e	1780974773	45056.94	mall	everyday	automated	spot	all-equity	5	8000	41394.43	0.00	13.50	152	True	Reputation collapse (< 15)
30	764d6a8e	1780974774	30809.12	mall	everyday	automated	spot	all-equity	5	10000	27070.87	0.00	14.00	151	True	Reputation collapse (< 15)
31	764d6a8e	1780974775	27764.95	mall	everyday	automated	spot	all-equity	8	12000	23563.39	0.00	14.50	175	True	Reputation collapse (< 15)
32	764d6a8e	1780974776	-4744.58	mall	everyday	automated	spot	all-equity	8	15000	-8752.39	0.00	21.50	134	True	Bankruptcy: deeply negative cash
33	764d6a8e	1780974777	27871.84	mall	everyday	automated	spot	all-equity	7	12000	23146.07	0.00	14.50	194	True	Reputation collapse (< 15)
34	764d6a8e	1780974778	62678.65	mall	everyday	automated	spot	all-equity	7	10000	58654.51	0.00	14.50	133	True	Reputation collapse (< 15)
35	764d6a8e	1780974779	29654.17	mall	everyday	automated	spot	all-equity	8	10000	25436.13	0.00	14.00	176	True	Reputation collapse (< 15)
36	764d6a8e	1780974780	-846.64	mall	everyday	automated	spot	all-equity	5	15000	-5066.94	0.00	18.00	165	True	Bankruptcy: deeply negative cash
37	764d6a8e	1780974781	9820.74	mall	everyday	automated	spot	all-equity	7	15000	5605.56	0.00	14.50	166	True	Reputation collapse (< 15)
38	764d6a8e	1780974782	-5176.18	mall	everyday	automated	spot	all-equity	6	15000	-9857.66	0.00	21.00	166	True	Bankruptcy: deeply negative cash
39	764d6a8e	1780974783	22068.40	mall	everyday	automated	spot	all-equity	7	15000	17693.53	0.00	14.50	175	True	Reputation collapse (< 15)
40	764d6a8e	1780974784	77775.28	mall	everyday	automated	spot	all-equity	8	12000	75330.80	0.00	13.50	62	True	Reputation collapse (< 15)
41	764d6a8e	1780974785	12066.38	mall	everyday	automated	spot	all-equity	8	10000	6836.72	0.00	14.50	223	True	Reputation collapse (< 15)
42	764d6a8e	1780974786	7516.06	mall	everyday	automated	spot	all-equity	6	12000	3572.41	0.00	14.00	174	True	Reputation collapse (< 15)
43	764d6a8e	1780974787	39232.15	mall	everyday	automated	spot	all-equity	5	12000	33544.91	0.00	14.00	222	True	Reputation collapse (< 15)
44	764d6a8e	1780974788	49106.12	mall	everyday	automated	spot	all-equity	7	10000	45421.40	0.00	12.50	152	True	Reputation collapse (< 15)
45	764d6a8e	1780974789	38345.31	mall	everyday	automated	spot	all-equity	5	12000	34716.75	0.00	14.00	144	True	Reputation collapse (< 15)
46	764d6a8e	1780974790	55847.72	mall	everyday	automated	spot	all-equity	8	8000	53184.62	0.00	14.50	105	True	Reputation collapse (< 15)
47	764d6a8e	1780974791	61190.76	mall	everyday	automated	spot	all-equity	6	12000	57790.78	0.00	14.00	106	True	Reputation collapse (< 15)
48	764d6a8e	1780974792	44391.34	mall	everyday	automated	spot	all-equity	7	10000	39458.40	0.00	14.50	183	True	Reputation collapse (< 15)
49	764d6a8e	1780974793	24654.39	mall	everyday	automated	spot	all-equity	7	8000	20758.78	0.00	14.50	175	True	Reputation collapse (< 15)
50	764d6a8e	1780974794	58425.06	mall	everyday	automated	spot	all-equity	7	8000	55719.50	0.00	14.50	97	True	Reputation collapse (< 15)
51	764d6a8e	1780974795	44949.81	mall	everyday	automated	spot	all-equity	8	12000	40155.39	0.00	14.50	189	True	Reputation collapse (< 15)
52	764d6a8e	1780974796	46336.97	mall	everyday	automated	spot	all-equity	7	12000	42842.07	0.00	14.00	126	True	Reputation collapse (< 15)
53	764d6a8e	1780974797	45374.86	mall	everyday	automated	spot	all-equity	8	12000	40416.31	0.00	14.50	190	True	Reputation collapse (< 15)
54	764d6a8e	1780974798	67946.40	mall	everyday	automated	spot	all-equity	5	12000	63071.48	0.00	14.50	161	True	Reputation collapse (< 15)
55	764d6a8e	1780974799	30159.78	mall	everyday	automated	spot	all-equity	8	10000	26539.48	0.00	14.00	153	True	Reputation collapse (< 15)
56	764d6a8e	1780974800	18928.69	mall	everyday	automated	spot	all-equity	8	12000	14025.10	0.00	14.50	209	True	Reputation collapse (< 15)
57	764d6a8e	1780974801	31443.81	mall	everyday	automated	spot	all-equity	5	8000	27368.53	0.00	14.00	188	True	Reputation collapse (< 15)
58	764d6a8e	1780974802	52739.00	mall	everyday	automated	spot	all-equity	5	12000	47835.83	0.00	14.50	186	True	Reputation collapse (< 15)
59	764d6a8e	1780974803	68922.55	mall	everyday	automated	spot	all-equity	7	8000	64924.30	0.00	14.00	146	True	Reputation collapse (< 15)
60	764d6a8e	1780974804	-461.83	mall	everyday	automated	spot	all-equity	8	15000	-5032.30	0.00	19.00	170	True	Bankruptcy: deeply negative cash
61	764d6a8e	1780974805	63957.48	mall	everyday	automated	spot	all-equity	5	10000	59227.37	0.00	14.00	167	True	Reputation collapse (< 15)
62	764d6a8e	1780974806	79998.66	mall	everyday	automated	spot	all-equity	8	8000	76188.73	0.00	14.50	133	True	Reputation collapse (< 15)
63	764d6a8e	1780974807	74650.98	mall	everyday	automated	spot	all-equity	5	12000	70637.57	0.00	14.00	133	True	Reputation collapse (< 15)
64	764d6a8e	1780974808	-479.58	mall	everyday	automated	spot	all-equity	7	15000	-5029.71	0.00	21.00	160	True	Bankruptcy: deeply negative cash
65	764d6a8e	1780974809	25118.79	mall	everyday	automated	spot	all-equity	7	8000	21231.72	0.00	14.50	169	True	Reputation collapse (< 15)
66	764d6a8e	1780974810	58505.77	mall	everyday	automated	spot	all-equity	8	10000	55237.73	0.00	14.00	112	True	Reputation collapse (< 15)
67	764d6a8e	1780974811	12727.20	mall	everyday	automated	spot	all-equity	6	12000	7081.63	0.00	14.00	237	True	Reputation collapse (< 15)
68	764d6a8e	1780974812	61697.64	mall	everyday	automated	spot	all-equity	8	10000	58092.72	0.00	14.00	124	True	Reputation collapse (< 15)
69	764d6a8e	1780974813	39791.53	mall	everyday	automated	spot	all-equity	6	12000	35176.94	0.00	14.50	182	True	Reputation collapse (< 15)
70	764d6a8e	1780974814	11962.95	mall	everyday	automated	spot	all-equity	5	8000	8437.48	0.00	11.00	182	True	Reputation collapse (< 15)
71	764d6a8e	1780974815	-1438.91	mall	everyday	automated	spot	all-equity	5	15000	-5585.67	0.00	15.50	160	True	Bankruptcy: deeply negative cash
72	764d6a8e	1780974816	51203.88	mall	everyday	automated	spot	all-equity	6	10000	47473.48	0.00	12.26	152	True	Reputation collapse (< 15)
73	764d6a8e	1780974817	16451.17	mall	everyday	automated	spot	all-equity	7	15000	12458.10	0.00	14.00	152	True	Reputation collapse (< 15)
74	764d6a8e	1780974818	7197.77	mall	everyday	automated	spot	all-equity	5	15000	2613.14	0.00	12.00	182	True	Reputation collapse (< 15)
75	764d6a8e	1780974819	66457.48	mall	everyday	automated	spot	all-equity	8	12000	61868.73	0.00	14.50	153	True	Reputation collapse (< 15)
76	764d6a8e	1780974820	88191.51	mall	everyday	automated	spot	all-equity	6	8000	83804.13	0.00	14.50	147	True	Reputation collapse (< 15)
77	764d6a8e	1780974821	-6356.41	mall	everyday	automated	spot	all-equity	6	15000	-11136.86	0.00	16.50	192	True	Bankruptcy: deeply negative cash
78	764d6a8e	1780974822	-548.17	mall	everyday	automated	spot	all-equity	5	12000	-5445.06	0.00	16.50	208	True	Bankruptcy: deeply negative cash
79	764d6a8e	1780974823	48608.59	mall	everyday	automated	spot	all-equity	8	10000	44890.10	0.00	10.50	152	True	Reputation collapse (< 15)
80	764d6a8e	1780974824	39020.03	mall	everyday	automated	spot	all-equity	6	15000	35323.18	0.00	14.50	133	True	Reputation collapse (< 15)
81	764d6a8e	1780974825	34490.62	mall	everyday	automated	spot	all-equity	5	8000	30836.72	0.00	14.00	167	True	Reputation collapse (< 15)
82	764d6a8e	1780974826	-1364.82	mall	everyday	automated	spot	all-equity	7	15000	-6009.43	0.00	17.50	182	True	Bankruptcy: deeply negative cash
83	764d6a8e	1780974827	47637.05	mall	everyday	automated	spot	all-equity	6	10000	43769.06	0.00	12.50	152	True	Reputation collapse (< 15)
84	764d6a8e	1780974828	64178.51	mall	everyday	automated	spot	all-equity	7	15000	61429.69	0.00	14.50	69	True	Reputation collapse (< 15)
85	764d6a8e	1780974829	43583.14	mall	everyday	automated	spot	all-equity	5	10000	38677.23	0.00	14.50	196	True	Reputation collapse (< 15)
86	764d6a8e	1780974830	18113.18	mall	everyday	automated	spot	all-equity	8	10000	14163.28	0.00	14.50	169	True	Reputation collapse (< 15)
87	764d6a8e	1780974831	14414.69	mall	everyday	automated	spot	all-equity	6	12000	10748.92	0.00	14.00	161	True	Reputation collapse (< 15)
88	764d6a8e	1780974832	35681.50	mall	everyday	automated	spot	all-equity	8	10000	31654.15	0.00	14.50	161	True	Reputation collapse (< 15)
89	764d6a8e	1780974833	-2103.67	mall	everyday	automated	spot	all-equity	6	15000	-6391.92	0.00	20.00	152	True	Bankruptcy: deeply negative cash
90	764d6a8e	1780974834	76316.47	mall	everyday	automated	spot	all-equity	8	8000	72746.47	0.00	14.00	127	True	Reputation collapse (< 15)
91	764d6a8e	1780974835	-586.41	mall	everyday	automated	spot	all-equity	8	15000	-5366.60	0.00	24.00	149	True	Bankruptcy: deeply negative cash
92	764d6a8e	1780974836	15547.06	mall	everyday	automated	spot	all-equity	6	15000	11755.61	0.00	14.50	154	True	Reputation collapse (< 15)
93	764d6a8e	1780974837	96269.08	mall	everyday	automated	spot	all-equity	6	10000	93551.21	0.00	14.00	62	True	Reputation collapse (< 15)
94	764d6a8e	1780974838	5187.15	mall	everyday	automated	spot	all-equity	8	12000	1108.78	0.00	14.00	185	True	Reputation collapse (< 15)
95	764d6a8e	1780974839	-1654.49	mall	everyday	automated	spot	all-equity	6	15000	-5539.46	0.00	23.00	132	True	Bankruptcy: deeply negative cash
96	764d6a8e	1780974840	18238.33	mall	everyday	automated	spot	all-equity	5	12000	13353.85	0.00	14.00	211	True	Reputation collapse (< 15)
97	764d6a8e	1780974841	51154.76	mall	everyday	automated	spot	all-equity	5	8000	47120.40	0.00	14.00	166	True	Reputation collapse (< 15)
98	764d6a8e	1780974842	75394.44	mall	everyday	automated	spot	all-equity	8	8000	71702.60	0.00	14.00	133	True	Reputation collapse (< 15)
99	764d6a8e	1780974843	-778.60	mall	everyday	automated	spot	all-equity	7	15000	-5135.23	0.00	22.00	146	True	Bankruptcy: deeply negative cash
0	21682349	1780974755	34920.23	mall	everyday	automated	spot	all-equity	5	12000	31120.75	0.00	13.00	152	True	Reputation collapse (< 15)
1	21682349	1780974756	48213.57	mall	everyday	automated	spot	all-equity	8	10000	44116.14	0.00	14.00	155	True	Reputation collapse (< 15)
2	21682349	1780974757	2086.98	mall	everyday	automated	spot	all-equity	5	15000	-1826.52	0.00	14.50	152	True	Reputation collapse (< 15)
3	21682349	1780974758	70365.34	mall	everyday	automated	spot	all-equity	8	8000	68022.36	0.00	14.82	77	True	Reputation collapse (< 15)
4	21682349	1780974759	40505.65	mall	everyday	automated	spot	all-equity	6	10000	37203.21	0.00	8.50	152	True	Reputation collapse (< 15)
5	21682349	1780974760	26527.36	mall	everyday	automated	spot	all-equity	6	8000	23312.75	0.00	5.50	182	True	Reputation collapse (< 15)
6	21682349	1780974761	49803.79	mall	everyday	automated	spot	all-equity	6	8000	43728.95	0.00	14.50	260	True	Reputation collapse (< 15)
7	21682349	1780974762	79520.20	mall	everyday	automated	spot	all-equity	5	8000	75893.17	0.00	7.00	152	True	Reputation collapse (< 15)
8	21682349	1780974763	-2276.39	mall	everyday	automated	spot	all-equity	8	15000	-7122.83	0.00	18.50	182	True	Bankruptcy: deeply negative cash
9	21682349	1780974764	21626.91	mall	everyday	automated	spot	all-equity	5	10000	17767.45	0.00	14.50	168	True	Reputation collapse (< 15)
10	21682349	1780974765	46989.35	mall	everyday	automated	spot	all-equity	7	12000	42078.77	0.00	14.50	183	True	Reputation collapse (< 15)
11	21682349	1780974766	53155.80	mall	everyday	automated	spot	all-equity	6	8000	48523.21	0.00	14.00	192	True	Reputation collapse (< 15)
12	21682349	1780974767	30600.56	mall	everyday	automated	spot	all-equity	6	8000	26036.66	0.00	13.50	212	True	Reputation collapse (< 15)
13	21682349	1780974768	-1595.97	mall	everyday	automated	spot	all-equity	8	15000	-5605.35	0.00	21.50	132	True	Bankruptcy: deeply negative cash
14	21682349	1780974769	56004.78	mall	everyday	automated	spot	all-equity	7	8000	52265.49	0.00	12.50	152	True	Reputation collapse (< 15)
15	21682349	1780974770	9409.40	mall	everyday	automated	spot	all-equity	5	15000	5352.21	0.00	14.00	167	True	Reputation collapse (< 15)
16	21682349	1780974771	15454.75	mall	everyday	automated	spot	all-equity	8	15000	11715.87	0.00	14.50	140	True	Reputation collapse (< 15)
17	21682349	1780974772	34722.95	mall	everyday	automated	spot	all-equity	5	10000	30231.16	0.00	14.50	194	True	Reputation collapse (< 15)
18	21682349	1780974773	30851.43	mall	everyday	automated	spot	all-equity	7	15000	28103.73	0.00	14.50	92	True	Reputation collapse (< 15)
19	21682349	1780974774	13552.46	mall	everyday	automated	spot	all-equity	7	8000	9318.13	0.00	14.50	202	True	Reputation collapse (< 15)
20	21682349	1780974775	-546.51	mall	everyday	automated	spot	all-equity	8	15000	-5061.35	0.00	17.50	166	True	Bankruptcy: deeply negative cash
21	21682349	1780974776	50874.40	mall	everyday	automated	spot	all-equity	6	10000	48289.29	0.00	14.50	92	True	Reputation collapse (< 15)
22	21682349	1780974777	19296.30	mall	everyday	automated	spot	all-equity	6	10000	14907.81	0.00	14.00	188	True	Reputation collapse (< 15)
23	21682349	1780974778	67100.77	mall	everyday	automated	spot	all-equity	8	8000	64414.95	0.00	14.60	98	True	Reputation collapse (< 15)
24	21682349	1780974779	44145.48	mall	everyday	automated	spot	all-equity	7	12000	40323.63	0.00	14.00	139	True	Reputation collapse (< 15)
25	21682349	1780974780	39312.34	mall	everyday	automated	spot	all-equity	5	10000	36177.18	0.00	14.00	126	True	Reputation collapse (< 15)
26	21682349	1780974781	57575.02	mall	everyday	automated	spot	all-equity	8	10000	52613.33	0.00	14.00	197	True	Reputation collapse (< 15)
27	21682349	1780974782	10614.15	mall	everyday	automated	spot	all-equity	5	15000	6844.92	0.00	11.00	152	True	Reputation collapse (< 15)
28	21682349	1780974783	57019.05	mall	everyday	automated	spot	all-equity	8	10000	53605.86	0.00	14.08	126	True	Reputation collapse (< 15)
29	21682349	1780974784	68428.23	mall	everyday	automated	spot	all-equity	6	12000	66185.92	0.00	13.50	62	True	Reputation collapse (< 15)
30	21682349	1780974785	66567.77	mall	everyday	automated	spot	all-equity	5	8000	59946.70	0.00	14.50	260	True	Reputation collapse (< 15)
31	21682349	1780974786	49555.27	mall	everyday	automated	spot	all-equity	5	10000	45483.58	0.00	14.50	161	True	Reputation collapse (< 15)
32	21682349	1780974787	-3929.41	mall	everyday	automated	spot	all-equity	6	12000	-7749.08	0.00	21.00	152	True	Bankruptcy: deeply negative cash
33	21682349	1780974788	54531.38	mall	everyday	automated	spot	all-equity	5	12000	50248.67	0.00	14.50	152	True	Reputation collapse (< 15)
34	21682349	1780974789	-780.72	mall	everyday	automated	spot	all-equity	8	15000	-5602.30	0.00	19.50	172	True	Bankruptcy: deeply negative cash
35	21682349	1780974790	46480.24	mall	everyday	automated	spot	all-equity	8	10000	42609.55	0.00	14.50	146	True	Reputation collapse (< 15)
36	21682349	1780974791	50524.09	mall	everyday	automated	spot	all-equity	5	8000	46360.79	0.00	12.50	182	True	Reputation collapse (< 15)
37	21682349	1780974792	16036.97	mall	everyday	automated	spot	all-equity	5	10000	11677.11	0.00	14.50	183	True	Reputation collapse (< 15)
38	21682349	1780974793	53146.97	mall	everyday	automated	spot	all-equity	8	12000	47714.32	0.00	14.50	201	True	Reputation collapse (< 15)
39	21682349	1780974794	68048.81	mall	everyday	automated	spot	all-equity	6	12000	63473.45	0.00	14.50	161	True	Reputation collapse (< 15)
40	21682349	1780974795	21636.53	mall	everyday	automated	spot	all-equity	8	12000	17284.98	0.00	14.50	189	True	Reputation collapse (< 15)
41	21682349	1780974796	5330.50	mall	everyday	automated	spot	all-equity	7	10000	1521.02	0.00	5.00	212	True	Reputation collapse (< 15)
42	21682349	1780974797	22119.80	mall	everyday	automated	spot	all-equity	7	15000	18438.35	0.00	14.50	132	True	Reputation collapse (< 15)
43	21682349	1780974798	16343.27	mall	everyday	automated	spot	all-equity	7	8000	11717.85	0.00	14.50	212	True	Reputation collapse (< 15)
44	21682349	1780974799	42603.95	mall	everyday	automated	spot	all-equity	7	10000	38749.40	0.00	14.00	153	True	Reputation collapse (< 15)
45	21682349	1780974800	26787.99	mall	everyday	automated	spot	all-equity	8	12000	22900.77	0.00	14.50	166	True	Reputation collapse (< 15)
46	21682349	1780974801	46874.82	mall	everyday	automated	spot	all-equity	6	12000	43794.18	0.00	14.00	105	True	Reputation collapse (< 15)
47	21682349	1780974802	17658.92	mall	everyday	automated	spot	all-equity	7	12000	13425.80	0.00	14.50	186	True	Reputation collapse (< 15)
48	21682349	1780974803	29503.42	mall	everyday	automated	spot	all-equity	8	12000	24804.27	0.00	14.50	204	True	Reputation collapse (< 15)
49	21682349	1780974804	8724.47	mall	everyday	automated	spot	all-equity	8	15000	3824.25	0.00	14.50	185	True	Reputation collapse (< 15)
50	21682349	1780974805	34995.92	mall	everyday	automated	spot	all-equity	5	10000	30838.15	0.00	14.00	167	True	Reputation collapse (< 15)
51	21682349	1780974806	44488.13	mall	everyday	automated	spot	all-equity	7	8000	39214.80	0.00	14.50	223	True	Reputation collapse (< 15)
52	21682349	1780974807	49233.38	mall	everyday	automated	spot	all-equity	8	12000	45359.12	0.00	11.00	152	True	Reputation collapse (< 15)
53	21682349	1780974808	34127.97	mall	everyday	automated	spot	all-equity	8	15000	29374.68	0.00	14.00	160	True	Reputation collapse (< 15)
54	21682349	1780974809	89005.27	mall	everyday	automated	spot	all-equity	6	10000	83520.49	0.00	14.50	181	True	Reputation collapse (< 15)
55	21682349	1780974810	64302.87	mall	everyday	automated	spot	all-equity	8	10000	60915.46	0.00	14.00	112	True	Reputation collapse (< 15)
56	21682349	1780974811	46892.21	mall	everyday	automated	spot	all-equity	8	8000	43529.38	0.00	14.50	146	True	Reputation collapse (< 15)
57	21682349	1780974812	33257.11	mall	everyday	automated	spot	all-equity	7	8000	29609.44	0.00	9.00	182	True	Reputation collapse (< 15)
58	21682349	1780974813	11097.41	mall	everyday	automated	spot	all-equity	6	12000	5621.95	0.00	14.00	230	True	Reputation collapse (< 15)
59	21682349	1780974814	406.85	mall	everyday	automated	spot	all-equity	7	15000	-5216.11	0.00	25.50	183	True	Bankruptcy: deeply negative cash
60	21682349	1780974815	46459.76	mall	everyday	automated	spot	all-equity	7	10000	42602.45	0.00	14.50	148	True	Reputation collapse (< 15)
61	21682349	1780974816	43931.77	mall	everyday	automated	spot	all-equity	5	10000	39982.43	0.00	14.50	147	True	Reputation collapse (< 15)
62	21682349	1780974817	19816.41	mall	everyday	automated	spot	all-equity	5	8000	16165.06	0.00	14.00	174	True	Reputation collapse (< 15)
63	21682349	1780974818	54713.27	mall	everyday	automated	spot	all-equity	8	12000	51373.12	0.00	14.00	118	True	Reputation collapse (< 15)
64	21682349	1780974819	10802.46	mall	everyday	automated	spot	all-equity	8	15000	7311.96	0.00	11.00	152	True	Reputation collapse (< 15)
65	21682349	1780974820	47736.02	mall	everyday	automated	spot	all-equity	6	12000	44409.22	0.00	14.00	118	True	Reputation collapse (< 15)
66	21682349	1780974821	59021.86	mall	everyday	automated	spot	all-equity	6	12000	55050.45	0.00	14.00	142	True	Reputation collapse (< 15)
67	21682349	1780974822	27771.77	mall	everyday	automated	spot	all-equity	6	15000	23473.53	0.00	14.50	154	True	Reputation collapse (< 15)
68	21682349	1780974823	36845.57	mall	everyday	automated	spot	all-equity	7	12000	33738.35	0.00	14.50	119	True	Reputation collapse (< 15)
69	21682349	1780974824	38495.75	mall	everyday	automated	spot	all-equity	7	10000	34290.79	0.00	14.00	175	True	Reputation collapse (< 15)
70	21682349	1780974825	60033.67	mall	everyday	automated	spot	all-equity	8	12000	57575.24	0.00	9.50	92	True	Reputation collapse (< 15)
71	21682349	1780974826	21133.45	mall	everyday	automated	spot	all-equity	7	15000	18072.79	0.00	14.50	104	True	Reputation collapse (< 15)
72	21682349	1780974827	21305.24	mall	everyday	automated	spot	all-equity	5	8000	17882.86	0.00	14.00	161	True	Reputation collapse (< 15)
73	21682349	1780974828	25980.24	mall	everyday	automated	spot	all-equity	5	12000	21906.46	0.00	14.50	173	True	Reputation collapse (< 15)
74	21682349	1780974829	47405.09	mall	everyday	automated	spot	all-equity	5	12000	42364.79	0.00	14.50	190	True	Reputation collapse (< 15)
75	21682349	1780974830	48045.02	mall	everyday	automated	spot	all-equity	8	10000	43530.68	0.00	14.50	169	True	Reputation collapse (< 15)
76	21682349	1780974831	23211.82	mall	everyday	automated	spot	all-equity	8	15000	18974.98	0.00	7.50	182	True	Reputation collapse (< 15)
77	21682349	1780974832	51861.80	mall	everyday	automated	spot	all-equity	5	8000	48413.77	0.00	14.50	132	True	Reputation collapse (< 15)
78	21682349	1780974833	41113.57	mall	everyday	automated	spot	all-equity	8	10000	36664.48	0.00	14.50	175	True	Reputation collapse (< 15)
79	21682349	1780974834	70139.98	mall	everyday	automated	spot	all-equity	6	12000	65560.97	0.00	14.50	157	True	Reputation collapse (< 15)
80	21682349	1780974835	-976.08	mall	everyday	automated	spot	all-equity	6	15000	-5593.19	0.00	27.00	135	True	Bankruptcy: deeply negative cash
81	21682349	1780974836	48466.60	mall	everyday	automated	spot	all-equity	6	12000	43031.46	0.00	14.50	211	True	Reputation collapse (< 15)
82	21682349	1780974837	81400.24	mall	everyday	automated	spot	all-equity	7	10000	78949.50	0.00	14.00	62	True	Reputation collapse (< 15)
83	21682349	1780974838	14030.86	mall	everyday	automated	spot	all-equity	7	12000	9789.33	0.00	14.00	185	True	Reputation collapse (< 15)
84	21682349	1780974839	45293.51	mall	everyday	automated	spot	all-equity	6	12000	41089.76	0.00	14.50	162	True	Reputation collapse (< 15)
85	21682349	1780974840	36682.98	mall	everyday	automated	spot	all-equity	8	15000	32530.54	0.00	14.00	148	True	Reputation collapse (< 15)
86	21682349	1780974841	80550.83	mall	everyday	automated	spot	all-equity	6	8000	76846.55	0.00	14.50	120	True	Reputation collapse (< 15)
87	21682349	1780974842	5995.11	mall	everyday	automated	spot	all-equity	8	12000	1654.30	0.00	7.50	212	True	Reputation collapse (< 15)
88	21682349	1780974843	-1068.92	mall	everyday	automated	spot	all-equity	8	15000	-5028.31	0.00	25.00	116	True	Bankruptcy: deeply negative cash
89	21682349	1780974844	31062.24	mall	everyday	automated	spot	all-equity	7	12000	27512.44	0.00	13.00	152	True	Reputation collapse (< 15)
90	21682349	1780974845	18742.63	mall	everyday	automated	spot	all-equity	7	12000	15720.73	0.00	9.50	152	True	Reputation collapse (< 15)
91	21682349	1780974846	19581.18	mall	everyday	automated	spot	all-equity	7	10000	15461.88	0.00	14.50	180	True	Reputation collapse (< 15)
92	21682349	1780974847	30764.44	mall	everyday	automated	spot	all-equity	8	12000	27134.61	0.00	13.00	152	True	Reputation collapse (< 15)
93	21682349	1780974848	95360.27	mall	everyday	automated	spot	all-equity	6	8000	88763.57	0.00	14.50	243	True	Reputation collapse (< 15)
94	21682349	1780974849	13372.04	mall	everyday	automated	spot	all-equity	7	12000	9746.59	0.00	14.50	160	True	Reputation collapse (< 15)
95	21682349	1780974850	7045.75	mall	everyday	automated	spot	all-equity	6	10000	2819.33	0.00	14.50	190	True	Reputation collapse (< 15)
96	21682349	1780974851	61921.57	mall	everyday	automated	spot	all-equity	8	8000	58646.30	0.00	14.50	126	True	Reputation collapse (< 15)
97	21682349	1780974852	58774.00	mall	everyday	automated	spot	all-equity	8	12000	54737.46	0.00	14.00	147	True	Reputation collapse (< 15)
98	21682349	1780974853	11930.03	mall	everyday	automated	spot	all-equity	7	15000	8982.14	0.00	14.76	126	True	Reputation collapse (< 15)
99	21682349	1780974854	-3490.47	mall	everyday	automated	spot	all-equity	6	12000	-7034.62	0.00	16.50	166	True	Bankruptcy: deeply negative cash
0	59b935a2	1780974847	-71704.43	mall	speed	automated	direct	balanced	5	10000	-5120.11	71400.00	39.00	61	True	Bankruptcy: deeply negative cash
1	59b935a2	1780974848	-117571.02	university	speed	manual	monthly	leveraged	5	10000	-5622.22	117100.00	50.00	15	True	Bankruptcy: deeply negative cash
2	59b935a2	1780974849	-113571.62	university	gourmet	manual	coop	leveraged	5	10000	-7428.04	111300.00	41.50	62	True	Bankruptcy: deeply negative cash
3	59b935a2	1780974850	-177956.85	office	gourmet	automated	direct	max-debt	5	10000	-47373.50	136600.00	60.00	2	True	Bankruptcy: deeply negative cash
4	59b935a2	1780974851	-71669.70	urban	gourmet	specialized	spot	balanced	5	10000	-8216.87	67800.00	28.50	94	True	Bankruptcy: deeply negative cash
5	59b935a2	1780974852	-227.03	university	speed	automated	monthly	all-equity	5	10000	-5854.12	0.00	28.00	242	True	Bankruptcy: deeply negative cash
6	59b935a2	1780974853	-73115.34	office	speed	specialized	coop	balanced	5	10000	-7880.56	69600.00	37.00	67	True	Bankruptcy: deeply negative cash
7	59b935a2	1780974854	-153864.98	urban	sweet	manual	monthly	max-debt	5	10000	-22481.65	136600.00	52.00	2	True	Bankruptcy: deeply negative cash
8	59b935a2	1780974855	21520.73	university	sweet	automated	monthly	all-equity	5	10000	18188.09	0.00	11.30	182	True	Reputation collapse (< 15)
9	59b935a2	1780974856	2276.02	office	everyday	specialized	coop	all-equity	5	10000	-5240.44	0.00	53.00	194	True	Bankruptcy: deeply negative cash
10	59b935a2	1780974857	-65749.37	urban	gourmet	manual	monthly	balanced	5	10000	-5000.59	66000.00	31.50	129	True	Bankruptcy: deeply negative cash
11	59b935a2	1780974858	20604.58	university	sweet	automated	monthly	all-equity	5	10000	16186.49	0.00	14.80	250	True	Reputation collapse (< 15)
12	59b935a2	1780974859	-152131.61	suburban	speed	manual	spot	max-debt	5	10000	-20641.62	136600.00	51.00	2	True	Bankruptcy: deeply negative cash
13	59b935a2	1780974860	-129129.02	office	sweet	specialized	coop	leveraged	5	10000	-16991.49	117100.00	49.50	2	True	Bankruptcy: deeply negative cash
14	59b935a2	1780974861	-126528.51	mall	everyday	specialized	coop	leveraged	5	10000	-14391.52	117100.00	49.50	2	True	Bankruptcy: deeply negative cash
15	59b935a2	1780974862	719.53	office	sweet	manual	monthly	all-equity	5	10000	-9656.73	0.00	56.50	319	True	Bankruptcy: deeply negative cash
16	59b935a2	1780974863	-118188.71	university	everyday	manual	spot	leveraged	5	10000	-6301.87	117100.00	50.50	14	True	Bankruptcy: deeply negative cash
17	59b935a2	1780974864	-176562.42	mall	gourmet	automated	spot	max-debt	5	10000	-45475.22	136600.00	55.00	2	True	Bankruptcy: deeply negative cash
18	59b935a2	1780974865	34288.07	urban	gourmet	automated	spot	all-equity	5	10000	28920.72	0.00	14.00	236	True	Reputation collapse (< 15)
19	59b935a2	1780974866	23151.10	office	gourmet	manual	monthly	all-equity	5	10000	19110.13	0.00	14.50	242	True	Reputation collapse (< 15)
20	59b935a2	1780974867	-72817.48	urban	gourmet	specialized	direct	balanced	5	10000	-8624.89	69600.00	41.50	87	True	Bankruptcy: deeply negative cash
21	59b935a2	1780974868	66098.85	urban	sweet	manual	direct	all-equity	5	10000	59831.00	0.00	14.50	264	True	Reputation collapse (< 15)
22	59b935a2	1780974869	-148928.58	mall	everyday	manual	direct	max-debt	5	10000	-17739.90	136600.00	54.00	2	True	Bankruptcy: deeply negative cash
23	59b935a2	1780974870	-73829.97	urban	speed	specialized	coop	balanced	5	10000	-9017.02	69600.00	41.50	62	True	Bankruptcy: deeply negative cash
24	59b935a2	1780974871	-121428.40	urban	everyday	manual	monthly	leveraged	5	10000	-9618.01	117100.00	51.50	13	True	Bankruptcy: deeply negative cash
25	59b935a2	1780974872	-66547.17	urban	sweet	manual	direct	balanced	5	10000	-8679.76	64200.00	38.02	162	True	Bankruptcy: deeply negative cash
26	59b935a2	1780974873	-180898.90	urban	sweet	automated	spot	max-debt	5	10000	-49866.24	136600.00	55.50	2	True	Bankruptcy: deeply negative cash
27	59b935a2	1780974874	-73048.16	office	sweet	automated	spot	balanced	5	10000	-8364.98	69600.00	41.00	62	True	Bankruptcy: deeply negative cash
28	59b935a2	1780974875	9483.96	suburban	gourmet	specialized	spot	all-equity	5	10000	-3831.44	0.00	66.50	361	True	Completed 360 days
29	59b935a2	1780974876	-125504.68	mall	gourmet	specialized	direct	leveraged	5	10000	-13628.94	117100.00	52.00	2	True	Bankruptcy: deeply negative cash
30	59b935a2	1780974877	-138287.06	office	everyday	automated	coop	leveraged	5	10000	-26803.11	117100.00	56.00	2	True	Bankruptcy: deeply negative cash
31	59b935a2	1780974878	-63587.58	suburban	speed	manual	direct	balanced	5	10000	-7989.92	64200.00	61.50	152	True	Bankruptcy: deeply negative cash
32	59b935a2	1780974879	-168672.31	office	gourmet	specialized	direct	max-debt	5	10000	-37342.14	136600.00	52.50	2	True	Bankruptcy: deeply negative cash
33	59b935a2	1780974880	-120915.60	office	speed	manual	spot	leveraged	5	10000	-8986.84	117100.00	50.00	17	True	Bankruptcy: deeply negative cash
34	59b935a2	1780974881	-59144.87	mall	sweet	manual	monthly	balanced	5	10000	726.25	64200.00	14.50	169	True	Reputation collapse (< 15)
35	59b935a2	1780974882	-178614.72	office	everyday	automated	coop	max-debt	5	10000	-47630.77	136600.00	56.00	2	True	Bankruptcy: deeply negative cash
36	59b935a2	1780974883	-117270.35	suburban	everyday	manual	direct	leveraged	5	10000	-8728.73	114200.00	52.00	32	True	Bankruptcy: deeply negative cash
37	59b935a2	1780974884	-71233.21	urban	gourmet	automated	spot	balanced	5	10000	-10098.15	67800.00	49.00	92	True	Bankruptcy: deeply negative cash
38	59b935a2	1780974885	-137107.23	university	gourmet	automated	spot	leveraged	5	10000	-25223.42	117100.00	52.00	2	True	Bankruptcy: deeply negative cash
39	59b935a2	1780974886	-130142.45	office	speed	specialized	spot	leveraged	5	10000	-17955.72	117100.00	49.00	2	True	Bankruptcy: deeply negative cash
40	59b935a2	1780974887	84738.05	mall	everyday	automated	monthly	all-equity	5	10000	80548.31	0.00	8.00	152	True	Reputation collapse (< 15)
41	59b935a2	1780974888	-138599.63	office	gourmet	automated	monthly	leveraged	5	10000	-27162.67	117100.00	56.50	2	True	Bankruptcy: deeply negative cash
42	59b935a2	1780974889	-138238.79	suburban	everyday	automated	coop	leveraged	5	10000	-26450.09	117100.00	53.00	2	True	Bankruptcy: deeply negative cash
43	59b935a2	1780974890	-116110.02	university	sweet	manual	monthly	leveraged	5	10000	-7234.28	114200.00	48.50	32	True	Bankruptcy: deeply negative cash
44	59b935a2	1780974891	88892.53	mall	sweet	specialized	direct	all-equity	5	10000	84492.70	0.00	14.50	167	True	Reputation collapse (< 15)
45	59b935a2	1780974892	-153161.78	urban	sweet	manual	coop	max-debt	5	10000	-21788.50	136600.00	52.00	2	True	Bankruptcy: deeply negative cash
46	59b935a2	1780974893	-66433.74	mall	speed	automated	spot	balanced	5	10000	-5836.96	66000.00	25.50	122	True	Bankruptcy: deeply negative cash
47	59b935a2	1780974894	69777.93	mall	everyday	automated	coop	all-equity	5	10000	66049.07	0.00	14.00	126	True	Reputation collapse (< 15)
48	59b935a2	1780974895	26539.76	urban	sweet	specialized	coop	all-equity	5	10000	21989.48	0.00	13.00	212	True	Reputation collapse (< 15)
49	59b935a2	1780974896	-66108.74	office	gourmet	automated	direct	balanced	5	10000	-5467.42	67800.00	56.02	101	True	Bankruptcy: deeply negative cash
50	59b935a2	1780974897	-118231.69	urban	speed	manual	monthly	leveraged	5	10000	-6002.08	117100.00	46.50	14	True	Bankruptcy: deeply negative cash
51	59b935a2	1780974898	-154320.45	urban	speed	manual	coop	max-debt	5	10000	-22883.27	136600.00	51.50	2	True	Bankruptcy: deeply negative cash
52	59b935a2	1780974899	-698.80	office	sweet	automated	monthly	all-equity	5	10000	-5504.47	0.00	24.50	216	True	Bankruptcy: deeply negative cash
53	59b935a2	1780974900	-179061.25	office	speed	automated	spot	max-debt	5	10000	-48025.41	136600.00	55.50	2	True	Bankruptcy: deeply negative cash
54	59b935a2	1780974901	-3150.84	office	sweet	specialized	monthly	all-equity	5	10000	-7505.05	0.00	20.20	223	True	Bankruptcy: deeply negative cash
55	59b935a2	1780974902	-67928.33	mall	speed	specialized	direct	balanced	5	10000	-6914.00	66000.00	27.00	122	True	Bankruptcy: deeply negative cash
56	59b935a2	1780974903	-151714.44	office	speed	manual	monthly	max-debt	5	10000	-20383.61	136600.00	52.50	2	True	Bankruptcy: deeply negative cash
57	59b935a2	1780974904	-64830.65	suburban	gourmet	specialized	direct	balanced	5	10000	-5011.01	67800.00	61.00	108	True	Bankruptcy: deeply negative cash
58	59b935a2	1780974905	-176127.33	mall	gourmet	automated	monthly	max-debt	5	10000	-45144.74	136600.00	56.00	2	True	Bankruptcy: deeply negative cash
59	59b935a2	1780974906	-176362.66	university	speed	automated	coop	max-debt	5	10000	-45030.18	136600.00	52.50	2	True	Bankruptcy: deeply negative cash
60	59b935a2	1780974907	-980.06	urban	everyday	manual	spot	all-equity	5	10000	-5342.77	0.00	15.00	228	True	Bankruptcy: deeply negative cash
61	59b935a2	1780974908	-178681.97	office	everyday	automated	coop	max-debt	5	10000	-47396.53	136600.00	53.00	2	True	Bankruptcy: deeply negative cash
62	59b935a2	1780974909	-116699.94	university	sweet	manual	coop	leveraged	5	10000	-7840.93	114200.00	43.50	61	True	Bankruptcy: deeply negative cash
63	59b935a2	1780974910	-138553.78	office	sweet	automated	coop	leveraged	5	10000	-27015.94	117100.00	55.50	2	True	Bankruptcy: deeply negative cash
64	59b935a2	1780974911	47506.16	urban	speed	manual	spot	all-equity	5	10000	42439.92	0.00	14.50	215	True	Reputation collapse (< 15)
65	59b935a2	1780974912	-1710.20	office	gourmet	specialized	coop	all-equity	5	10000	-8649.28	0.00	42.00	242	True	Bankruptcy: deeply negative cash
66	59b935a2	1780974913	-69158.50	office	everyday	specialized	monthly	balanced	5	10000	-5303.34	69600.00	47.50	85	True	Bankruptcy: deeply negative cash
67	59b935a2	1780974914	-166140.38	university	sweet	specialized	direct	max-debt	5	10000	-34759.66	136600.00	52.00	2	True	Bankruptcy: deeply negative cash
68	59b935a2	1780974915	-70813.94	mall	speed	automated	coop	balanced	5	10000	-7482.19	67800.00	25.50	96	True	Bankruptcy: deeply negative cash
69	59b935a2	1780974916	-6032.53	office	speed	manual	direct	all-equity	5	10000	-9205.32	0.00	16.00	229	True	Bankruptcy: deeply negative cash
70	59b935a2	1780974917	-46424.85	mall	gourmet	manual	coop	balanced	5	10000	10987.60	62400.00	14.00	182	True	Reputation collapse (< 15)
71	59b935a2	1780974918	-35248.87	mall	gourmet	manual	coop	balanced	5	10000	24120.97	64200.00	14.50	161	True	Reputation collapse (< 15)
72	59b935a2	1780974919	-117422.77	university	speed	manual	spot	leveraged	5	10000	-5198.13	117100.00	47.00	14	True	Bankruptcy: deeply negative cash
73	59b935a2	1780974920	910.99	office	sweet	automated	monthly	all-equity	5	10000	-5132.15	0.00	33.50	209	True	Bankruptcy: deeply negative cash
74	59b935a2	1780974921	-116520.29	university	sweet	manual	coop	leveraged	5	10000	-7322.79	114200.00	45.50	32	True	Bankruptcy: deeply negative cash
75	59b935a2	1780974922	-67529.65	office	gourmet	automated	direct	balanced	5	10000	-5057.83	69600.00	61.50	78	True	Bankruptcy: deeply negative cash
76	59b935a2	1780974923	-72888.90	university	sweet	automated	coop	balanced	5	10000	-8513.39	69600.00	43.50	62	True	Bankruptcy: deeply negative cash
77	59b935a2	1780974924	2317.23	suburban	everyday	automated	direct	all-equity	5	10000	-7491.62	0.00	70.00	212	True	Bankruptcy: deeply negative cash
78	59b935a2	1780974925	-117974.99	university	speed	manual	coop	leveraged	5	10000	-7778.47	114200.00	35.50	32	True	Bankruptcy: deeply negative cash
79	59b935a2	1780974926	-128673.78	suburban	gourmet	specialized	coop	leveraged	5	10000	-16288.14	117100.00	47.00	2	True	Bankruptcy: deeply negative cash
80	59b935a2	1780974927	-137566.66	suburban	sweet	automated	direct	leveraged	5	10000	-26032.49	117100.00	55.50	2	True	Bankruptcy: deeply negative cash
81	59b935a2	1780974928	-69610.31	office	sweet	automated	direct	balanced	5	10000	-5494.73	69600.00	47.00	63	True	Bankruptcy: deeply negative cash
82	59b935a2	1780974929	-126315.94	mall	everyday	specialized	monthly	leveraged	5	10000	-14235.53	117100.00	50.00	2	True	Bankruptcy: deeply negative cash
83	59b935a2	1780974930	-178206.58	office	gourmet	automated	coop	max-debt	5	10000	-47224.93	136600.00	56.00	2	True	Bankruptcy: deeply negative cash
84	59b935a2	1780974931	-67622.54	urban	sweet	manual	direct	balanced	5	10000	-6285.94	67800.00	45.00	117	True	Bankruptcy: deeply negative cash
85	59b935a2	1780974932	-62350.94	suburban	sweet	manual	coop	balanced	5	10000	-5000.70	64200.00	41.14	164	True	Bankruptcy: deeply negative cash
86	59b935a2	1780974933	-117246.28	mall	gourmet	manual	spot	leveraged	5	10000	-9983.51	111300.00	25.00	72	True	Bankruptcy: deeply negative cash
87	59b935a2	1780974934	-149206.93	mall	speed	manual	coop	max-debt	5	10000	-17772.33	136600.00	51.50	2	True	Bankruptcy: deeply negative cash
88	59b935a2	1780974935	-169577.85	suburban	speed	specialized	spot	max-debt	5	10000	-37588.39	136600.00	46.00	2	True	Bankruptcy: deeply negative cash
89	59b935a2	1780974936	-62083.28	suburban	everyday	manual	coop	balanced	5	10000	-5000.49	66000.00	66.00	148	True	Bankruptcy: deeply negative cash
90	59b935a2	1780974937	-170684.06	urban	gourmet	specialized	coop	max-debt	5	10000	-39104.81	136600.00	50.00	2	True	Bankruptcy: deeply negative cash
91	59b935a2	1780974938	-139581.10	urban	everyday	automated	direct	leveraged	5	10000	-28352.89	117100.00	58.50	2	True	Bankruptcy: deeply negative cash
92	59b935a2	1780974939	-69571.18	suburban	gourmet	specialized	monthly	balanced	5	10000	-7614.14	67800.00	46.00	92	True	Bankruptcy: deeply negative cash
93	59b935a2	1780974940	-126252.19	mall	everyday	specialized	direct	leveraged	5	10000	-14369.46	117100.00	52.00	2	True	Bankruptcy: deeply negative cash
94	59b935a2	1780974941	-70551.32	urban	sweet	automated	coop	balanced	5	10000	-5193.81	69600.00	33.84	64	True	Bankruptcy: deeply negative cash
95	59b935a2	1780974942	51847.31	mall	everyday	specialized	coop	all-equity	5	10000	48690.42	0.00	14.50	126	True	Reputation collapse (< 15)
96	59b935a2	1780974943	-111673.60	mall	gourmet	manual	spot	leveraged	5	10000	-5294.12	111300.00	33.40	66	True	Bankruptcy: deeply negative cash
97	59b935a2	1780974944	-70279.85	suburban	everyday	automated	coop	balanced	5	10000	-5224.80	71400.00	58.00	46	True	Bankruptcy: deeply negative cash
98	59b935a2	1780974945	-166400.50	mall	everyday	specialized	coop	max-debt	5	10000	-34765.31	136600.00	49.50	2	True	Bankruptcy: deeply negative cash
99	59b935a2	1780974946	-168514.79	suburban	sweet	specialized	monthly	max-debt	5	10000	-36985.74	136600.00	50.50	2	True	Bankruptcy: deeply negative cash
100	59b935a2	1780974947	53274.79	mall	gourmet	specialized	monthly	all-equity	5	10000	50350.80	0.00	12.00	122	True	Reputation collapse (< 15)
101	59b935a2	1780974948	43946.32	mall	everyday	specialized	spot	all-equity	5	10000	40850.78	0.00	14.50	126	True	Reputation collapse (< 15)
102	59b935a2	1780974949	105043.91	university	sweet	manual	direct	all-equity	5	10000	101580.23	0.00	14.64	125	True	Reputation collapse (< 15)
103	59b935a2	1780974950	-64454.79	university	speed	manual	coop	balanced	5	10000	-5213.02	64200.00	24.00	167	True	Bankruptcy: deeply negative cash
104	59b935a2	1780974951	-129154.72	office	sweet	specialized	monthly	leveraged	5	10000	-16824.53	117100.00	47.50	2	True	Bankruptcy: deeply negative cash
105	59b935a2	1780974952	-175565.58	mall	gourmet	automated	coop	max-debt	5	10000	-44535.18	136600.00	55.50	2	True	Bankruptcy: deeply negative cash
106	59b935a2	1780974953	-67407.74	office	speed	specialized	coop	balanced	5	10000	-5786.52	67800.00	50.56	92	True	Bankruptcy: deeply negative cash
107	59b935a2	1780974954	86539.83	mall	sweet	specialized	monthly	all-equity	5	10000	82087.38	0.00	14.50	155	True	Reputation collapse (< 15)
108	59b935a2	1780974955	-150199.75	mall	everyday	manual	coop	max-debt	5	10000	-17765.29	136600.00	41.50	2	True	Bankruptcy: deeply negative cash
109	59b935a2	1780974956	1498.72	office	sweet	automated	coop	all-equity	5	10000	-7454.37	0.00	59.50	236	True	Bankruptcy: deeply negative cash
110	59b935a2	1780974957	-149141.80	mall	gourmet	manual	monthly	max-debt	5	10000	-17760.88	136600.00	52.00	2	True	Bankruptcy: deeply negative cash
111	59b935a2	1780974958	-68714.51	suburban	gourmet	automated	direct	balanced	5	10000	-8479.11	67800.00	60.50	92	True	Bankruptcy: deeply negative cash
112	59b935a2	1780974959	100046.35	mall	everyday	manual	coop	all-equity	5	10000	96327.10	0.00	14.00	122	True	Reputation collapse (< 15)
113	59b935a2	1780974960	73044.40	university	speed	manual	coop	all-equity	5	10000	70384.36	0.00	13.50	122	True	Reputation collapse (< 15)
114	59b935a2	1780974961	-154486.28	urban	gourmet	manual	spot	max-debt	5	10000	-23057.52	136600.00	51.50	2	True	Bankruptcy: deeply negative cash
115	59b935a2	1780974962	4219.66	office	sweet	automated	direct	all-equity	5	10000	-6972.95	0.00	70.00	272	True	Bankruptcy: deeply negative cash
116	59b935a2	1780974963	-120248.36	university	speed	manual	spot	leveraged	5	10000	-7102.99	117100.00	38.00	16	True	Bankruptcy: deeply negative cash
117	59b935a2	1780974964	-168442.09	office	everyday	specialized	direct	max-debt	5	10000	-37108.41	136600.00	52.50	2	True	Bankruptcy: deeply negative cash
118	59b935a2	1780974965	-136521.75	university	gourmet	automated	monthly	leveraged	5	10000	-25039.27	117100.00	56.00	2	True	Bankruptcy: deeply negative cash
119	59b935a2	1780974966	-3098.51	urban	gourmet	specialized	monthly	all-equity	5	10000	-7591.25	0.00	22.00	182	True	Bankruptcy: deeply negative cash
120	59b935a2	1780974967	19272.93	urban	gourmet	automated	coop	all-equity	5	10000	12384.95	0.00	13.00	302	True	Reputation collapse (< 15)
121	59b935a2	1780974968	-138523.41	suburban	sweet	automated	spot	leveraged	5	10000	-26937.51	117100.00	55.00	2	True	Bankruptcy: deeply negative cash
122	59b935a2	1780974969	-70984.73	urban	sweet	specialized	coop	balanced	5	10000	-5048.76	69600.00	26.76	82	True	Bankruptcy: deeply negative cash
123	59b935a2	1780974970	-176619.50	university	everyday	automated	coop	max-debt	5	10000	-45282.51	136600.00	52.50	2	True	Bankruptcy: deeply negative cash
124	59b935a2	1780974971	-113542.50	suburban	sweet	manual	monthly	leveraged	5	10000	-7216.47	111300.00	38.00	62	True	Bankruptcy: deeply negative cash
125	59b935a2	1780974972	-178868.09	office	everyday	automated	coop	max-debt	5	10000	-47529.62	136600.00	52.50	2	True	Bankruptcy: deeply negative cash
126	59b935a2	1780974973	-151265.13	office	everyday	manual	direct	max-debt	5	10000	-19836.51	136600.00	51.50	2	True	Bankruptcy: deeply negative cash
127	59b935a2	1780974974	-71811.69	urban	gourmet	specialized	spot	balanced	5	10000	-5065.31	71400.00	39.00	55	True	Bankruptcy: deeply negative cash
128	59b935a2	1780974975	-134838.84	mall	sweet	automated	direct	leveraged	5	10000	-23613.42	117100.00	58.50	2	True	Bankruptcy: deeply negative cash
129	59b935a2	1780974976	-69462.16	mall	gourmet	automated	monthly	balanced	5	10000	-5112.36	67800.00	16.50	104	True	Bankruptcy: deeply negative cash
130	59b935a2	1780974977	-68312.36	university	sweet	manual	spot	balanced	5	10000	-5742.41	67800.00	38.50	99	True	Bankruptcy: deeply negative cash
131	59b935a2	1780974978	50435.62	urban	speed	specialized	monthly	all-equity	5	10000	46962.10	0.00	14.00	152	True	Reputation collapse (< 15)
132	59b935a2	1780974979	-72060.98	university	gourmet	specialized	spot	balanced	5	10000	-8596.86	67800.00	30.50	95	True	Bankruptcy: deeply negative cash
133	59b935a2	1780974980	-64413.11	university	everyday	manual	monthly	balanced	5	10000	-5472.77	64200.00	28.00	154	True	Bankruptcy: deeply negative cash
134	59b935a2	1780974981	-117856.59	office	speed	manual	direct	leveraged	5	10000	-6193.55	117100.00	52.50	18	True	Bankruptcy: deeply negative cash
135	59b935a2	1780974982	-67474.91	suburban	everyday	automated	coop	balanced	5	10000	-5146.13	69600.00	61.66	78	True	Bankruptcy: deeply negative cash
136	59b935a2	1780974983	-178219.21	office	speed	automated	coop	max-debt	5	10000	-47237.13	136600.00	56.00	2	True	Bankruptcy: deeply negative cash
137	59b935a2	1780974984	-136665.74	university	sweet	automated	monthly	leveraged	5	10000	-25182.48	117100.00	56.00	2	True	Bankruptcy: deeply negative cash
138	59b935a2	1780974985	6040.91	suburban	gourmet	automated	monthly	all-equity	5	10000	-5065.97	0.00	74.00	240	True	Bankruptcy: deeply negative cash
139	59b935a2	1780974986	-63864.94	office	sweet	manual	direct	balanced	5	10000	-5031.65	66000.00	51.00	134	True	Bankruptcy: deeply negative cash
140	59b935a2	1780974987	2409.29	university	gourmet	automated	direct	all-equity	5	10000	-5023.85	0.00	29.00	304	True	Bankruptcy: deeply negative cash
141	59b935a2	1780974988	87594.62	mall	sweet	manual	spot	all-equity	5	10000	83376.41	0.00	14.50	154	True	Reputation collapse (< 15)
142	59b935a2	1780974989	-127274.16	university	speed	specialized	coop	leveraged	5	10000	-14836.28	117100.00	46.50	2	True	Bankruptcy: deeply negative cash
143	59b935a2	1780974990	-167182.74	mall	speed	specialized	spot	max-debt	5	10000	-35495.67	136600.00	49.00	2	True	Bankruptcy: deeply negative cash
144	59b935a2	1780974991	-135538.79	mall	gourmet	automated	monthly	leveraged	5	10000	-24062.39	117100.00	56.00	2	True	Bankruptcy: deeply negative cash
145	59b935a2	1780974992	7433.64	suburban	gourmet	specialized	coop	all-equity	5	10000	-5065.98	0.00	65.84	351	True	Bankruptcy: deeply negative cash
146	59b935a2	1780974993	27856.40	office	sweet	manual	spot	all-equity	5	10000	23774.42	0.00	9.00	272	True	Reputation collapse (< 15)
147	59b935a2	1780974994	-170492.57	urban	gourmet	specialized	direct	max-debt	5	10000	-39108.52	136600.00	52.00	2	True	Bankruptcy: deeply negative cash
148	59b935a2	1780974995	16783.34	university	speed	specialized	direct	all-equity	5	10000	11700.32	0.00	14.50	278	True	Reputation collapse (< 15)
149	59b935a2	1780974996	4089.45	office	sweet	specialized	direct	all-equity	5	10000	-5236.10	0.00	41.00	343	True	Bankruptcy: deeply negative cash
150	59b935a2	1780974997	-129490.51	office	gourmet	specialized	coop	leveraged	5	10000	-17052.31	117100.00	46.50	2	True	Bankruptcy: deeply negative cash
151	59b935a2	1780974998	-137982.18	suburban	everyday	automated	monthly	leveraged	5	10000	-26546.10	117100.00	56.50	2	True	Bankruptcy: deeply negative cash
152	59b935a2	1780974999	-66073.72	university	speed	specialized	coop	balanced	5	10000	-5185.52	66000.00	31.50	124	True	Bankruptcy: deeply negative cash
153	59b935a2	1780975000	6863.34	suburban	speed	manual	coop	all-equity	5	10000	-7516.23	0.00	86.50	332	True	Bankruptcy: deeply negative cash
154	59b935a2	1780975001	-129683.18	suburban	sweet	specialized	monthly	leveraged	5	10000	-16596.11	117100.00	40.00	2	True	Bankruptcy: deeply negative cash
155	59b935a2	1780975002	19808.58	urban	gourmet	manual	monthly	all-equity	5	10000	15474.62	0.00	12.00	212	True	Reputation collapse (< 15)
156	59b935a2	1780975003	61217.14	university	speed	specialized	coop	all-equity	5	10000	57950.57	0.00	14.00	131	True	Reputation collapse (< 15)
157	59b935a2	1780975004	-176000.77	university	gourmet	automated	direct	max-debt	5	10000	-44916.56	136600.00	55.00	2	True	Bankruptcy: deeply negative cash
158	59b935a2	1780975005	-166291.14	mall	gourmet	specialized	monthly	max-debt	5	10000	-34913.36	136600.00	52.00	2	True	Bankruptcy: deeply negative cash
159	59b935a2	1780975006	-149657.86	mall	speed	manual	spot	max-debt	5	10000	-18176.81	136600.00	51.00	2	True	Bankruptcy: deeply negative cash
160	59b935a2	1780975007	-129533.19	office	sweet	specialized	monthly	leveraged	5	10000	-17146.56	117100.00	47.00	2	True	Bankruptcy: deeply negative cash
161	59b935a2	1780975008	-71598.10	university	everyday	automated	spot	balanced	5	10000	-7252.71	69600.00	45.50	62	True	Bankruptcy: deeply negative cash
162	59b935a2	1780975009	-69652.91	urban	speed	specialized	spot	balanced	5	10000	-5184.87	69600.00	41.78	72	True	Bankruptcy: deeply negative cash
163	59b935a2	1780975010	-65566.18	suburban	speed	automated	direct	balanced	5	10000	-5943.51	67800.00	66.50	92	True	Bankruptcy: deeply negative cash
164	59b935a2	1780975011	53710.13	mall	everyday	automated	monthly	all-equity	5	10000	48854.97	0.00	14.50	187	True	Reputation collapse (< 15)
165	59b935a2	1780975012	-117305.07	suburban	gourmet	manual	spot	leveraged	5	10000	-8984.10	114200.00	53.50	32	True	Bankruptcy: deeply negative cash
166	59b935a2	1780975013	-72503.75	mall	everyday	automated	monthly	balanced	5	10000	-7848.07	69600.00	32.50	91	True	Bankruptcy: deeply negative cash
167	59b935a2	1780975014	103286.39	mall	gourmet	automated	coop	all-equity	5	10000	98545.49	0.00	14.50	134	True	Reputation collapse (< 15)
168	59b935a2	1780975015	-152209.22	office	everyday	manual	monthly	max-debt	5	10000	-20825.55	136600.00	52.00	2	True	Bankruptcy: deeply negative cash
169	59b935a2	1780975016	-60978.73	suburban	sweet	specialized	monthly	balanced	5	10000	-5873.30	64200.00	61.50	152	True	Bankruptcy: deeply negative cash
170	59b935a2	1780975017	-129868.44	office	speed	specialized	spot	leveraged	5	10000	-17679.16	117100.00	49.00	2	True	Bankruptcy: deeply negative cash
171	59b935a2	1780975018	-178042.72	suburban	everyday	automated	coop	max-debt	5	10000	-47009.20	136600.00	55.50	2	True	Bankruptcy: deeply negative cash
172	59b935a2	1780975019	78934.95	mall	speed	specialized	spot	all-equity	5	10000	75243.08	0.00	14.50	127	True	Reputation collapse (< 15)
173	59b935a2	1780975020	-69913.66	suburban	speed	automated	coop	balanced	5	10000	-8994.71	67800.00	55.00	92	True	Bankruptcy: deeply negative cash
174	59b935a2	1780975021	-170776.75	urban	gourmet	specialized	monthly	max-debt	5	10000	-39248.27	136600.00	50.50	2	True	Bankruptcy: deeply negative cash
175	59b935a2	1780975022	-53246.32	mall	speed	specialized	monthly	balanced	5	10000	13473.39	69600.00	14.50	77	True	Reputation collapse (< 15)
176	59b935a2	1780975023	-71279.10	suburban	speed	automated	monthly	balanced	5	10000	-6024.61	71400.00	56.00	51	True	Bankruptcy: deeply negative cash
177	59b935a2	1780975024	-180380.61	urban	everyday	automated	coop	max-debt	5	10000	-49597.51	136600.00	58.00	2	True	Bankruptcy: deeply negative cash
178	59b935a2	1780975025	-180165.03	urban	gourmet	automated	coop	max-debt	5	10000	-49183.48	136600.00	56.00	2	True	Bankruptcy: deeply negative cash
179	59b935a2	1780975026	-172045.78	urban	gourmet	specialized	spot	max-debt	5	10000	-40359.08	136600.00	49.00	2	True	Bankruptcy: deeply negative cash
180	59b935a2	1780975027	-69651.68	university	speed	automated	spot	balanced	5	10000	-5056.03	69600.00	42.50	62	True	Bankruptcy: deeply negative cash
181	59b935a2	1780975028	-71757.45	office	everyday	automated	coop	balanced	5	10000	-6825.76	71400.00	58.50	59	True	Bankruptcy: deeply negative cash
182	59b935a2	1780975029	1249.19	university	sweet	automated	monthly	all-equity	5	10000	-4255.55	0.00	14.50	290	True	Reputation collapse (< 15)
183	59b935a2	1780975030	-135896.54	mall	sweet	automated	monthly	leveraged	5	10000	-24418.65	117100.00	56.00	2	True	Bankruptcy: deeply negative cash
184	59b935a2	1780975031	-180245.60	urban	sweet	automated	coop	max-debt	5	10000	-49270.49	136600.00	56.00	2	True	Bankruptcy: deeply negative cash
185	59b935a2	1780975032	-68157.67	university	sweet	specialized	direct	balanced	5	10000	-5175.06	67800.00	29.50	113	True	Bankruptcy: deeply negative cash
186	59b935a2	1780975033	-115370.15	suburban	gourmet	manual	coop	leveraged	5	10000	-7274.90	114200.00	56.00	32	True	Bankruptcy: deeply negative cash
187	59b935a2	1780975034	-178208.24	suburban	sweet	automated	coop	max-debt	5	10000	-47220.50	136600.00	56.00	2	True	Bankruptcy: deeply negative cash
188	59b935a2	1780975035	-116604.22	university	gourmet	manual	coop	leveraged	5	10000	-7437.31	114200.00	45.50	32	True	Bankruptcy: deeply negative cash
189	59b935a2	1780975036	-6081.74	university	speed	manual	monthly	all-equity	5	10000	-10362.54	0.00	13.50	302	True	Reputation collapse (< 15)
190	59b935a2	1780975037	-178405.83	suburban	speed	automated	coop	max-debt	5	10000	-47064.84	136600.00	52.50	2	True	Bankruptcy: deeply negative cash
191	59b935a2	1780975038	-178110.86	office	gourmet	automated	direct	max-debt	5	10000	-47329.12	136600.00	58.00	2	True	Bankruptcy: deeply negative cash
192	59b935a2	1780975039	-71515.58	office	speed	manual	coop	balanced	5	10000	-9375.46	67800.00	45.50	105	True	Bankruptcy: deeply negative cash
193	59b935a2	1780975040	103312.51	mall	sweet	specialized	coop	all-equity	5	10000	98792.41	0.00	11.50	152	True	Reputation collapse (< 15)
194	59b935a2	1780975041	-71024.06	suburban	gourmet	specialized	monthly	balanced	5	10000	-7862.10	67800.00	35.06	92	True	Bankruptcy: deeply negative cash
195	59b935a2	1780975042	8652.34	suburban	sweet	specialized	coop	all-equity	5	10000	-5111.31	0.00	77.50	334	True	Bankruptcy: deeply negative cash
196	59b935a2	1780975043	-64718.49	office	gourmet	manual	spot	balanced	5	10000	-5506.36	66000.00	49.00	133	True	Bankruptcy: deeply negative cash
197	59b935a2	1780975044	-67752.16	urban	gourmet	specialized	monthly	balanced	5	10000	-5347.38	67800.00	39.44	94	True	Bankruptcy: deeply negative cash
198	59b935a2	1780975045	-118542.88	urban	speed	manual	coop	leveraged	5	10000	-6426.58	117100.00	48.00	13	True	Bankruptcy: deeply negative cash
199	59b935a2	1780975046	-128562.55	suburban	gourmet	specialized	coop	leveraged	5	10000	-16479.62	117100.00	50.00	2	True	Bankruptcy: deeply negative cash
0	a15e3211	1780976218	6126.07	suburban	sweet	automated	monthly	all-equity	8	8000	-5834.20	0.00	66.56	353	True	Bankruptcy: deeply negative cash
1	a15e3211	1780976219	19743.01	suburban	sweet	automated	monthly	all-equity	7	15000	3059.63	0.00	89.00	361	True	Completed 360 days
2	a15e3211	1780976220	6633.05	suburban	sweet	automated	monthly	all-equity	7	8000	-7534.24	0.00	89.50	344	True	Bankruptcy: deeply negative cash
3	a15e3211	1780976221	6301.11	suburban	sweet	automated	monthly	all-equity	6	15000	-5198.31	0.00	75.50	233	True	Bankruptcy: deeply negative cash
4	a15e3211	1780976222	4387.52	suburban	sweet	automated	monthly	all-equity	5	8000	-7134.28	0.00	63.50	322	True	Bankruptcy: deeply negative cash
5	a15e3211	1780976223	35700.90	suburban	sweet	automated	monthly	all-equity	7	10000	21610.55	0.00	68.50	361	True	Completed 360 days
6	a15e3211	1780976224	27368.47	suburban	sweet	automated	monthly	all-equity	6	8000	18194.51	0.00	39.00	361	True	Completed 360 days
7	a15e3211	1780976225	5577.25	suburban	sweet	automated	monthly	all-equity	7	15000	-5105.95	0.00	74.50	193	True	Bankruptcy: deeply negative cash
8	a15e3211	1780976226	44677.30	suburban	sweet	automated	monthly	all-equity	8	8000	30267.06	0.00	78.04	361	True	Completed 360 days
9	a15e3211	1780976227	15018.82	suburban	sweet	automated	monthly	all-equity	5	8000	808.25	0.00	80.00	361	True	Completed 360 days
10	a15e3211	1780976228	7125.83	suburban	sweet	automated	monthly	all-equity	5	12000	-5006.52	0.00	79.50	241	True	Bankruptcy: deeply negative cash
11	a15e3211	1780976229	3055.75	suburban	sweet	automated	monthly	all-equity	7	12000	-5270.09	0.00	46.00	269	True	Bankruptcy: deeply negative cash
12	a15e3211	1780976230	15476.98	suburban	sweet	automated	monthly	all-equity	5	8000	3767.00	0.00	58.52	361	True	Completed 360 days
13	a15e3211	1780976231	7661.37	suburban	sweet	automated	monthly	all-equity	7	8000	-6083.30	0.00	83.50	337	True	Bankruptcy: deeply negative cash
14	a15e3211	1780976232	6667.86	suburban	sweet	automated	monthly	all-equity	5	10000	-5673.72	0.00	72.30	302	True	Bankruptcy: deeply negative cash
15	a15e3211	1780976233	57627.26	suburban	sweet	automated	monthly	all-equity	6	8000	44102.32	0.00	68.00	361	True	Completed 360 days
16	a15e3211	1780976234	3727.50	suburban	sweet	automated	monthly	all-equity	7	12000	-8239.41	0.00	81.50	242	True	Bankruptcy: deeply negative cash
17	a15e3211	1780976235	-83.66	suburban	sweet	automated	monthly	all-equity	6	15000	-7487.69	0.00	49.50	182	True	Bankruptcy: deeply negative cash
18	a15e3211	1780976236	31182.18	suburban	sweet	automated	monthly	all-equity	7	12000	15472.65	0.00	82.50	361	True	Completed 360 days
19	a15e3211	1780976237	3790.37	suburban	sweet	automated	monthly	all-equity	8	15000	-6262.95	0.00	56.50	242	True	Bankruptcy: deeply negative cash
20	a15e3211	1780976238	-722.06	suburban	sweet	automated	monthly	all-equity	8	12000	-7281.66	0.00	45.50	182	True	Bankruptcy: deeply negative cash
21	a15e3211	1780976239	43653.87	suburban	sweet	automated	monthly	all-equity	6	8000	30070.77	0.00	69.50	361	True	Completed 360 days
22	a15e3211	1780976240	1205.65	suburban	sweet	automated	monthly	all-equity	5	15000	-7214.13	0.00	56.00	182	True	Bankruptcy: deeply negative cash
23	a15e3211	1780976241	63388.64	suburban	sweet	automated	monthly	all-equity	8	12000	46720.05	0.00	83.00	361	True	Completed 360 days
24	a15e3211	1780976242	59149.25	suburban	sweet	automated	monthly	all-equity	7	12000	42402.31	0.00	85.00	361	True	Completed 360 days
25	a15e3211	1780976243	25261.13	suburban	sweet	automated	monthly	all-equity	7	12000	11870.98	0.00	64.50	361	True	Completed 360 days
26	a15e3211	1780976244	5481.79	suburban	sweet	automated	monthly	all-equity	6	10000	-5318.92	0.00	64.50	277	True	Bankruptcy: deeply negative cash
27	a15e3211	1780976245	5918.02	suburban	sweet	automated	monthly	all-equity	7	10000	-9085.44	0.00	80.00	360	True	Bankruptcy: deeply negative cash
28	a15e3211	1780976246	2708.76	suburban	sweet	automated	monthly	all-equity	5	15000	-6280.57	0.00	65.00	182	True	Bankruptcy: deeply negative cash
29	a15e3211	1780976247	8596.24	suburban	sweet	automated	monthly	all-equity	7	12000	-6647.27	0.00	88.50	333	True	Bankruptcy: deeply negative cash
30	a15e3211	1780976248	31925.22	suburban	sweet	automated	monthly	all-equity	5	8000	18664.78	0.00	69.60	361	True	Completed 360 days
31	a15e3211	1780976249	5392.86	suburban	sweet	automated	monthly	all-equity	8	15000	-5160.24	0.00	70.50	208	True	Bankruptcy: deeply negative cash
32	a15e3211	1780976250	9140.16	suburban	sweet	automated	monthly	all-equity	5	15000	-5159.63	0.00	71.00	357	True	Bankruptcy: deeply negative cash
33	a15e3211	1780976251	5679.48	suburban	sweet	automated	monthly	all-equity	8	15000	-5168.92	0.00	73.00	195	True	Bankruptcy: deeply negative cash
34	a15e3211	1780976252	8900.83	suburban	sweet	automated	monthly	all-equity	6	12000	-3368.11	0.00	57.48	361	True	Completed 360 days
35	a15e3211	1780976253	13226.24	suburban	sweet	automated	monthly	all-equity	8	8000	-270.00	0.00	76.10	361	True	Completed 360 days
36	a15e3211	1780976254	972.99	suburban	sweet	automated	monthly	all-equity	8	10000	-8021.71	0.00	62.00	212	True	Bankruptcy: deeply negative cash
37	a15e3211	1780976255	16609.25	suburban	sweet	automated	monthly	all-equity	6	12000	894.45	0.00	81.50	361	True	Completed 360 days
38	a15e3211	1780976256	28961.08	suburban	sweet	automated	monthly	all-equity	5	8000	18685.29	0.00	48.00	361	True	Completed 360 days
39	a15e3211	1780976257	33347.18	suburban	sweet	automated	monthly	all-equity	5	10000	18809.63	0.00	75.50	361	True	Completed 360 days
40	a15e3211	1780976258	3779.47	suburban	sweet	automated	monthly	all-equity	7	15000	-6861.02	0.00	68.50	241	True	Bankruptcy: deeply negative cash
41	a15e3211	1780976259	40459.45	suburban	sweet	automated	monthly	all-equity	5	8000	26599.90	0.00	72.50	361	True	Completed 360 days
42	a15e3211	1780976260	4826.27	suburban	sweet	automated	monthly	all-equity	6	15000	-5760.05	0.00	55.50	284	True	Bankruptcy: deeply negative cash
43	a15e3211	1780976261	5993.97	suburban	sweet	automated	monthly	all-equity	7	12000	-5518.69	0.00	81.50	219	True	Bankruptcy: deeply negative cash
44	a15e3211	1780976262	9299.34	suburban	sweet	automated	monthly	all-equity	6	15000	-5281.86	0.00	82.00	302	True	Bankruptcy: deeply negative cash
45	a15e3211	1780976263	3800.62	suburban	sweet	automated	monthly	all-equity	5	10000	-7346.01	0.00	67.50	272	True	Bankruptcy: deeply negative cash
46	a15e3211	1780976264	75399.10	suburban	sweet	automated	monthly	all-equity	6	15000	57810.83	0.00	87.50	361	True	Completed 360 days
47	a15e3211	1780976265	6468.90	suburban	sweet	automated	monthly	all-equity	5	15000	-6905.97	0.00	77.50	296	True	Bankruptcy: deeply negative cash
48	a15e3211	1780976266	3986.41	suburban	sweet	automated	monthly	all-equity	5	12000	-5044.67	0.00	60.50	208	True	Bankruptcy: deeply negative cash
49	a15e3211	1780976267	5768.22	suburban	sweet	automated	monthly	all-equity	5	12000	-5875.38	0.00	67.50	272	True	Bankruptcy: deeply negative cash
50	a15e3211	1780976268	4211.31	suburban	sweet	automated	monthly	all-equity	6	12000	-7833.41	0.00	76.00	252	True	Bankruptcy: deeply negative cash
51	a15e3211	1780976269	4309.85	suburban	sweet	automated	monthly	all-equity	6	10000	-8167.82	0.00	71.00	302	True	Bankruptcy: deeply negative cash
52	a15e3211	1780976270	7820.17	suburban	sweet	automated	monthly	all-equity	6	10000	-5863.64	0.00	80.00	308	True	Bankruptcy: deeply negative cash
53	a15e3211	1780976271	2809.75	suburban	sweet	automated	monthly	all-equity	5	10000	-5194.36	0.00	57.50	191	True	Bankruptcy: deeply negative cash
54	a15e3211	1780976272	71814.19	suburban	sweet	automated	monthly	all-equity	7	8000	59125.68	0.00	57.00	361	True	Completed 360 days
55	a15e3211	1780976273	4415.80	suburban	sweet	automated	monthly	all-equity	6	15000	-5142.45	0.00	71.00	168	True	Bankruptcy: deeply negative cash
56	a15e3211	1780976274	2896.99	suburban	sweet	automated	monthly	all-equity	8	8000	-5888.84	0.00	37.44	347	True	Bankruptcy: deeply negative cash
57	a15e3211	1780976275	2201.21	suburban	sweet	automated	monthly	all-equity	8	15000	-5446.52	0.00	51.50	171	True	Bankruptcy: deeply negative cash
58	a15e3211	1780976276	3954.36	suburban	sweet	automated	monthly	all-equity	5	15000	-7529.28	0.00	69.50	242	True	Bankruptcy: deeply negative cash
59	a15e3211	1780976277	113705.52	suburban	sweet	automated	monthly	all-equity	6	12000	95081.07	0.00	98.50	361	True	Completed 360 days
60	a15e3211	1780976278	65296.24	suburban	sweet	automated	monthly	all-equity	5	12000	48847.18	0.00	86.50	361	True	Completed 360 days
61	a15e3211	1780976279	3947.19	suburban	sweet	automated	monthly	all-equity	7	10000	-5045.80	0.00	61.50	213	True	Bankruptcy: deeply negative cash
62	a15e3211	1780976280	2923.25	suburban	sweet	automated	monthly	all-equity	6	15000	-6560.98	0.00	65.00	182	True	Bankruptcy: deeply negative cash
63	a15e3211	1780976281	38369.59	suburban	sweet	automated	monthly	all-equity	6	10000	23819.33	0.00	71.54	361	True	Completed 360 days
64	a15e3211	1780976282	63606.67	suburban	sweet	automated	monthly	all-equity	6	12000	47112.83	0.00	85.50	361	True	Completed 360 days
65	a15e3211	1780976283	8797.92	suburban	sweet	automated	monthly	all-equity	7	12000	-6519.14	0.00	89.00	332	True	Bankruptcy: deeply negative cash
66	a15e3211	1780976284	3168.84	suburban	sweet	automated	monthly	all-equity	8	12000	-7760.73	0.00	65.50	272	True	Bankruptcy: deeply negative cash
67	a15e3211	1780976285	1432.33	suburban	sweet	automated	monthly	all-equity	6	12000	-8782.32	0.00	71.00	222	True	Bankruptcy: deeply negative cash
68	a15e3211	1780976286	3761.01	suburban	sweet	automated	monthly	all-equity	8	15000	-6201.03	0.00	70.50	187	True	Bankruptcy: deeply negative cash
69	a15e3211	1780976287	169106.29	suburban	sweet	automated	monthly	all-equity	6	8000	151255.47	0.00	86.50	361	True	Completed 360 days
70	a15e3211	1780976288	6473.29	suburban	sweet	automated	monthly	all-equity	8	12000	-7378.12	0.00	76.50	325	True	Bankruptcy: deeply negative cash
71	a15e3211	1780976289	38270.41	suburban	sweet	automated	monthly	all-equity	7	8000	21844.40	0.00	95.50	361	True	Completed 360 days
72	a15e3211	1780976290	3697.95	suburban	sweet	automated	monthly	all-equity	6	15000	-5281.87	0.00	66.00	160	True	Bankruptcy: deeply negative cash
73	a15e3211	1780976291	77063.43	suburban	sweet	automated	monthly	all-equity	8	10000	62303.36	0.00	73.00	361	True	Completed 360 days
74	a15e3211	1780976292	757.94	suburban	sweet	automated	monthly	all-equity	7	15000	-5074.39	0.00	35.00	171	True	Bankruptcy: deeply negative cash
75	a15e3211	1780976293	19146.71	suburban	sweet	automated	monthly	all-equity	8	10000	4596.39	0.00	74.00	361	True	Completed 360 days
76	a15e3211	1780976294	16333.66	suburban	sweet	automated	monthly	all-equity	8	8000	2191.75	0.00	79.38	361	True	Completed 360 days
77	a15e3211	1780976295	4679.71	suburban	sweet	automated	monthly	all-equity	5	15000	-5152.47	0.00	62.00	209	True	Bankruptcy: deeply negative cash
78	a15e3211	1780976296	79546.19	suburban	sweet	automated	monthly	all-equity	7	8000	65997.22	0.00	63.00	361	True	Completed 360 days
79	a15e3211	1780976297	9276.22	suburban	sweet	automated	monthly	all-equity	7	15000	-5683.25	0.00	89.00	298	True	Bankruptcy: deeply negative cash
80	a15e3211	1780976298	1423.45	suburban	sweet	automated	monthly	all-equity	8	10000	-9724.60	0.00	76.50	245	True	Bankruptcy: deeply negative cash
81	a15e3211	1780976299	1923.42	suburban	sweet	automated	monthly	all-equity	6	10000	-7801.84	0.00	61.50	242	True	Bankruptcy: deeply negative cash
82	a15e3211	1780976300	85821.76	suburban	sweet	automated	monthly	all-equity	6	8000	70315.11	0.00	82.50	361	True	Completed 360 days
83	a15e3211	1780976301	6046.47	suburban	sweet	automated	monthly	all-equity	8	15000	-5015.30	0.00	77.00	206	True	Bankruptcy: deeply negative cash
84	a15e3211	1780976302	2983.58	suburban	sweet	automated	monthly	all-equity	7	15000	-5088.39	0.00	65.00	135	True	Bankruptcy: deeply negative cash
85	a15e3211	1780976303	10023.11	suburban	sweet	automated	monthly	all-equity	7	15000	-6792.71	0.00	91.00	326	True	Bankruptcy: deeply negative cash
86	a15e3211	1780976304	43602.16	suburban	sweet	automated	monthly	all-equity	7	12000	26928.05	0.00	88.00	361	True	Completed 360 days
87	a15e3211	1780976305	4618.47	suburban	sweet	automated	monthly	all-equity	8	12000	-5236.18	0.00	69.00	218	True	Bankruptcy: deeply negative cash
88	a15e3211	1780976306	75202.30	suburban	sweet	automated	monthly	all-equity	6	10000	59156.66	0.00	79.00	361	True	Completed 360 days
89	a15e3211	1780976307	17919.90	suburban	sweet	automated	monthly	all-equity	5	12000	3110.21	0.00	82.00	361	True	Completed 360 days
90	a15e3211	1780976308	21980.92	suburban	sweet	automated	monthly	all-equity	8	12000	7172.74	0.00	76.00	361	True	Completed 360 days
91	a15e3211	1780976309	80390.93	suburban	sweet	automated	monthly	all-equity	6	8000	64830.44	0.00	81.00	361	True	Completed 360 days
92	a15e3211	1780976310	3764.44	suburban	sweet	automated	monthly	all-equity	6	15000	-5295.97	0.00	53.50	215	True	Bankruptcy: deeply negative cash
93	a15e3211	1780976311	6497.55	suburban	sweet	automated	monthly	all-equity	5	10000	-5139.60	0.00	54.50	348	True	Bankruptcy: deeply negative cash
94	a15e3211	1780976312	4437.94	suburban	sweet	automated	monthly	all-equity	6	15000	-5195.63	0.00	66.50	187	True	Bankruptcy: deeply negative cash
95	a15e3211	1780976313	30104.79	suburban	sweet	automated	monthly	all-equity	5	10000	15275.78	0.00	76.00	361	True	Completed 360 days
96	a15e3211	1780976314	7881.53	suburban	sweet	automated	monthly	all-equity	6	10000	-5503.04	0.00	68.50	355	True	Bankruptcy: deeply negative cash
97	a15e3211	1780976315	5233.51	suburban	sweet	automated	monthly	all-equity	5	10000	-5112.96	0.00	57.00	287	True	Bankruptcy: deeply negative cash
98	a15e3211	1780976316	5209.56	suburban	sweet	automated	monthly	all-equity	5	12000	-7005.75	0.00	81.00	258	True	Bankruptcy: deeply negative cash
99	a15e3211	1780976317	1407.07	suburban	sweet	automated	monthly	all-equity	6	15000	-9265.91	0.00	78.00	182	True	Bankruptcy: deeply negative cash
0	660ebe6e	1780978006	-118462.65	office	everyday	manual	coop	leveraged	5	10000	-6794.17	117100.00	52.50	17	True	Bankruptcy: deeply negative cash
1	660ebe6e	1780978007	-565.05	urban	sweet	automated	direct	all-equity	5	10000	-5322.03	0.00	21.66	203	True	Bankruptcy: deeply negative cash
2	660ebe6e	1780978008	93853.92	mall	everyday	manual	coop	all-equity	5	10000	91207.16	0.00	13.00	92	True	Reputation collapse (< 15)
3	660ebe6e	1780978009	-131266.03	urban	speed	specialized	monthly	leveraged	5	10000	-18933.48	117100.00	47.50	2	True	Bankruptcy: deeply negative cash
4	660ebe6e	1780978010	-66976.72	office	gourmet	automated	coop	balanced	5	10000	-5841.32	67800.00	50.00	104	True	Bankruptcy: deeply negative cash
5	660ebe6e	1780978011	-178490.66	suburban	gourmet	automated	spot	max-debt	5	10000	-47453.70	136600.00	55.50	2	True	Bankruptcy: deeply negative cash
6	660ebe6e	1780978012	-56818.30	university	gourmet	manual	spot	balanced	5	10000	8245.84	67800.00	14.08	109	True	Reputation collapse (< 15)
7	660ebe6e	1780978013	66601.57	mall	speed	automated	direct	all-equity	5	10000	63247.14	0.00	14.50	118	True	Reputation collapse (< 15)
8	660ebe6e	1780978014	-153592.73	urban	gourmet	manual	coop	max-debt	5	10000	-22162.15	136600.00	51.50	2	True	Bankruptcy: deeply negative cash
9	660ebe6e	1780978015	126056.67	mall	sweet	manual	direct	all-equity	5	10000	123557.21	0.00	5.72	92	True	Reputation collapse (< 15)
10	660ebe6e	1780978016	-67358.95	office	sweet	specialized	coop	balanced	5	10000	-7086.24	66000.00	40.00	122	True	Bankruptcy: deeply negative cash
11	660ebe6e	1780978017	-64660.67	suburban	sweet	manual	coop	balanced	5	10000	-9482.78	64200.00	64.00	156	True	Bankruptcy: deeply negative cash
12	660ebe6e	1780978018	-68365.46	mall	gourmet	manual	spot	balanced	5	10000	-8755.32	64200.00	15.18	169	True	Bankruptcy: deeply negative cash
13	660ebe6e	1780978019	-118111.38	office	gourmet	manual	direct	leveraged	5	10000	-10117.65	114200.00	57.50	32	True	Bankruptcy: deeply negative cash
14	660ebe6e	1780978020	-118326.06	mall	speed	manual	direct	leveraged	5	10000	-8891.26	114200.00	35.56	59	True	Bankruptcy: deeply negative cash
15	660ebe6e	1780978021	-169426.96	office	speed	specialized	monthly	max-debt	5	10000	-37893.57	136600.00	50.50	2	True	Bankruptcy: deeply negative cash
16	660ebe6e	1780978022	-114317.00	urban	sweet	manual	direct	leveraged	5	10000	-6410.91	114200.00	56.50	32	True	Bankruptcy: deeply negative cash
17	660ebe6e	1780978023	-149328.60	mall	sweet	manual	monthly	max-debt	5	10000	-17944.56	136600.00	52.00	2	True	Bankruptcy: deeply negative cash
18	660ebe6e	1780978024	-141299.57	urban	gourmet	automated	spot	leveraged	5	10000	-29715.56	117100.00	55.00	2	True	Bankruptcy: deeply negative cash
19	660ebe6e	1780978025	-178529.53	suburban	sweet	automated	monthly	max-debt	5	10000	-47543.50	136600.00	56.00	2	True	Bankruptcy: deeply negative cash
20	660ebe6e	1780978026	-173.10	office	gourmet	manual	monthly	all-equity	5	10000	-5312.35	0.00	20.00	272	True	Bankruptcy: deeply negative cash
21	660ebe6e	1780978027	-151818.23	office	speed	manual	direct	max-debt	5	10000	-20330.47	136600.00	51.00	2	True	Bankruptcy: deeply negative cash
22	660ebe6e	1780978028	70903.42	mall	everyday	manual	coop	all-equity	5	10000	67429.36	0.00	10.12	152	True	Reputation collapse (< 15)
23	660ebe6e	1780978029	-66056.04	urban	gourmet	automated	direct	balanced	5	10000	-5886.45	67800.00	59.00	92	True	Bankruptcy: deeply negative cash
24	660ebe6e	1780978030	-168380.29	suburban	everyday	specialized	coop	max-debt	5	10000	-36794.88	136600.00	50.00	2	True	Bankruptcy: deeply negative cash
25	660ebe6e	1780978031	-149876.28	university	gourmet	manual	monthly	max-debt	5	10000	-18194.68	136600.00	49.00	2	True	Bankruptcy: deeply negative cash
26	660ebe6e	1780978032	-690.18	urban	speed	automated	spot	all-equity	5	10000	-5325.10	0.00	17.04	212	True	Bankruptcy: deeply negative cash
27	660ebe6e	1780978033	-117628.24	university	everyday	manual	spot	leveraged	5	10000	-5594.80	117100.00	49.00	14	True	Bankruptcy: deeply negative cash
28	660ebe6e	1780978034	-128595.61	suburban	sweet	specialized	monthly	leveraged	5	10000	-16509.90	117100.00	50.00	2	True	Bankruptcy: deeply negative cash
29	660ebe6e	1780978035	-70515.83	urban	speed	automated	coop	balanced	5	10000	-5155.16	71400.00	53.00	46	True	Bankruptcy: deeply negative cash
30	660ebe6e	1780978036	108532.42	mall	sweet	manual	spot	all-equity	5	10000	105658.12	0.00	14.50	78	True	Reputation collapse (< 15)
31	660ebe6e	1780978037	-154444.08	urban	everyday	manual	spot	max-debt	5	10000	-22959.20	136600.00	51.00	2	True	Bankruptcy: deeply negative cash
32	660ebe6e	1780978038	-136225.51	university	sweet	automated	monthly	leveraged	5	10000	-24742.95	117100.00	56.00	2	True	Bankruptcy: deeply negative cash
33	660ebe6e	1780978039	18583.60	office	sweet	specialized	spot	all-equity	5	10000	16469.85	0.00	7.50	152	True	Reputation collapse (< 15)
34	660ebe6e	1780978040	2085.70	office	gourmet	automated	direct	all-equity	5	10000	-5155.86	0.00	54.00	177	True	Bankruptcy: deeply negative cash
35	660ebe6e	1780978041	-1933.59	office	everyday	manual	spot	all-equity	5	10000	-7630.93	0.00	35.00	242	True	Bankruptcy: deeply negative cash
36	660ebe6e	1780978042	44455.79	urban	sweet	specialized	direct	all-equity	5	10000	40980.47	0.00	13.54	152	True	Reputation collapse (< 15)
37	660ebe6e	1780978043	-175911.01	mall	gourmet	automated	coop	max-debt	5	10000	-44579.71	136600.00	52.50	2	True	Bankruptcy: deeply negative cash
38	660ebe6e	1780978044	-140976.31	urban	sweet	automated	spot	leveraged	5	10000	-29451.58	117100.00	55.50	2	True	Bankruptcy: deeply negative cash
39	660ebe6e	1780978045	-69028.39	office	gourmet	specialized	direct	balanced	5	10000	-5439.82	69600.00	52.00	64	True	Bankruptcy: deeply negative cash
40	660ebe6e	1780978046	-179019.22	office	speed	automated	spot	max-debt	5	10000	-47983.67	136600.00	55.50	2	True	Bankruptcy: deeply negative cash
41	660ebe6e	1780978047	-66344.71	mall	sweet	automated	coop	balanced	5	10000	-5142.51	66000.00	21.50	131	True	Bankruptcy: deeply negative cash
42	660ebe6e	1780978048	98985.87	mall	gourmet	manual	monthly	all-equity	5	10000	95745.73	0.00	10.50	122	True	Reputation collapse (< 15)
43	660ebe6e	1780978049	2783.78	suburban	speed	automated	spot	all-equity	5	10000	-5867.22	0.00	66.00	171	True	Bankruptcy: deeply negative cash
44	660ebe6e	1780978050	3460.11	urban	speed	specialized	monthly	all-equity	5	10000	-538.79	0.00	14.00	209	True	Reputation collapse (< 15)
45	660ebe6e	1780978051	-171984.23	urban	everyday	specialized	monthly	max-debt	5	10000	-39402.66	136600.00	40.00	2	True	Bankruptcy: deeply negative cash
46	660ebe6e	1780978052	-60728.59	mall	everyday	manual	direct	balanced	5	10000	1205.24	66000.00	14.50	147	True	Reputation collapse (< 15)
47	660ebe6e	1780978053	63596.21	mall	speed	specialized	monthly	all-equity	5	10000	59420.26	0.00	14.50	160	True	Reputation collapse (< 15)
48	660ebe6e	1780978054	-118404.64	suburban	gourmet	manual	direct	leveraged	5	10000	-10251.35	114200.00	56.00	32	True	Bankruptcy: deeply negative cash
49	660ebe6e	1780978055	-71417.99	mall	sweet	specialized	spot	balanced	5	10000	-5266.99	69600.00	24.50	65	True	Bankruptcy: deeply negative cash
50	660ebe6e	1780978056	-75095.63	office	sweet	specialized	spot	balanced	5	10000	-10670.77	67800.00	23.86	92	True	Bankruptcy: deeply negative cash
51	660ebe6e	1780978057	84516.87	mall	everyday	automated	coop	all-equity	5	10000	81280.44	0.00	14.00	97	True	Reputation collapse (< 15)
52	660ebe6e	1780978058	-127445.65	university	sweet	specialized	monthly	leveraged	5	10000	-15057.34	117100.00	47.00	2	True	Bankruptcy: deeply negative cash
53	660ebe6e	1780978059	76284.42	mall	speed	automated	coop	all-equity	5	10000	73457.92	0.00	5.00	122	True	Reputation collapse (< 15)
54	660ebe6e	1780978060	-175659.72	university	sweet	automated	direct	max-debt	5	10000	-44876.85	136600.00	58.00	2	True	Bankruptcy: deeply negative cash
55	660ebe6e	1780978061	1630.73	suburban	sweet	specialized	spot	all-equity	5	10000	-10029.63	0.00	65.50	288	True	Bankruptcy: deeply negative cash
56	660ebe6e	1780978062	-170034.98	office	speed	specialized	spot	max-debt	5	10000	-38048.31	136600.00	46.00	2	True	Bankruptcy: deeply negative cash
57	660ebe6e	1780978063	-72376.60	university	speed	automated	direct	balanced	5	10000	-8603.03	69600.00	43.00	91	True	Bankruptcy: deeply negative cash
58	660ebe6e	1780978064	-168475.99	office	everyday	specialized	direct	max-debt	5	10000	-37141.82	136600.00	52.50	2	True	Bankruptcy: deeply negative cash
59	660ebe6e	1780978065	2607.47	suburban	everyday	manual	coop	all-equity	5	10000	-5082.81	0.00	42.00	280	True	Bankruptcy: deeply negative cash
60	660ebe6e	1780978066	-63347.08	suburban	gourmet	manual	monthly	balanced	5	10000	-5058.56	66000.00	55.00	128	True	Bankruptcy: deeply negative cash
61	660ebe6e	1780978067	-141154.28	urban	everyday	automated	spot	leveraged	5	10000	-29524.27	117100.00	54.50	2	True	Bankruptcy: deeply negative cash
62	660ebe6e	1780978068	-67167.66	suburban	speed	automated	coop	balanced	5	10000	-7488.48	67800.00	60.00	119	True	Bankruptcy: deeply negative cash
63	660ebe6e	1780978069	-178752.28	suburban	speed	automated	spot	max-debt	5	10000	-47416.62	136600.00	52.50	2	True	Bankruptcy: deeply negative cash
64	660ebe6e	1780978070	-65008.43	suburban	everyday	manual	coop	balanced	5	10000	-5165.46	67800.00	62.34	121	True	Bankruptcy: deeply negative cash
65	660ebe6e	1780978071	-127031.92	university	everyday	specialized	monthly	leveraged	5	10000	-14945.67	117100.00	50.00	2	True	Bankruptcy: deeply negative cash
66	660ebe6e	1780978072	-178266.11	office	everyday	automated	coop	max-debt	5	10000	-47234.09	136600.00	55.50	2	True	Bankruptcy: deeply negative cash
67	660ebe6e	1780978073	-151237.13	suburban	speed	manual	direct	max-debt	5	10000	-20099.62	136600.00	54.50	2	True	Bankruptcy: deeply negative cash
68	660ebe6e	1780978074	1784.40	office	everyday	automated	monthly	all-equity	5	10000	-6412.83	0.00	59.50	182	True	Bankruptcy: deeply negative cash
69	660ebe6e	1780978075	-128768.11	suburban	everyday	specialized	monthly	leveraged	5	10000	-16679.01	117100.00	50.00	2	True	Bankruptcy: deeply negative cash
70	660ebe6e	1780978076	-177983.49	office	sweet	automated	direct	max-debt	5	10000	-47248.90	136600.00	58.50	2	True	Bankruptcy: deeply negative cash
71	660ebe6e	1780978077	-169362.52	office	sweet	specialized	monthly	max-debt	5	10000	-37528.44	136600.00	47.50	2	True	Bankruptcy: deeply negative cash
72	660ebe6e	1780978078	-4555.50	office	sweet	specialized	monthly	all-equity	5	10000	-9809.98	0.00	19.50	287	True	Bankruptcy: deeply negative cash
73	660ebe6e	1780978079	-177838.28	suburban	speed	automated	coop	max-debt	5	10000	-46851.90	136600.00	56.00	2	True	Bankruptcy: deeply negative cash
74	660ebe6e	1780978080	-128253.57	suburban	speed	specialized	direct	leveraged	5	10000	-16564.76	117100.00	54.00	2	True	Bankruptcy: deeply negative cash
75	660ebe6e	1780978081	-140051.30	urban	speed	automated	direct	leveraged	5	10000	-28764.50	117100.00	58.00	2	True	Bankruptcy: deeply negative cash
76	660ebe6e	1780978082	-168234.22	suburban	everyday	specialized	direct	max-debt	5	10000	-36898.37	136600.00	52.50	2	True	Bankruptcy: deeply negative cash
77	660ebe6e	1780978083	-72143.52	suburban	speed	specialized	monthly	balanced	5	10000	-9378.40	69600.00	60.50	62	True	Bankruptcy: deeply negative cash
78	660ebe6e	1780978084	-128788.43	office	speed	specialized	coop	leveraged	5	10000	-16614.26	117100.00	49.00	2	True	Bankruptcy: deeply negative cash
79	660ebe6e	1780978085	-136499.57	university	everyday	automated	monthly	leveraged	5	10000	-25011.46	117100.00	56.00	2	True	Bankruptcy: deeply negative cash
80	660ebe6e	1780978086	-68656.90	mall	sweet	specialized	direct	balanced	5	10000	-9200.34	64200.00	16.00	156	True	Bankruptcy: deeply negative cash
81	660ebe6e	1780978087	-138629.64	office	gourmet	automated	monthly	leveraged	5	10000	-26897.80	117100.00	53.50	2	True	Bankruptcy: deeply negative cash
82	660ebe6e	1780978088	-1676.67	university	gourmet	automated	direct	all-equity	5	10000	-5097.12	0.00	15.60	205	True	Bankruptcy: deeply negative cash
83	660ebe6e	1780978089	-154065.44	urban	speed	manual	monthly	max-debt	5	10000	-22433.08	136600.00	49.50	2	True	Bankruptcy: deeply negative cash
84	660ebe6e	1780978090	-137369.40	university	everyday	automated	spot	leveraged	5	10000	-25480.27	117100.00	52.00	2	True	Bankruptcy: deeply negative cash
85	660ebe6e	1780978091	-69518.71	office	sweet	specialized	direct	balanced	5	10000	-8248.57	67800.00	52.86	103	True	Bankruptcy: deeply negative cash
86	660ebe6e	1780978092	-2180.00	office	everyday	specialized	spot	all-equity	5	10000	-7053.50	0.00	24.64	223	True	Bankruptcy: deeply negative cash
87	660ebe6e	1780978093	-70496.75	office	everyday	specialized	monthly	balanced	5	10000	-5088.86	69600.00	34.00	77	True	Bankruptcy: deeply negative cash
88	660ebe6e	1780978094	-126740.13	mall	gourmet	specialized	spot	leveraged	5	10000	-14561.20	117100.00	49.00	2	True	Bankruptcy: deeply negative cash
89	660ebe6e	1780978095	-151781.64	suburban	speed	manual	coop	max-debt	5	10000	-20041.29	136600.00	48.50	2	True	Bankruptcy: deeply negative cash
90	660ebe6e	1780978096	-62015.45	mall	gourmet	manual	direct	balanced	5	10000	194.88	66000.00	14.00	139	True	Reputation collapse (< 15)
91	660ebe6e	1780978097	-181443.43	urban	gourmet	automated	coop	max-debt	5	10000	-49408.11	136600.00	45.50	2	True	Bankruptcy: deeply negative cash
92	660ebe6e	1780978098	-64433.58	office	gourmet	manual	spot	balanced	5	10000	-5042.45	66000.00	45.50	143	True	Bankruptcy: deeply negative cash
93	660ebe6e	1780978099	1460.68	office	speed	specialized	spot	all-equity	5	10000	-5105.67	0.00	44.00	198	True	Bankruptcy: deeply negative cash
94	660ebe6e	1780978100	-165867.18	mall	sweet	specialized	direct	max-debt	5	10000	-34483.63	136600.00	52.00	2	True	Bankruptcy: deeply negative cash
95	660ebe6e	1780978101	-43821.66	mall	speed	manual	monthly	balanced	5	10000	23195.57	69600.00	14.50	70	True	Reputation collapse (< 15)
96	660ebe6e	1780978102	-127752.61	suburban	gourmet	specialized	direct	leveraged	5	10000	-15920.86	117100.00	52.50	2	True	Bankruptcy: deeply negative cash
97	660ebe6e	1780978103	-69214.20	mall	speed	specialized	direct	balanced	5	10000	-8016.88	66000.00	24.60	128	True	Bankruptcy: deeply negative cash
98	660ebe6e	1780978104	-128321.03	suburban	everyday	specialized	direct	leveraged	5	10000	-16183.83	117100.00	49.50	2	True	Bankruptcy: deeply negative cash
99	660ebe6e	1780978105	-68058.49	suburban	everyday	automated	coop	balanced	5	10000	-5193.47	69600.00	57.00	62	True	Bankruptcy: deeply negative cash
100	660ebe6e	1780978106	-258.44	suburban	sweet	specialized	monthly	all-equity	5	10000	-7985.32	0.00	43.00	238	True	Bankruptcy: deeply negative cash
101	660ebe6e	1780978107	-151760.87	office	everyday	manual	direct	max-debt	5	10000	-20575.74	136600.00	54.00	2	True	Bankruptcy: deeply negative cash
102	660ebe6e	1780978108	-68337.77	office	gourmet	specialized	direct	balanced	5	10000	-7040.04	66000.00	29.60	122	True	Bankruptcy: deeply negative cash
103	660ebe6e	1780978109	-66995.25	office	speed	manual	spot	balanced	5	10000	-5080.82	67800.00	45.50	110	True	Bankruptcy: deeply negative cash
104	660ebe6e	1780978110	-169800.08	office	everyday	specialized	direct	max-debt	5	10000	-37409.99	136600.00	42.00	2	True	Bankruptcy: deeply negative cash
105	660ebe6e	1780978111	-70437.84	urban	speed	automated	spot	balanced	5	10000	-6279.14	69600.00	45.00	62	True	Bankruptcy: deeply negative cash
106	660ebe6e	1780978112	-151143.53	university	gourmet	manual	spot	max-debt	5	10000	-18660.80	136600.00	41.00	2	True	Bankruptcy: deeply negative cash
107	660ebe6e	1780978113	2778.32	university	everyday	manual	direct	all-equity	5	10000	-1792.61	0.00	14.00	282	True	Reputation collapse (< 15)
108	660ebe6e	1780978114	-175783.42	mall	speed	automated	monthly	max-debt	5	10000	-44802.22	136600.00	56.00	2	True	Bankruptcy: deeply negative cash
109	660ebe6e	1780978115	-119004.20	university	sweet	manual	coop	leveraged	5	10000	-9813.73	114200.00	45.50	32	True	Bankruptcy: deeply negative cash
110	660ebe6e	1780978116	-168313.73	university	sweet	specialized	spot	max-debt	5	10000	-35631.76	136600.00	39.00	2	True	Bankruptcy: deeply negative cash
111	660ebe6e	1780978117	-57777.76	mall	sweet	specialized	coop	balanced	5	10000	2806.55	64200.00	5.50	152	True	Reputation collapse (< 15)
112	660ebe6e	1780978118	43145.59	mall	gourmet	automated	spot	all-equity	5	10000	37779.52	0.00	14.50	210	True	Reputation collapse (< 15)
113	660ebe6e	1780978119	-154049.95	urban	everyday	manual	coop	max-debt	5	10000	-22364.77	136600.00	49.00	2	True	Bankruptcy: deeply negative cash
114	660ebe6e	1780978120	-149686.03	mall	speed	manual	monthly	max-debt	5	10000	-18300.68	136600.00	52.00	2	True	Bankruptcy: deeply negative cash
115	660ebe6e	1780978121	-119739.64	urban	sweet	manual	spot	leveraged	5	10000	-7703.67	117100.00	48.50	14	True	Bankruptcy: deeply negative cash
116	660ebe6e	1780978122	-69821.63	office	speed	automated	direct	balanced	5	10000	-5493.67	71400.00	64.00	60	True	Bankruptcy: deeply negative cash
117	660ebe6e	1780978123	-126029.86	mall	everyday	specialized	direct	leveraged	5	10000	-14149.53	117100.00	52.00	2	True	Bankruptcy: deeply negative cash
118	660ebe6e	1780978124	-175137.80	mall	speed	automated	direct	max-debt	5	10000	-44356.78	136600.00	58.00	2	True	Bankruptcy: deeply negative cash
119	660ebe6e	1780978125	-71876.89	university	everyday	specialized	coop	balanced	5	10000	-5443.72	69600.00	23.54	84	True	Bankruptcy: deeply negative cash
120	660ebe6e	1780978126	-153860.03	urban	sweet	manual	monthly	max-debt	5	10000	-22531.69	136600.00	52.50	2	True	Bankruptcy: deeply negative cash
121	660ebe6e	1780978127	-117060.55	university	gourmet	manual	coop	leveraged	5	10000	-5297.63	117100.00	51.50	17	True	Bankruptcy: deeply negative cash
122	660ebe6e	1780978128	-72094.26	urban	speed	automated	direct	balanced	5	10000	-11469.50	67800.00	55.00	92	True	Bankruptcy: deeply negative cash
123	660ebe6e	1780978129	-67606.92	office	gourmet	automated	direct	balanced	5	10000	-5053.57	69600.00	59.00	84	True	Bankruptcy: deeply negative cash
124	660ebe6e	1780978130	-63676.42	urban	gourmet	manual	monthly	balanced	5	10000	-5279.49	64200.00	30.00	155	True	Bankruptcy: deeply negative cash
125	660ebe6e	1780978131	-69924.72	university	everyday	manual	direct	balanced	5	10000	-5017.38	67800.00	17.12	121	True	Bankruptcy: deeply negative cash
126	660ebe6e	1780978132	-65601.09	office	gourmet	manual	monthly	balanced	5	10000	-5001.90	66000.00	37.50	127	True	Bankruptcy: deeply negative cash
127	660ebe6e	1780978133	-177893.51	suburban	speed	automated	coop	max-debt	5	10000	-46856.68	136600.00	55.50	2	True	Bankruptcy: deeply negative cash
128	660ebe6e	1780978134	-140417.24	urban	sweet	automated	coop	leveraged	5	10000	-28937.16	117100.00	56.00	2	True	Bankruptcy: deeply negative cash
129	660ebe6e	1780978135	-129339.46	office	everyday	specialized	monthly	leveraged	5	10000	-17005.47	117100.00	47.50	2	True	Bankruptcy: deeply negative cash
130	660ebe6e	1780978136	-170964.90	urban	sweet	specialized	monthly	max-debt	5	10000	-39433.08	136600.00	50.50	2	True	Bankruptcy: deeply negative cash
131	660ebe6e	1780978137	39.93	suburban	everyday	specialized	monthly	all-equity	5	10000	-6370.99	0.00	38.18	242	True	Bankruptcy: deeply negative cash
132	660ebe6e	1780978138	-176893.61	university	everyday	automated	spot	max-debt	5	10000	-45814.00	136600.00	55.00	2	True	Bankruptcy: deeply negative cash
133	660ebe6e	1780978139	17727.41	suburban	sweet	specialized	monthly	all-equity	5	10000	4004.41	0.00	70.00	361	True	Completed 360 days
134	660ebe6e	1780978140	-166363.47	university	everyday	specialized	direct	max-debt	5	10000	-34978.03	136600.00	52.00	2	True	Bankruptcy: deeply negative cash
135	660ebe6e	1780978141	-71152.20	office	speed	automated	coop	balanced	5	10000	-7818.69	69600.00	55.50	62	True	Bankruptcy: deeply negative cash
136	660ebe6e	1780978142	-69750.77	office	sweet	specialized	monthly	balanced	5	10000	-5138.11	69600.00	40.70	84	True	Bankruptcy: deeply negative cash
137	660ebe6e	1780978143	-67354.16	urban	gourmet	specialized	monthly	balanced	5	10000	-5120.37	67800.00	36.52	113	True	Bankruptcy: deeply negative cash
138	660ebe6e	1780978144	-44675.35	suburban	gourmet	manual	coop	balanced	5	10000	-5429.94	53400.00	68.00	339	True	Bankruptcy: deeply negative cash
139	660ebe6e	1780978145	-64555.31	mall	everyday	manual	monthly	balanced	5	10000	-2358.43	66000.00	14.50	141	True	Reputation collapse (< 15)
140	660ebe6e	1780978146	-113659.79	mall	speed	manual	coop	leveraged	5	10000	-6633.14	111300.00	28.50	63	True	Bankruptcy: deeply negative cash
141	660ebe6e	1780978147	-166932.94	university	everyday	specialized	coop	max-debt	5	10000	-35295.15	136600.00	49.50	2	True	Bankruptcy: deeply negative cash
142	660ebe6e	1780978148	-116850.29	office	everyday	manual	direct	leveraged	5	10000	-5290.94	117100.00	53.50	17	True	Bankruptcy: deeply negative cash
143	660ebe6e	1780978149	-136522.63	university	gourmet	automated	monthly	leveraged	5	10000	-25040.66	117100.00	56.00	2	True	Bankruptcy: deeply negative cash
144	660ebe6e	1780978150	-330.21	urban	everyday	manual	spot	all-equity	5	10000	-5485.56	0.00	20.50	242	True	Bankruptcy: deeply negative cash
145	660ebe6e	1780978151	-64713.05	urban	sweet	specialized	direct	balanced	5	10000	-7237.34	64200.00	35.46	158	True	Bankruptcy: deeply negative cash
146	660ebe6e	1780978152	-138426.53	suburban	sweet	automated	spot	leveraged	5	10000	-26890.83	117100.00	55.50	2	True	Bankruptcy: deeply negative cash
147	660ebe6e	1780978153	-131736.58	urban	gourmet	specialized	spot	leveraged	5	10000	-19556.12	117100.00	49.00	2	True	Bankruptcy: deeply negative cash
148	660ebe6e	1780978154	-66524.93	university	everyday	manual	direct	balanced	5	10000	-6285.85	64200.00	17.94	152	True	Bankruptcy: deeply negative cash
149	660ebe6e	1780978155	-170944.91	urban	everyday	specialized	monthly	max-debt	5	10000	-39364.11	136600.00	50.00	2	True	Bankruptcy: deeply negative cash
150	660ebe6e	1780978156	-3614.40	office	gourmet	specialized	spot	all-equity	5	10000	-7035.51	0.00	19.16	182	True	Bankruptcy: deeply negative cash
151	660ebe6e	1780978157	-71668.36	office	sweet	automated	coop	balanced	5	10000	-8326.37	69600.00	55.50	62	True	Bankruptcy: deeply negative cash
152	660ebe6e	1780978158	-136152.89	university	speed	automated	direct	leveraged	5	10000	-24868.37	117100.00	58.00	2	True	Bankruptcy: deeply negative cash
153	660ebe6e	1780978159	-180043.94	urban	sweet	automated	monthly	max-debt	5	10000	-49118.42	136600.00	56.50	2	True	Bankruptcy: deeply negative cash
154	660ebe6e	1780978160	3791.64	suburban	everyday	automated	coop	all-equity	5	10000	-5342.75	0.00	64.26	207	True	Bankruptcy: deeply negative cash
155	660ebe6e	1780978161	-74097.75	mall	speed	automated	spot	balanced	5	10000	-9179.12	69600.00	36.00	62	True	Bankruptcy: deeply negative cash
156	660ebe6e	1780978162	-114589.44	mall	speed	manual	monthly	leveraged	5	10000	-7984.58	111300.00	33.26	62	True	Bankruptcy: deeply negative cash
157	660ebe6e	1780978163	-135215.13	mall	sweet	automated	coop	leveraged	5	10000	-23691.42	117100.00	55.50	2	True	Bankruptcy: deeply negative cash
158	660ebe6e	1780978164	-2240.25	urban	sweet	manual	monthly	all-equity	5	10000	-6986.54	0.00	17.50	242	True	Bankruptcy: deeply negative cash
159	660ebe6e	1780978165	-127565.72	university	speed	specialized	spot	leveraged	5	10000	-15378.81	117100.00	49.00	2	True	Bankruptcy: deeply negative cash
160	660ebe6e	1780978166	-73614.12	urban	everyday	specialized	spot	balanced	5	10000	-8873.43	69600.00	41.50	62	True	Bankruptcy: deeply negative cash
161	660ebe6e	1780978167	-70499.32	urban	gourmet	automated	spot	balanced	5	10000	-9764.76	66000.00	28.00	122	True	Bankruptcy: deeply negative cash
162	660ebe6e	1780978168	-70892.87	urban	everyday	manual	direct	balanced	5	10000	-6433.16	67800.00	21.72	99	True	Bankruptcy: deeply negative cash
163	660ebe6e	1780978169	-151136.70	suburban	sweet	manual	direct	max-debt	5	10000	-19952.14	136600.00	54.00	2	True	Bankruptcy: deeply negative cash
164	660ebe6e	1780978170	-65585.72	suburban	speed	manual	direct	balanced	5	10000	-5135.46	67800.00	62.00	98	True	Bankruptcy: deeply negative cash
165	660ebe6e	1780978171	-140517.66	urban	sweet	automated	spot	leveraged	5	10000	-28992.48	117100.00	55.50	2	True	Bankruptcy: deeply negative cash
166	660ebe6e	1780978172	-67553.55	office	gourmet	manual	monthly	balanced	5	10000	-5169.49	67800.00	41.70	113	True	Bankruptcy: deeply negative cash
167	660ebe6e	1780978173	-178080.22	office	sweet	automated	direct	max-debt	5	10000	-47349.53	136600.00	58.50	2	True	Bankruptcy: deeply negative cash
168	660ebe6e	1780978174	-46233.47	mall	gourmet	manual	direct	balanced	5	10000	11162.36	62400.00	14.70	183	True	Reputation collapse (< 15)
169	660ebe6e	1780978175	12138.36	urban	gourmet	automated	direct	all-equity	5	10000	5216.35	0.00	14.74	312	True	Reputation collapse (< 15)
170	660ebe6e	1780978176	56480.10	mall	speed	manual	monthly	all-equity	5	10000	52650.45	0.00	14.00	168	True	Reputation collapse (< 15)
171	660ebe6e	1780978177	91320.09	suburban	gourmet	automated	monthly	all-equity	5	10000	75841.95	0.00	76.50	361	True	Completed 360 days
172	660ebe6e	1780978178	59802.81	mall	speed	specialized	coop	all-equity	5	10000	55282.17	0.00	14.50	175	True	Reputation collapse (< 15)
173	660ebe6e	1780978179	4402.12	suburban	sweet	specialized	coop	all-equity	5	10000	-5115.62	0.00	41.00	339	True	Bankruptcy: deeply negative cash
174	660ebe6e	1780978180	-69951.30	university	speed	specialized	direct	balanced	5	10000	-5672.54	67800.00	24.00	92	True	Bankruptcy: deeply negative cash
175	660ebe6e	1780978181	-69225.01	urban	speed	specialized	coop	balanced	5	10000	-7288.22	67800.00	43.50	92	True	Bankruptcy: deeply negative cash
176	660ebe6e	1780978182	-169255.03	office	speed	specialized	monthly	max-debt	5	10000	-37717.35	136600.00	50.50	2	True	Bankruptcy: deeply negative cash
177	660ebe6e	1780978183	-169858.58	office	everyday	specialized	spot	max-debt	5	10000	-37924.57	136600.00	46.50	2	True	Bankruptcy: deeply negative cash
178	660ebe6e	1780978184	-139070.83	office	everyday	automated	spot	leveraged	5	10000	-27540.51	117100.00	55.50	2	True	Bankruptcy: deeply negative cash
179	660ebe6e	1780978185	2050.13	urban	speed	specialized	coop	all-equity	5	10000	-5005.82	0.00	38.50	225	True	Bankruptcy: deeply negative cash
180	660ebe6e	1780978186	-114865.68	suburban	gourmet	manual	spot	leveraged	5	10000	-6675.96	114200.00	54.50	32	True	Bankruptcy: deeply negative cash
181	660ebe6e	1780978187	-174678.30	mall	everyday	automated	direct	max-debt	5	10000	-43857.45	136600.00	57.50	2	True	Bankruptcy: deeply negative cash
182	660ebe6e	1780978188	68275.46	mall	sweet	automated	direct	all-equity	5	10000	63624.34	0.00	14.00	167	True	Reputation collapse (< 15)
183	660ebe6e	1780978189	-166768.33	university	speed	specialized	coop	max-debt	5	10000	-35134.13	136600.00	49.50	2	True	Bankruptcy: deeply negative cash
184	660ebe6e	1780978190	-64147.00	suburban	sweet	specialized	direct	balanced	5	10000	-5605.11	67800.00	72.50	120	True	Bankruptcy: deeply negative cash
185	660ebe6e	1780978191	5516.46	suburban	speed	manual	monthly	all-equity	5	10000	-5154.04	0.00	67.00	265	True	Bankruptcy: deeply negative cash
186	660ebe6e	1780978192	-63724.61	suburban	everyday	manual	monthly	balanced	5	10000	-5519.25	66000.00	60.50	123	True	Bankruptcy: deeply negative cash
187	660ebe6e	1780978193	-67956.98	mall	gourmet	specialized	coop	balanced	5	10000	-5027.78	67800.00	34.00	92	True	Bankruptcy: deeply negative cash
188	660ebe6e	1780978194	-169590.86	office	everyday	specialized	spot	max-debt	5	10000	-37955.87	136600.00	49.50	2	True	Bankruptcy: deeply negative cash
189	660ebe6e	1780978195	-136466.97	university	everyday	automated	coop	leveraged	5	10000	-24632.80	117100.00	52.50	2	True	Bankruptcy: deeply negative cash
190	660ebe6e	1780978196	-168089.84	suburban	sweet	specialized	direct	max-debt	5	10000	-36758.96	136600.00	52.50	2	True	Bankruptcy: deeply negative cash
191	660ebe6e	1780978197	50827.26	mall	everyday	automated	monthly	all-equity	5	10000	48229.60	0.00	7.50	122	True	Reputation collapse (< 15)
192	660ebe6e	1780978198	3908.34	office	speed	manual	monthly	all-equity	5	10000	-5692.48	0.00	53.00	322	True	Bankruptcy: deeply negative cash
193	660ebe6e	1780978199	-70572.90	office	everyday	specialized	spot	balanced	5	10000	-5216.33	69600.00	35.12	75	True	Bankruptcy: deeply negative cash
194	660ebe6e	1780978200	-178522.97	office	sweet	automated	coop	max-debt	5	10000	-47544.92	136600.00	56.00	2	True	Bankruptcy: deeply negative cash
195	660ebe6e	1780978201	-71851.45	office	gourmet	automated	coop	balanced	5	10000	-10059.16	67800.00	46.50	92	True	Bankruptcy: deeply negative cash
196	660ebe6e	1780978202	-73736.46	urban	speed	automated	monthly	balanced	5	10000	-7457.17	71400.00	44.00	47	True	Bankruptcy: deeply negative cash
197	660ebe6e	1780978203	-117882.01	university	everyday	manual	coop	leveraged	5	10000	-5600.60	117100.00	46.50	16	True	Bankruptcy: deeply negative cash
198	660ebe6e	1780978204	-116914.35	mall	speed	manual	spot	leveraged	5	10000	-7488.87	114200.00	39.98	34	True	Bankruptcy: deeply negative cash
199	660ebe6e	1780978205	-120606.79	office	speed	manual	monthly	leveraged	5	10000	-8902.35	117100.00	52.50	17	True	Bankruptcy: deeply negative cash
0	8976bde2	1780978438	-67648.38	urban	gourmet	manual	coop	balanced	5	10000	-5377.39	67800.00	39.00	113	True	Bankruptcy: deeply negative cash
1	8976bde2	1780978439	-167695.89	university	gourmet	specialized	spot	max-debt	5	10000	-36011.77	136600.00	49.00	2	True	Bankruptcy: deeply negative cash
2	8976bde2	1780978440	-168478.32	office	gourmet	specialized	direct	max-debt	5	10000	-37143.75	136600.00	52.50	2	True	Bankruptcy: deeply negative cash
3	8976bde2	1780978441	108633.31	mall	gourmet	automated	direct	all-equity	5	10000	103072.26	0.00	13.00	182	True	Reputation collapse (< 15)
4	8976bde2	1780978442	-69403.28	office	gourmet	manual	direct	balanced	5	10000	-5839.86	67800.00	32.50	105	True	Bankruptcy: deeply negative cash
5	8976bde2	1780978443	-140782.33	urban	everyday	automated	monthly	leveraged	5	10000	-29350.17	117100.00	56.50	2	True	Bankruptcy: deeply negative cash
6	8976bde2	1780978444	-3486.85	urban	speed	specialized	monthly	all-equity	5	10000	-7253.66	0.00	17.00	182	True	Bankruptcy: deeply negative cash
7	8976bde2	1780978445	-134981.86	mall	speed	automated	direct	leveraged	5	10000	-23704.08	117100.00	58.00	2	True	Bankruptcy: deeply negative cash
8	8976bde2	1780978446	120285.90	suburban	sweet	manual	direct	all-equity	5	10000	105751.01	0.00	70.50	361	True	Completed 360 days
9	8976bde2	1780978447	38513.05	urban	speed	specialized	spot	all-equity	5	10000	34885.09	0.00	14.50	146	True	Reputation collapse (< 15)
10	8976bde2	1780978448	-135617.31	mall	speed	automated	coop	leveraged	5	10000	-24086.43	117100.00	55.50	2	True	Bankruptcy: deeply negative cash
11	8976bde2	1780978449	3500.78	suburban	everyday	specialized	monthly	all-equity	5	10000	-6843.54	0.00	72.50	229	True	Bankruptcy: deeply negative cash
12	8976bde2	1780978450	-176534.95	mall	speed	automated	spot	max-debt	5	10000	-45454.52	136600.00	55.00	2	True	Bankruptcy: deeply negative cash
13	8976bde2	1780978451	-128971.95	suburban	everyday	specialized	monthly	leveraged	5	10000	-16934.12	117100.00	50.50	2	True	Bankruptcy: deeply negative cash
14	8976bde2	1780978452	-126773.16	university	sweet	specialized	coop	leveraged	5	10000	-14638.68	117100.00	49.50	2	True	Bankruptcy: deeply negative cash
15	8976bde2	1780978453	-140265.02	urban	sweet	automated	coop	leveraged	5	10000	-28788.10	117100.00	56.00	2	True	Bankruptcy: deeply negative cash
16	8976bde2	1780978454	-168182.63	suburban	gourmet	specialized	direct	max-debt	5	10000	-36848.15	136600.00	52.50	2	True	Bankruptcy: deeply negative cash
17	8976bde2	1780978455	-169078.22	office	speed	specialized	monthly	max-debt	5	10000	-37543.83	136600.00	50.50	2	True	Bankruptcy: deeply negative cash
18	8976bde2	1780978456	12045.32	urban	speed	specialized	spot	all-equity	5	10000	6756.76	0.00	14.50	250	True	Reputation collapse (< 15)
19	8976bde2	1780978457	-153065.54	office	sweet	manual	spot	max-debt	5	10000	-20636.92	136600.00	41.50	2	True	Bankruptcy: deeply negative cash
20	8976bde2	1780978458	-71814.99	university	everyday	automated	coop	balanced	5	10000	-5670.61	71400.00	45.00	59	True	Bankruptcy: deeply negative cash
21	8976bde2	1780978459	-66388.08	mall	gourmet	specialized	direct	balanced	5	10000	-5023.10	66000.00	22.00	135	True	Bankruptcy: deeply negative cash
22	8976bde2	1780978460	-65821.31	suburban	speed	automated	direct	balanced	5	10000	-5977.19	67800.00	64.00	92	True	Bankruptcy: deeply negative cash
23	8976bde2	1780978461	-538.58	university	sweet	specialized	spot	all-equity	5	10000	-5373.09	0.00	18.50	260	True	Bankruptcy: deeply negative cash
24	8976bde2	1780978462	124774.01	suburban	sweet	specialized	direct	all-equity	5	10000	106879.12	0.00	91.50	361	True	Completed 360 days
25	8976bde2	1780978463	-128571.39	suburban	gourmet	specialized	coop	leveraged	5	10000	-16432.85	117100.00	49.50	2	True	Bankruptcy: deeply negative cash
26	8976bde2	1780978464	-136129.98	university	sweet	automated	coop	leveraged	5	10000	-24596.71	117100.00	55.50	2	True	Bankruptcy: deeply negative cash
27	8976bde2	1780978465	2718.55	suburban	gourmet	automated	spot	all-equity	5	10000	-7970.81	0.00	49.00	335	True	Bankruptcy: deeply negative cash
28	8976bde2	1780978466	32807.53	mall	everyday	automated	monthly	all-equity	5	10000	29334.31	0.00	14.50	140	True	Reputation collapse (< 15)
29	8976bde2	1780978467	-375.96	office	everyday	manual	monthly	all-equity	5	10000	-8028.74	0.00	51.50	234	True	Bankruptcy: deeply negative cash
30	8976bde2	1780978468	45929.20	urban	everyday	specialized	spot	all-equity	5	10000	42566.41	0.00	5.00	182	True	Reputation collapse (< 15)
31	8976bde2	1780978469	-119929.50	university	everyday	manual	spot	leveraged	5	10000	-7809.08	117100.00	48.50	14	True	Bankruptcy: deeply negative cash
32	8976bde2	1780978470	-117066.47	urban	sweet	manual	coop	leveraged	5	10000	-8313.31	114200.00	48.50	32	True	Bankruptcy: deeply negative cash
33	8976bde2	1780978471	-171034.45	urban	gourmet	specialized	monthly	max-debt	5	10000	-39451.89	136600.00	50.00	2	True	Bankruptcy: deeply negative cash
34	8976bde2	1780978472	1985.36	urban	speed	manual	direct	all-equity	5	10000	-5291.53	0.00	50.50	197	True	Bankruptcy: deeply negative cash
35	8976bde2	1780978473	-169032.93	suburban	speed	specialized	monthly	max-debt	5	10000	-37444.16	136600.00	50.00	2	True	Bankruptcy: deeply negative cash
36	8976bde2	1780978474	-180877.50	urban	speed	automated	spot	max-debt	5	10000	-49796.06	136600.00	55.00	2	True	Bankruptcy: deeply negative cash
37	8976bde2	1780978475	-64451.84	suburban	gourmet	manual	monthly	balanced	5	10000	-6834.47	66000.00	65.00	122	True	Bankruptcy: deeply negative cash
38	8976bde2	1780978476	92247.00	mall	sweet	manual	direct	all-equity	5	10000	88115.94	0.00	14.50	153	True	Reputation collapse (< 15)
39	8976bde2	1780978477	-117939.68	university	sweet	manual	spot	leveraged	5	10000	-8716.95	114200.00	45.00	32	True	Bankruptcy: deeply negative cash
40	8976bde2	1780978478	-171457.72	urban	sweet	specialized	spot	max-debt	5	10000	-39826.04	136600.00	49.50	2	True	Bankruptcy: deeply negative cash
41	8976bde2	1780978479	-180806.84	urban	speed	automated	spot	max-debt	5	10000	-49775.62	136600.00	55.50	2	True	Bankruptcy: deeply negative cash
42	8976bde2	1780978480	-18084.44	suburban	sweet	automated	direct	balanced	5	10000	21026.28	53400.00	61.00	361	True	Completed 360 days
43	8976bde2	1780978481	-58023.45	mall	gourmet	specialized	coop	balanced	5	10000	1068.09	64200.00	14.50	178	True	Reputation collapse (< 15)
44	8976bde2	1780978482	-119887.86	suburban	everyday	manual	direct	leveraged	5	10000	-11573.88	114200.00	54.50	32	True	Bankruptcy: deeply negative cash
45	8976bde2	1780978483	-73654.42	urban	gourmet	automated	spot	balanced	5	10000	-9878.91	69600.00	49.00	62	True	Bankruptcy: deeply negative cash
46	8976bde2	1780978484	21823.85	urban	everyday	specialized	monthly	all-equity	5	10000	17747.83	0.00	14.00	196	True	Reputation collapse (< 15)
47	8976bde2	1780978485	-66585.31	office	gourmet	specialized	coop	balanced	5	10000	-5490.51	67800.00	52.00	105	True	Bankruptcy: deeply negative cash
48	8976bde2	1780978486	-137937.93	office	everyday	automated	direct	leveraged	5	10000	-26702.37	117100.00	58.50	2	True	Bankruptcy: deeply negative cash
49	8976bde2	1780978487	-70803.22	office	sweet	automated	monthly	balanced	5	10000	-9515.00	67800.00	51.50	92	True	Bankruptcy: deeply negative cash
50	8976bde2	1780978488	-180662.39	urban	everyday	automated	monthly	max-debt	5	10000	-49429.91	136600.00	53.50	2	True	Bankruptcy: deeply negative cash
51	8976bde2	1780978489	-122944.04	urban	sweet	manual	spot	leveraged	5	10000	-10648.81	117100.00	46.50	13	True	Bankruptcy: deeply negative cash
52	8976bde2	1780978490	-137911.88	suburban	everyday	automated	coop	leveraged	5	10000	-26424.07	117100.00	56.00	2	True	Bankruptcy: deeply negative cash
53	8976bde2	1780978491	-135162.89	mall	sweet	automated	direct	leveraged	5	10000	-23638.51	117100.00	55.50	2	True	Bankruptcy: deeply negative cash
54	8976bde2	1780978492	-67528.99	mall	gourmet	manual	monthly	balanced	5	10000	-2722.04	67800.00	14.50	105	True	Reputation collapse (< 15)
55	8976bde2	1780978493	-67928.38	office	sweet	specialized	monthly	balanced	5	10000	-5179.39	69600.00	57.00	91	True	Bankruptcy: deeply negative cash
56	8976bde2	1780978494	-71513.99	suburban	everyday	automated	spot	balanced	5	10000	-6629.51	71400.00	59.00	51	True	Bankruptcy: deeply negative cash
57	8976bde2	1780978495	-120781.16	office	everyday	manual	monthly	leveraged	5	10000	-8822.34	117100.00	50.00	16	True	Bankruptcy: deeply negative cash
58	8976bde2	1780978496	4871.81	suburban	everyday	manual	monthly	all-equity	5	10000	-5347.29	0.00	67.00	249	True	Bankruptcy: deeply negative cash
59	8976bde2	1780978497	3151.60	suburban	sweet	specialized	spot	all-equity	5	10000	-5272.08	0.00	55.00	243	True	Bankruptcy: deeply negative cash
60	8976bde2	1780978498	47288.56	mall	everyday	automated	direct	all-equity	5	10000	43417.42	0.00	13.50	152	True	Reputation collapse (< 15)
61	8976bde2	1780978499	-123523.59	mall	gourmet	manual	spot	leveraged	5	10000	-13841.89	114200.00	38.00	32	True	Bankruptcy: deeply negative cash
62	8976bde2	1780978500	-141042.56	urban	speed	automated	spot	leveraged	5	10000	-29515.10	117100.00	55.50	2	True	Bankruptcy: deeply negative cash
63	8976bde2	1780978501	-67067.75	office	gourmet	specialized	direct	balanced	5	10000	-5222.83	67800.00	42.48	120	True	Bankruptcy: deeply negative cash
64	8976bde2	1780978502	-165604.63	mall	sweet	specialized	direct	max-debt	5	10000	-34226.76	136600.00	52.00	2	True	Bankruptcy: deeply negative cash
65	8976bde2	1780978503	1156.26	office	sweet	manual	coop	all-equity	5	10000	-7373.93	0.00	38.00	332	True	Bankruptcy: deeply negative cash
66	8976bde2	1780978504	-168244.20	suburban	gourmet	specialized	direct	max-debt	5	10000	-36608.16	136600.00	49.50	2	True	Bankruptcy: deeply negative cash
67	8976bde2	1780978505	-126373.92	university	speed	specialized	direct	leveraged	5	10000	-14488.45	117100.00	52.00	2	True	Bankruptcy: deeply negative cash
68	8976bde2	1780978506	4029.31	suburban	everyday	automated	direct	all-equity	5	10000	-5076.59	0.00	58.50	249	True	Bankruptcy: deeply negative cash
69	8976bde2	1780978507	-138362.52	office	everyday	automated	coop	leveraged	5	10000	-26828.08	117100.00	55.50	2	True	Bankruptcy: deeply negative cash
70	8976bde2	1780978508	-179187.30	suburban	everyday	automated	spot	max-debt	5	10000	-48097.82	136600.00	55.00	2	True	Bankruptcy: deeply negative cash
71	8976bde2	1780978509	-140337.39	urban	speed	automated	coop	leveraged	5	10000	-28804.16	117100.00	55.50	2	True	Bankruptcy: deeply negative cash
72	8976bde2	1780978510	-64521.45	mall	speed	manual	monthly	balanced	5	10000	-5086.73	64200.00	15.50	172	True	Bankruptcy: deeply negative cash
73	8976bde2	1780978511	4669.80	suburban	everyday	specialized	coop	all-equity	5	10000	-7270.40	0.00	68.50	302	True	Bankruptcy: deeply negative cash
74	8976bde2	1780978512	-175415.48	mall	speed	automated	direct	max-debt	5	10000	-44334.90	136600.00	55.00	2	True	Bankruptcy: deeply negative cash
75	8976bde2	1780978513	-177992.18	suburban	sweet	automated	monthly	max-debt	5	10000	-47055.91	136600.00	56.50	2	True	Bankruptcy: deeply negative cash
76	8976bde2	1780978514	102946.22	mall	gourmet	manual	coop	all-equity	5	10000	98993.99	0.00	5.00	182	True	Reputation collapse (< 15)
77	8976bde2	1780978515	-72075.73	urban	speed	specialized	spot	balanced	5	10000	-7210.88	69600.00	40.50	62	True	Bankruptcy: deeply negative cash
78	8976bde2	1780978516	-115390.71	mall	gourmet	manual	spot	leveraged	5	10000	-8869.63	111300.00	32.50	62	True	Bankruptcy: deeply negative cash
79	8976bde2	1780978517	-126526.88	mall	speed	specialized	monthly	leveraged	5	10000	-14442.51	117100.00	50.00	2	True	Bankruptcy: deeply negative cash
80	8976bde2	1780978518	-126559.85	mall	speed	specialized	coop	leveraged	5	10000	-14127.78	117100.00	46.50	2	True	Bankruptcy: deeply negative cash
81	8976bde2	1780978519	-169769.01	suburban	sweet	specialized	spot	max-debt	5	10000	-38078.11	136600.00	49.00	2	True	Bankruptcy: deeply negative cash
82	8976bde2	1780978520	113023.69	mall	gourmet	manual	direct	all-equity	5	10000	106955.86	0.00	14.00	212	True	Reputation collapse (< 15)
83	8976bde2	1780978521	-137742.93	suburban	gourmet	automated	coop	leveraged	5	10000	-26209.59	117100.00	55.50	2	True	Bankruptcy: deeply negative cash
84	8976bde2	1780978522	-128480.58	suburban	speed	specialized	direct	leveraged	5	10000	-16291.24	117100.00	49.00	2	True	Bankruptcy: deeply negative cash
85	8976bde2	1780978523	-119565.15	urban	sweet	manual	spot	leveraged	5	10000	-6838.48	117100.00	41.50	14	True	Bankruptcy: deeply negative cash
86	8976bde2	1780978524	-63428.59	university	speed	manual	direct	balanced	5	10000	-5798.99	64200.00	42.00	152	True	Bankruptcy: deeply negative cash
87	8976bde2	1780978525	52929.06	mall	gourmet	specialized	monthly	all-equity	5	10000	49103.83	0.00	7.50	182	True	Reputation collapse (< 15)
88	8976bde2	1780978526	-61771.61	suburban	gourmet	automated	coop	balanced	5	10000	-5069.65	66000.00	64.00	151	True	Bankruptcy: deeply negative cash
89	8976bde2	1780978527	-130922.29	urban	sweet	specialized	coop	leveraged	5	10000	-18846.03	117100.00	50.00	2	True	Bankruptcy: deeply negative cash
90	8976bde2	1780978528	-150753.26	suburban	gourmet	manual	direct	max-debt	5	10000	-19622.92	136600.00	54.50	2	True	Bankruptcy: deeply negative cash
91	8976bde2	1780978529	5475.44	suburban	speed	automated	spot	all-equity	5	10000	-5088.36	0.00	67.00	246	True	Bankruptcy: deeply negative cash
92	8976bde2	1780978530	-69089.60	university	speed	automated	monthly	balanced	5	10000	-6820.52	67800.00	42.00	92	True	Bankruptcy: deeply negative cash
93	8976bde2	1780978531	-118953.09	suburban	sweet	manual	spot	leveraged	5	10000	-7244.53	117100.00	52.00	15	True	Bankruptcy: deeply negative cash
94	8976bde2	1780978532	-117875.75	university	sweet	manual	spot	leveraged	5	10000	-8588.87	114200.00	44.50	32	True	Bankruptcy: deeply negative cash
95	8976bde2	1780978533	-128954.72	suburban	gourmet	specialized	monthly	leveraged	5	10000	-16567.84	117100.00	47.00	2	True	Bankruptcy: deeply negative cash
96	8976bde2	1780978534	-116551.75	suburban	speed	manual	coop	leveraged	5	10000	-5051.95	117100.00	52.50	26	True	Bankruptcy: deeply negative cash
97	8976bde2	1780978535	-66715.52	urban	sweet	manual	direct	balanced	5	10000	-5138.55	66000.00	23.50	124	True	Bankruptcy: deeply negative cash
98	8976bde2	1780978536	-71172.08	urban	gourmet	automated	spot	balanced	5	10000	-5333.04	71400.00	51.00	35	True	Bankruptcy: deeply negative cash
99	8976bde2	1780978537	-67457.48	university	everyday	manual	coop	balanced	5	10000	-5365.12	66000.00	23.00	126	True	Bankruptcy: deeply negative cash
100	8976bde2	1780978538	-69717.32	urban	sweet	specialized	monthly	balanced	5	10000	-5890.84	67800.00	24.50	95	True	Bankruptcy: deeply negative cash
101	8976bde2	1780978539	-120486.85	office	speed	manual	spot	leveraged	5	10000	-8614.14	117100.00	50.50	17	True	Bankruptcy: deeply negative cash
102	8976bde2	1780978540	-72651.26	university	sweet	specialized	direct	balanced	5	10000	-9870.87	67800.00	36.50	92	True	Bankruptcy: deeply negative cash
103	8976bde2	1780978541	-135593.07	mall	gourmet	automated	monthly	leveraged	5	10000	-24114.89	117100.00	56.00	2	True	Bankruptcy: deeply negative cash
104	8976bde2	1780978542	-169645.42	office	everyday	specialized	direct	max-debt	5	10000	-37258.55	136600.00	42.00	2	True	Bankruptcy: deeply negative cash
105	8976bde2	1780978543	-72965.95	mall	speed	automated	coop	balanced	5	10000	-5436.79	71400.00	30.50	53	True	Bankruptcy: deeply negative cash
106	8976bde2	1780978544	-11663.83	mall	sweet	manual	spot	balanced	5	10000	54186.23	69600.00	14.50	90	True	Reputation collapse (< 15)
107	8976bde2	1780978545	-131245.53	urban	gourmet	specialized	coop	leveraged	5	10000	-18812.13	117100.00	46.50	2	True	Bankruptcy: deeply negative cash
108	8976bde2	1780978546	-127258.71	mall	sweet	specialized	monthly	leveraged	5	10000	-14179.78	117100.00	40.00	2	True	Bankruptcy: deeply negative cash
109	8976bde2	1780978547	-535.13	office	speed	automated	spot	all-equity	5	10000	-8260.81	0.00	44.00	242	True	Bankruptcy: deeply negative cash
110	8976bde2	1780978548	-139085.08	office	sweet	automated	spot	leveraged	5	10000	-27254.11	117100.00	52.50	2	True	Bankruptcy: deeply negative cash
111	8976bde2	1780978549	-322.19	office	everyday	specialized	spot	all-equity	5	10000	-5040.63	0.00	29.88	187	True	Bankruptcy: deeply negative cash
112	8976bde2	1780978550	-70572.95	urban	everyday	specialized	spot	balanced	5	10000	-6515.06	69600.00	47.00	62	True	Bankruptcy: deeply negative cash
113	8976bde2	1780978551	-66352.19	mall	everyday	specialized	coop	balanced	5	10000	-5369.69	66000.00	27.50	124	True	Bankruptcy: deeply negative cash
114	8976bde2	1780978552	-73063.00	urban	speed	specialized	monthly	balanced	5	10000	-5600.86	71400.00	34.50	50	True	Bankruptcy: deeply negative cash
115	8976bde2	1780978553	-136342.58	university	speed	automated	monthly	leveraged	5	10000	-24857.55	117100.00	56.00	2	True	Bankruptcy: deeply negative cash
116	8976bde2	1780978554	-2278.46	university	speed	automated	monthly	all-equity	5	10000	-5089.13	0.00	15.50	164	True	Bankruptcy: deeply negative cash
117	8976bde2	1780978555	-150110.48	mall	everyday	manual	spot	max-debt	5	10000	-18326.08	136600.00	48.00	2	True	Bankruptcy: deeply negative cash
118	8976bde2	1780978556	2995.99	urban	everyday	automated	direct	all-equity	5	10000	-5015.21	0.00	57.00	184	True	Bankruptcy: deeply negative cash
119	8976bde2	1780978557	-120496.64	suburban	everyday	manual	spot	leveraged	5	10000	-7561.49	117100.00	40.00	15	True	Bankruptcy: deeply negative cash
120	8976bde2	1780978558	-127538.43	university	everyday	specialized	spot	leveraged	5	10000	-15351.70	117100.00	49.00	2	True	Bankruptcy: deeply negative cash
121	8976bde2	1780978559	-129269.43	office	sweet	specialized	coop	leveraged	5	10000	-16837.08	117100.00	46.50	2	True	Bankruptcy: deeply negative cash
122	8976bde2	1780978560	1980.01	office	speed	automated	spot	all-equity	5	10000	-5234.42	0.00	48.14	204	True	Bankruptcy: deeply negative cash
123	8976bde2	1780978561	-72543.18	suburban	sweet	automated	coop	balanced	5	10000	-10128.08	67800.00	40.76	92	True	Bankruptcy: deeply negative cash
124	8976bde2	1780978562	-115181.26	mall	sweet	manual	coop	leveraged	5	10000	-6276.84	114200.00	38.00	60	True	Bankruptcy: deeply negative cash
125	8976bde2	1780978563	-171321.19	urban	everyday	specialized	monthly	max-debt	5	10000	-39788.09	136600.00	50.50	2	True	Bankruptcy: deeply negative cash
126	8976bde2	1780978564	-178660.54	office	gourmet	automated	coop	max-debt	5	10000	-47326.67	136600.00	52.50	2	True	Bankruptcy: deeply negative cash
127	8976bde2	1780978565	-71794.98	university	speed	specialized	coop	balanced	5	10000	-5128.79	69600.00	21.00	87	True	Bankruptcy: deeply negative cash
128	8976bde2	1780978566	-136390.69	university	speed	automated	spot	leveraged	5	10000	-24765.50	117100.00	54.50	2	True	Bankruptcy: deeply negative cash
129	8976bde2	1780978567	-116948.26	suburban	everyday	manual	spot	leveraged	5	10000	-5159.18	117100.00	51.00	14	True	Bankruptcy: deeply negative cash
130	8976bde2	1780978568	-180961.92	urban	sweet	automated	spot	max-debt	5	10000	-49584.70	136600.00	52.00	2	True	Bankruptcy: deeply negative cash
131	8976bde2	1780978569	-130945.29	urban	sweet	specialized	monthly	leveraged	5	10000	-18864.12	117100.00	50.00	2	True	Bankruptcy: deeply negative cash
132	8976bde2	1780978570	-64527.85	mall	everyday	manual	monthly	balanced	5	10000	-5031.57	64200.00	19.00	153	True	Bankruptcy: deeply negative cash
133	8976bde2	1780978571	-175091.66	mall	everyday	automated	direct	max-debt	5	10000	-44263.24	136600.00	57.50	2	True	Bankruptcy: deeply negative cash
134	8976bde2	1780978572	-107327.03	mall	sweet	manual	direct	leveraged	5	10000	-2835.28	108400.00	14.70	103	True	Reputation collapse (< 15)
135	8976bde2	1780978573	26883.45	mall	everyday	automated	spot	all-equity	5	10000	23041.91	0.00	14.50	160	True	Reputation collapse (< 15)
136	8976bde2	1780978574	-66960.54	suburban	everyday	automated	direct	balanced	5	10000	-5895.49	69600.00	71.50	85	True	Bankruptcy: deeply negative cash
137	8976bde2	1780978575	-140650.73	urban	sweet	automated	coop	leveraged	5	10000	-29118.75	117100.00	55.50	2	True	Bankruptcy: deeply negative cash
138	8976bde2	1780978576	64428.68	university	sweet	automated	monthly	all-equity	5	10000	60958.38	0.00	14.50	138	True	Reputation collapse (< 15)
139	8976bde2	1780978577	-136342.47	university	sweet	automated	monthly	leveraged	5	10000	-24857.80	117100.00	56.00	2	True	Bankruptcy: deeply negative cash
140	8976bde2	1780978578	-1748.84	university	gourmet	automated	monthly	all-equity	5	10000	-6121.87	0.00	20.50	212	True	Bankruptcy: deeply negative cash
141	8976bde2	1780978579	-131380.43	urban	sweet	specialized	monthly	leveraged	5	10000	-18996.61	117100.00	47.00	2	True	Bankruptcy: deeply negative cash
142	8976bde2	1780978580	-178477.70	office	speed	automated	coop	max-debt	5	10000	-47490.19	136600.00	56.00	2	True	Bankruptcy: deeply negative cash
143	8976bde2	1780978581	54051.13	university	speed	specialized	coop	all-equity	5	10000	50888.90	0.00	14.74	143	True	Reputation collapse (< 15)
144	8976bde2	1780978582	-120032.17	mall	gourmet	manual	spot	leveraged	5	10000	-10597.86	114200.00	40.50	35	True	Bankruptcy: deeply negative cash
145	8976bde2	1780978583	-113367.98	suburban	gourmet	manual	direct	leveraged	5	10000	-5437.21	114200.00	57.00	32	True	Bankruptcy: deeply negative cash
146	8976bde2	1780978584	-169258.67	suburban	sweet	specialized	coop	max-debt	5	10000	-36676.00	136600.00	40.00	2	True	Bankruptcy: deeply negative cash
147	8976bde2	1780978585	-169470.24	office	sweet	specialized	spot	max-debt	5	10000	-37837.96	136600.00	49.50	2	True	Bankruptcy: deeply negative cash
148	8976bde2	1780978586	-119012.36	suburban	speed	manual	spot	leveraged	5	10000	-7313.25	117100.00	52.00	15	True	Bankruptcy: deeply negative cash
149	8976bde2	1780978587	-179246.38	office	speed	automated	spot	max-debt	5	10000	-48212.61	136600.00	55.50	2	True	Bankruptcy: deeply negative cash
150	8976bde2	1780978588	-69212.32	suburban	speed	manual	spot	balanced	5	10000	-5333.77	67800.00	25.96	108	True	Bankruptcy: deeply negative cash
151	8976bde2	1780978589	3217.94	office	speed	automated	coop	all-equity	5	10000	-5183.05	0.00	60.80	202	True	Bankruptcy: deeply negative cash
152	8976bde2	1780978590	-69617.72	office	sweet	specialized	monthly	balanced	5	10000	-7607.93	67800.00	46.50	92	True	Bankruptcy: deeply negative cash
153	8976bde2	1780978591	-154670.15	urban	everyday	manual	spot	max-debt	5	10000	-23187.25	136600.00	51.00	2	True	Bankruptcy: deeply negative cash
154	8976bde2	1780978592	-69163.18	office	everyday	manual	spot	balanced	5	10000	-5074.77	69600.00	47.50	76	True	Bankruptcy: deeply negative cash
155	8976bde2	1780978593	2655.55	office	gourmet	automated	spot	all-equity	5	10000	-5404.01	0.00	60.50	183	True	Bankruptcy: deeply negative cash
156	8976bde2	1780978594	-149365.53	mall	gourmet	manual	monthly	max-debt	5	10000	-17985.93	136600.00	52.00	2	True	Bankruptcy: deeply negative cash
157	8976bde2	1780978595	36934.07	office	sweet	manual	coop	all-equity	5	10000	24183.01	0.00	68.00	361	True	Completed 360 days
158	8976bde2	1780978596	-115852.85	mall	sweet	manual	direct	leveraged	5	10000	-8846.69	111300.00	28.00	62	True	Bankruptcy: deeply negative cash
159	8976bde2	1780978597	91975.53	university	gourmet	automated	monthly	all-equity	5	10000	89206.29	0.00	5.20	122	True	Reputation collapse (< 15)
160	8976bde2	1780978598	-175934.12	mall	gourmet	automated	monthly	max-debt	5	10000	-44955.14	136600.00	56.00	2	True	Bankruptcy: deeply negative cash
161	8976bde2	1780978599	86947.50	mall	gourmet	specialized	monthly	all-equity	5	10000	82576.89	0.00	14.50	147	True	Reputation collapse (< 15)
162	8976bde2	1780978600	-153682.44	urban	speed	manual	coop	max-debt	5	10000	-22249.56	136600.00	51.50	2	True	Bankruptcy: deeply negative cash
163	8976bde2	1780978601	-139040.56	suburban	speed	automated	monthly	leveraged	5	10000	-26553.61	117100.00	46.00	2	True	Bankruptcy: deeply negative cash
164	8976bde2	1780978602	-68702.21	suburban	gourmet	specialized	direct	balanced	5	10000	-7902.91	67800.00	55.00	92	True	Bankruptcy: deeply negative cash
165	8976bde2	1780978603	-70463.14	urban	gourmet	automated	direct	balanced	5	10000	-5467.47	69600.00	37.00	62	True	Bankruptcy: deeply negative cash
166	8976bde2	1780978604	-177589.71	suburban	speed	automated	direct	max-debt	5	10000	-46800.37	136600.00	58.00	2	True	Bankruptcy: deeply negative cash
167	8976bde2	1780978605	1441.29	office	speed	automated	direct	all-equity	5	10000	-5318.63	0.00	41.94	222	True	Bankruptcy: deeply negative cash
168	8976bde2	1780978606	-126817.84	mall	sweet	specialized	spot	leveraged	5	10000	-14643.81	117100.00	49.00	2	True	Bankruptcy: deeply negative cash
169	8976bde2	1780978607	62699.76	suburban	gourmet	specialized	coop	all-equity	5	10000	46485.98	0.00	84.50	361	True	Completed 360 days
170	8976bde2	1780978608	-65954.05	suburban	gourmet	specialized	direct	balanced	5	10000	-5608.16	67800.00	61.50	92	True	Bankruptcy: deeply negative cash
171	8976bde2	1780978609	-168778.54	office	sweet	specialized	direct	max-debt	5	10000	-37444.49	136600.00	52.50	2	True	Bankruptcy: deeply negative cash
172	8976bde2	1780978610	-126763.98	mall	gourmet	specialized	spot	leveraged	5	10000	-14590.83	117100.00	49.00	2	True	Bankruptcy: deeply negative cash
173	8976bde2	1780978611	-119595.75	university	everyday	manual	coop	leveraged	5	10000	-9541.45	114200.00	37.50	32	True	Bankruptcy: deeply negative cash
174	8976bde2	1780978612	-51517.96	mall	sweet	specialized	spot	balanced	5	10000	10326.11	66000.00	14.00	125	True	Reputation collapse (< 15)
175	8976bde2	1780978613	-74558.24	suburban	gourmet	specialized	spot	balanced	5	10000	-13283.25	67800.00	52.00	92	True	Bankruptcy: deeply negative cash
176	8976bde2	1780978614	-149532.86	mall	sweet	manual	coop	max-debt	5	10000	-18099.71	136600.00	51.50	2	True	Bankruptcy: deeply negative cash
177	8976bde2	1780978615	-171540.51	urban	gourmet	specialized	spot	max-debt	5	10000	-39858.20	136600.00	49.00	2	True	Bankruptcy: deeply negative cash
178	8976bde2	1780978616	-69847.28	office	sweet	automated	spot	balanced	5	10000	-9782.66	67800.00	63.50	92	True	Bankruptcy: deeply negative cash
179	8976bde2	1780978617	-880.76	suburban	speed	specialized	direct	all-equity	5	10000	-6333.23	0.00	21.10	272	True	Bankruptcy: deeply negative cash
180	8976bde2	1780978618	-153370.73	urban	gourmet	manual	direct	max-debt	5	10000	-22242.37	136600.00	54.50	2	True	Bankruptcy: deeply negative cash
181	8976bde2	1780978619	36630.30	mall	sweet	manual	spot	all-equity	5	10000	32621.04	0.00	14.00	182	True	Reputation collapse (< 15)
182	8976bde2	1780978620	-122003.81	office	everyday	manual	spot	leveraged	5	10000	-10137.58	117100.00	51.00	15	True	Bankruptcy: deeply negative cash
183	8976bde2	1780978621	-69679.73	university	gourmet	specialized	spot	balanced	5	10000	-5231.83	69600.00	43.00	71	True	Bankruptcy: deeply negative cash
184	8976bde2	1780978622	-170670.86	urban	everyday	specialized	direct	max-debt	5	10000	-39340.71	136600.00	52.50	2	True	Bankruptcy: deeply negative cash
185	8976bde2	1780978623	-176240.06	university	gourmet	automated	coop	max-debt	5	10000	-45204.81	136600.00	55.50	2	True	Bankruptcy: deeply negative cash
186	8976bde2	1780978624	-67123.11	urban	gourmet	manual	direct	balanced	5	10000	-5200.88	67800.00	42.50	104	True	Bankruptcy: deeply negative cash
187	8976bde2	1780978625	-138532.87	suburban	everyday	automated	monthly	leveraged	5	10000	-27042.33	117100.00	56.00	2	True	Bankruptcy: deeply negative cash
188	8976bde2	1780978626	-72538.08	urban	sweet	manual	spot	balanced	5	10000	-12902.76	66000.00	41.50	122	True	Bankruptcy: deeply negative cash
189	8976bde2	1780978627	7069.69	university	gourmet	automated	spot	all-equity	5	10000	2557.62	0.00	14.50	243	True	Reputation collapse (< 15)
190	8976bde2	1780978628	-73373.05	mall	everyday	automated	spot	balanced	5	10000	-7629.00	69600.00	27.50	68	True	Bankruptcy: deeply negative cash
191	8976bde2	1780978629	-66425.53	university	gourmet	manual	monthly	balanced	5	10000	-5080.67	66000.00	30.50	122	True	Bankruptcy: deeply negative cash
192	8976bde2	1780978630	77039.00	university	gourmet	automated	coop	all-equity	5	10000	73309.55	0.00	14.50	122	True	Reputation collapse (< 15)
193	8976bde2	1780978631	-130713.14	urban	speed	specialized	coop	leveraged	5	10000	-18633.32	117100.00	50.00	2	True	Bankruptcy: deeply negative cash
194	8976bde2	1780978632	-175944.62	mall	everyday	automated	coop	max-debt	5	10000	-44613.20	136600.00	52.50	2	True	Bankruptcy: deeply negative cash
195	8976bde2	1780978633	3095.35	suburban	everyday	specialized	spot	all-equity	5	10000	-8692.52	0.00	69.00	296	True	Bankruptcy: deeply negative cash
196	8976bde2	1780978634	-176220.88	university	speed	automated	coop	max-debt	5	10000	-45186.00	136600.00	55.50	2	True	Bankruptcy: deeply negative cash
197	8976bde2	1780978635	-116996.45	university	speed	manual	direct	leveraged	5	10000	-5186.47	117100.00	50.50	22	True	Bankruptcy: deeply negative cash
198	8976bde2	1780978636	-148667.74	mall	sweet	manual	direct	max-debt	5	10000	-17190.77	136600.00	51.00	2	True	Bankruptcy: deeply negative cash
199	8976bde2	1780978637	-72285.79	urban	everyday	automated	monthly	balanced	5	10000	-9012.05	69600.00	54.00	62	True	Bankruptcy: deeply negative cash
0	8b9ce3d6	1780978515	-118028.00	university	everyday	manual	spot	leveraged	5	10000	-5595.42	117100.00	45.00	14	True	Bankruptcy: deeply negative cash
1	8b9ce3d6	1780978516	-178520.33	suburban	sweet	automated	spot	max-debt	5	10000	-47483.15	136600.00	55.50	2	True	Bankruptcy: deeply negative cash
2	8b9ce3d6	1780978517	-171313.20	urban	everyday	specialized	coop	max-debt	5	10000	-39677.77	136600.00	49.50	2	True	Bankruptcy: deeply negative cash
3	8b9ce3d6	1780978518	-138261.12	office	everyday	automated	direct	leveraged	5	10000	-26725.28	117100.00	55.50	2	True	Bankruptcy: deeply negative cash
4	8b9ce3d6	1780978519	-171698.79	urban	everyday	specialized	monthly	max-debt	5	10000	-40111.05	136600.00	50.00	2	True	Bankruptcy: deeply negative cash
5	8b9ce3d6	1780978520	-71312.33	university	speed	specialized	direct	balanced	5	10000	-8598.85	66000.00	15.50	122	True	Bankruptcy: deeply negative cash
6	8b9ce3d6	1780978521	-175687.35	mall	everyday	automated	monthly	max-debt	5	10000	-44707.50	136600.00	56.00	2	True	Bankruptcy: deeply negative cash
7	8b9ce3d6	1780978522	54256.17	urban	everyday	manual	coop	all-equity	5	10000	50699.95	0.00	8.00	182	True	Reputation collapse (< 15)
8	8b9ce3d6	1780978523	53978.99	university	everyday	automated	coop	all-equity	5	10000	51084.91	0.00	14.36	124	True	Reputation collapse (< 15)
9	8b9ce3d6	1780978524	-127310.25	university	sweet	specialized	coop	leveraged	5	10000	-15171.66	117100.00	49.50	2	True	Bankruptcy: deeply negative cash
10	8b9ce3d6	1780978525	-1470.04	office	everyday	specialized	coop	all-equity	5	10000	-5188.56	0.00	20.58	193	True	Bankruptcy: deeply negative cash
11	8b9ce3d6	1780978526	-180470.12	urban	speed	automated	coop	max-debt	5	10000	-49188.65	136600.00	53.00	2	True	Bankruptcy: deeply negative cash
12	8b9ce3d6	1780978527	-150139.46	mall	sweet	manual	spot	max-debt	5	10000	-18656.45	136600.00	51.00	2	True	Bankruptcy: deeply negative cash
13	8b9ce3d6	1780978528	-175700.29	mall	gourmet	automated	coop	max-debt	5	10000	-44667.43	136600.00	55.50	2	True	Bankruptcy: deeply negative cash
14	8b9ce3d6	1780978529	62439.81	mall	speed	automated	monthly	all-equity	5	10000	57227.70	0.00	14.00	192	True	Reputation collapse (< 15)
15	8b9ce3d6	1780978530	-152181.26	office	gourmet	manual	spot	max-debt	5	10000	-20701.35	136600.00	51.00	2	True	Bankruptcy: deeply negative cash
16	8b9ce3d6	1780978531	-69595.28	suburban	everyday	automated	coop	balanced	5	10000	-5180.78	71400.00	64.00	53	True	Bankruptcy: deeply negative cash
17	8b9ce3d6	1780978532	-149231.55	mall	sweet	manual	monthly	max-debt	5	10000	-17850.92	136600.00	52.00	2	True	Bankruptcy: deeply negative cash
18	8b9ce3d6	1780978533	-127687.98	university	gourmet	specialized	spot	leveraged	5	10000	-15204.38	117100.00	46.00	2	True	Bankruptcy: deeply negative cash
19	8b9ce3d6	1780978534	-73706.56	suburban	speed	automated	direct	balanced	5	10000	-8725.55	71400.00	58.00	51	True	Bankruptcy: deeply negative cash
20	8b9ce3d6	1780978535	-166709.27	mall	everyday	specialized	coop	max-debt	5	10000	-34038.61	136600.00	39.00	2	True	Bankruptcy: deeply negative cash
21	8b9ce3d6	1780978536	-166926.43	university	gourmet	specialized	monthly	max-debt	5	10000	-35341.90	136600.00	50.00	2	True	Bankruptcy: deeply negative cash
22	8b9ce3d6	1780978537	-171030.20	urban	gourmet	specialized	monthly	max-debt	5	10000	-39202.63	136600.00	47.50	2	True	Bankruptcy: deeply negative cash
23	8b9ce3d6	1780978538	-75318.61	office	speed	automated	monthly	balanced	5	10000	-10490.98	69600.00	42.00	62	True	Bankruptcy: deeply negative cash
24	8b9ce3d6	1780978539	-151852.08	office	gourmet	manual	monthly	max-debt	5	10000	-20469.54	136600.00	52.00	2	True	Bankruptcy: deeply negative cash
25	8b9ce3d6	1780978540	-68678.20	office	sweet	manual	coop	balanced	5	10000	-6550.83	67800.00	46.00	92	True	Bankruptcy: deeply negative cash
26	8b9ce3d6	1780978541	-67338.75	suburban	everyday	automated	monthly	balanced	5	10000	-5109.89	69600.00	60.00	88	True	Bankruptcy: deeply negative cash
27	8b9ce3d6	1780978542	-151942.59	suburban	sweet	manual	direct	max-debt	5	10000	-19753.99	136600.00	44.00	2	True	Bankruptcy: deeply negative cash
28	8b9ce3d6	1780978543	-695.73	university	everyday	specialized	monthly	all-equity	5	10000	-5104.06	0.00	18.00	249	True	Bankruptcy: deeply negative cash
29	8b9ce3d6	1780978544	-137444.53	suburban	gourmet	automated	direct	leveraged	5	10000	-26157.50	117100.00	58.00	2	True	Bankruptcy: deeply negative cash
30	8b9ce3d6	1780978545	-176001.05	university	gourmet	automated	coop	max-debt	5	10000	-44969.77	136600.00	55.50	2	True	Bankruptcy: deeply negative cash
31	8b9ce3d6	1780978546	-67935.85	suburban	sweet	manual	coop	balanced	5	10000	-5305.56	67800.00	37.50	119	True	Bankruptcy: deeply negative cash
32	8b9ce3d6	1780978547	-128802.14	office	sweet	specialized	direct	leveraged	5	10000	-16666.92	117100.00	49.50	2	True	Bankruptcy: deeply negative cash
33	8b9ce3d6	1780978548	-165777.47	mall	sweet	specialized	direct	max-debt	5	10000	-34101.56	136600.00	49.00	2	True	Bankruptcy: deeply negative cash
34	8b9ce3d6	1780978549	-140064.33	urban	speed	automated	direct	leveraged	5	10000	-28979.41	117100.00	60.00	2	True	Bankruptcy: deeply negative cash
35	8b9ce3d6	1780978550	-178667.47	suburban	everyday	automated	spot	max-debt	5	10000	-47829.54	136600.00	57.50	2	True	Bankruptcy: deeply negative cash
36	8b9ce3d6	1780978551	-166549.53	university	sweet	specialized	coop	max-debt	5	10000	-34919.80	136600.00	49.50	2	True	Bankruptcy: deeply negative cash
37	8b9ce3d6	1780978552	-54825.98	mall	speed	specialized	monthly	balanced	5	10000	10651.54	67800.00	6.00	92	True	Reputation collapse (< 15)
38	8b9ce3d6	1780978553	-68089.77	urban	sweet	manual	direct	balanced	5	10000	-5248.08	67800.00	36.50	101	True	Bankruptcy: deeply negative cash
39	8b9ce3d6	1780978554	57428.90	mall	sweet	specialized	monthly	all-equity	5	10000	53701.84	0.00	14.50	148	True	Reputation collapse (< 15)
40	8b9ce3d6	1780978555	-179072.77	office	speed	automated	spot	max-debt	5	10000	-47987.32	136600.00	55.00	2	True	Bankruptcy: deeply negative cash
41	8b9ce3d6	1780978556	-128876.73	suburban	everyday	specialized	coop	leveraged	5	10000	-16738.45	117100.00	49.50	2	True	Bankruptcy: deeply negative cash
42	8b9ce3d6	1780978557	-75516.65	urban	everyday	specialized	coop	balanced	5	10000	-10545.74	67800.00	15.50	92	True	Bankruptcy: deeply negative cash
43	8b9ce3d6	1780978558	-117012.44	office	everyday	manual	direct	leveraged	5	10000	-5646.20	117100.00	55.50	17	True	Bankruptcy: deeply negative cash
44	8b9ce3d6	1780978559	-150201.77	mall	speed	manual	spot	max-debt	5	10000	-18416.29	136600.00	48.00	2	True	Bankruptcy: deeply negative cash
45	8b9ce3d6	1780978560	-129003.51	office	everyday	specialized	coop	leveraged	5	10000	-16623.17	117100.00	47.00	2	True	Bankruptcy: deeply negative cash
46	8b9ce3d6	1780978561	11377.99	urban	everyday	automated	coop	all-equity	5	10000	8107.42	0.00	13.62	182	True	Reputation collapse (< 15)
47	8b9ce3d6	1780978562	-1761.39	university	everyday	specialized	monthly	all-equity	5	10000	-5327.35	0.00	15.50	193	True	Bankruptcy: deeply negative cash
48	8b9ce3d6	1780978563	-167582.39	university	gourmet	specialized	spot	max-debt	5	10000	-35900.86	136600.00	49.00	2	True	Bankruptcy: deeply negative cash
49	8b9ce3d6	1780978564	-69747.61	suburban	speed	manual	spot	balanced	5	10000	-10092.89	67800.00	65.00	121	True	Bankruptcy: deeply negative cash
50	8b9ce3d6	1780978565	-150587.68	university	sweet	manual	coop	max-debt	5	10000	-18153.46	136600.00	41.50	2	True	Bankruptcy: deeply negative cash
51	8b9ce3d6	1780978566	-68524.18	university	everyday	automated	coop	balanced	5	10000	-5909.39	67800.00	39.00	92	True	Bankruptcy: deeply negative cash
52	8b9ce3d6	1780978567	4097.17	suburban	everyday	specialized	direct	all-equity	5	10000	-8112.53	0.00	74.00	332	True	Bankruptcy: deeply negative cash
53	8b9ce3d6	1780978568	-65322.80	university	gourmet	automated	coop	balanced	5	10000	-5109.25	66000.00	34.50	129	True	Bankruptcy: deeply negative cash
54	8b9ce3d6	1780978569	-129350.69	suburban	everyday	specialized	spot	leveraged	5	10000	-17361.93	117100.00	51.00	2	True	Bankruptcy: deeply negative cash
55	8b9ce3d6	1780978570	-168544.64	office	sweet	specialized	direct	max-debt	5	10000	-37208.94	136600.00	52.50	2	True	Bankruptcy: deeply negative cash
56	8b9ce3d6	1780978571	99992.13	mall	sweet	manual	coop	all-equity	5	10000	95267.76	0.00	14.50	168	True	Reputation collapse (< 15)
57	8b9ce3d6	1780978572	-131170.26	urban	speed	specialized	monthly	leveraged	5	10000	-18839.94	117100.00	47.50	2	True	Bankruptcy: deeply negative cash
58	8b9ce3d6	1780978573	-151434.25	suburban	everyday	manual	coop	max-debt	5	10000	-20043.85	136600.00	52.00	2	True	Bankruptcy: deeply negative cash
59	8b9ce3d6	1780978574	946.61	university	speed	manual	direct	all-equity	5	10000	-5077.10	0.00	31.00	269	True	Bankruptcy: deeply negative cash
60	8b9ce3d6	1780978575	-117248.35	urban	sweet	manual	coop	leveraged	5	10000	-8556.60	114200.00	49.00	32	True	Bankruptcy: deeply negative cash
61	8b9ce3d6	1780978576	-168829.47	suburban	sweet	specialized	direct	max-debt	5	10000	-36446.83	136600.00	42.00	2	True	Bankruptcy: deeply negative cash
62	8b9ce3d6	1780978577	-119898.05	mall	everyday	manual	direct	leveraged	5	10000	-10538.81	114200.00	42.50	32	True	Bankruptcy: deeply negative cash
63	8b9ce3d6	1780978578	-180987.95	urban	sweet	automated	spot	max-debt	5	10000	-49904.52	136600.00	55.00	2	True	Bankruptcy: deeply negative cash
64	8b9ce3d6	1780978579	-68852.52	office	everyday	specialized	coop	balanced	5	10000	-5066.68	69600.00	49.00	87	True	Bankruptcy: deeply negative cash
65	8b9ce3d6	1780978580	-69955.69	suburban	everyday	automated	spot	balanced	5	10000	-7858.67	69600.00	61.00	87	True	Bankruptcy: deeply negative cash
66	8b9ce3d6	1780978581	-128985.90	office	speed	specialized	coop	leveraged	5	10000	-16851.53	117100.00	49.50	2	True	Bankruptcy: deeply negative cash
67	8b9ce3d6	1780978582	-152202.59	suburban	speed	manual	spot	max-debt	5	10000	-20716.73	136600.00	51.00	2	True	Bankruptcy: deeply negative cash
68	8b9ce3d6	1780978583	-140498.95	urban	speed	automated	coop	leveraged	5	10000	-29017.09	117100.00	56.00	2	True	Bankruptcy: deeply negative cash
69	8b9ce3d6	1780978584	-120196.87	office	sweet	manual	spot	leveraged	5	10000	-7358.66	117100.00	40.50	18	True	Bankruptcy: deeply negative cash
70	8b9ce3d6	1780978585	-171570.95	urban	everyday	specialized	coop	max-debt	5	10000	-39983.40	136600.00	50.00	2	True	Bankruptcy: deeply negative cash
71	8b9ce3d6	1780978586	5322.12	suburban	everyday	specialized	direct	all-equity	5	10000	-5251.33	0.00	71.50	248	True	Bankruptcy: deeply negative cash
72	8b9ce3d6	1780978587	73823.99	mall	gourmet	specialized	spot	all-equity	5	10000	69685.77	0.00	14.50	146	True	Reputation collapse (< 15)
73	8b9ce3d6	1780978588	-180348.41	urban	sweet	automated	coop	max-debt	5	10000	-49565.58	136600.00	58.00	2	True	Bankruptcy: deeply negative cash
74	8b9ce3d6	1780978589	-67104.13	urban	speed	manual	monthly	balanced	5	10000	-5500.38	67800.00	49.50	92	True	Bankruptcy: deeply negative cash
75	8b9ce3d6	1780978590	968.35	urban	everyday	manual	monthly	all-equity	5	10000	-9045.27	0.00	37.00	353	True	Bankruptcy: deeply negative cash
76	8b9ce3d6	1780978591	-131396.46	urban	gourmet	specialized	monthly	leveraged	5	10000	-19312.51	117100.00	50.00	2	True	Bankruptcy: deeply negative cash
77	8b9ce3d6	1780978592	67112.60	mall	speed	automated	spot	all-equity	5	10000	63661.57	0.00	14.50	112	True	Reputation collapse (< 15)
78	8b9ce3d6	1780978593	-128609.09	suburban	everyday	specialized	coop	leveraged	5	10000	-16470.52	117100.00	49.50	2	True	Bankruptcy: deeply negative cash
79	8b9ce3d6	1780978594	-178396.67	office	sweet	automated	coop	max-debt	5	10000	-47416.82	136600.00	56.00	2	True	Bankruptcy: deeply negative cash
80	8b9ce3d6	1780978595	-116650.03	suburban	sweet	manual	direct	leveraged	5	10000	-8938.99	114200.00	60.00	32	True	Bankruptcy: deeply negative cash
81	8b9ce3d6	1780978596	-66464.47	mall	sweet	specialized	spot	balanced	5	10000	-5021.66	66000.00	15.50	146	True	Bankruptcy: deeply negative cash
82	8b9ce3d6	1780978597	-65980.51	mall	gourmet	automated	coop	balanced	5	10000	-5004.43	66000.00	22.50	134	True	Bankruptcy: deeply negative cash
83	8b9ce3d6	1780978598	-126924.66	university	speed	specialized	coop	leveraged	5	10000	-14793.46	117100.00	49.50	2	True	Bankruptcy: deeply negative cash
84	8b9ce3d6	1780978599	-148719.09	mall	gourmet	manual	direct	max-debt	5	10000	-17542.71	136600.00	54.00	2	True	Bankruptcy: deeply negative cash
85	8b9ce3d6	1780978600	-175738.34	university	sweet	automated	direct	max-debt	5	10000	-44954.10	136600.00	58.00	2	True	Bankruptcy: deeply negative cash
86	8b9ce3d6	1780978601	-965.96	urban	everyday	specialized	monthly	all-equity	5	10000	-6355.80	0.00	38.00	158	True	Bankruptcy: deeply negative cash
87	8b9ce3d6	1780978602	-166897.11	university	speed	specialized	direct	max-debt	5	10000	-35207.09	136600.00	49.00	2	True	Bankruptcy: deeply negative cash
88	8b9ce3d6	1780978603	-139337.51	office	gourmet	automated	coop	leveraged	5	10000	-26803.92	117100.00	45.50	2	True	Bankruptcy: deeply negative cash
89	8b9ce3d6	1780978604	2121.39	office	everyday	specialized	direct	all-equity	5	10000	-5521.13	0.00	57.50	192	True	Bankruptcy: deeply negative cash
90	8b9ce3d6	1780978605	6129.28	suburban	gourmet	manual	coop	balanced	5	10000	43160.69	53400.00	71.00	361	True	Completed 360 days
91	8b9ce3d6	1780978606	-119082.52	suburban	everyday	manual	spot	leveraged	5	10000	-7462.77	117100.00	53.00	15	True	Bankruptcy: deeply negative cash
92	8b9ce3d6	1780978607	-68927.80	office	everyday	specialized	coop	balanced	5	10000	-5024.23	69600.00	49.50	70	True	Bankruptcy: deeply negative cash
93	8b9ce3d6	1780978608	-178014.22	office	everyday	automated	coop	max-debt	5	10000	-47035.80	136600.00	56.00	2	True	Bankruptcy: deeply negative cash
94	8b9ce3d6	1780978609	-71200.68	university	everyday	automated	spot	balanced	5	10000	-6445.38	69600.00	41.50	62	True	Bankruptcy: deeply negative cash
95	8b9ce3d6	1780978610	-73392.68	university	speed	specialized	direct	balanced	5	10000	-6686.42	71400.00	42.00	57	True	Bankruptcy: deeply negative cash
96	8b9ce3d6	1780978611	-169384.90	office	sweet	specialized	spot	max-debt	5	10000	-37705.45	136600.00	49.00	2	True	Bankruptcy: deeply negative cash
97	8b9ce3d6	1780978612	52089.20	university	sweet	specialized	direct	all-equity	5	10000	47565.73	0.00	12.00	242	True	Reputation collapse (< 15)
98	8b9ce3d6	1780978613	57003.06	urban	sweet	manual	spot	all-equity	5	10000	51474.35	0.00	11.50	242	True	Reputation collapse (< 15)
99	8b9ce3d6	1780978614	-151308.27	suburban	speed	manual	direct	max-debt	5	10000	-20120.70	136600.00	54.00	2	True	Bankruptcy: deeply negative cash
100	8b9ce3d6	1780978615	19771.18	urban	sweet	automated	monthly	all-equity	5	10000	9730.80	0.00	27.50	361	True	Completed 360 days
101	8b9ce3d6	1780978616	-68884.06	office	speed	manual	monthly	balanced	5	10000	-5550.99	69600.00	55.50	91	True	Bankruptcy: deeply negative cash
102	8b9ce3d6	1780978617	-72675.56	urban	everyday	specialized	spot	balanced	5	10000	-8291.58	69600.00	43.50	62	True	Bankruptcy: deeply negative cash
103	8b9ce3d6	1780978618	-177357.52	suburban	sweet	automated	direct	max-debt	5	10000	-46627.10	136600.00	58.50	2	True	Bankruptcy: deeply negative cash
104	8b9ce3d6	1780978619	104699.39	suburban	sweet	manual	direct	all-equity	5	10000	88089.73	0.00	84.06	361	True	Completed 360 days
105	8b9ce3d6	1780978620	-176714.49	university	speed	automated	spot	max-debt	5	10000	-45631.97	136600.00	55.00	2	True	Bankruptcy: deeply negative cash
106	8b9ce3d6	1780978621	-117715.08	urban	everyday	manual	direct	leveraged	5	10000	-6197.82	117100.00	54.00	13	True	Bankruptcy: deeply negative cash
107	8b9ce3d6	1780978622	-138137.08	office	sweet	automated	direct	leveraged	5	10000	-26905.45	117100.00	58.50	2	True	Bankruptcy: deeply negative cash
108	8b9ce3d6	1780978623	-137762.42	office	gourmet	automated	direct	leveraged	5	10000	-26530.48	117100.00	58.50	2	True	Bankruptcy: deeply negative cash
109	8b9ce3d6	1780978624	-73800.01	mall	everyday	specialized	spot	balanced	5	10000	-8449.36	69600.00	31.50	65	True	Bankruptcy: deeply negative cash
110	8b9ce3d6	1780978625	-47174.35	mall	sweet	manual	direct	balanced	5	10000	12757.40	64200.00	12.68	152	True	Reputation collapse (< 15)
111	8b9ce3d6	1780978626	-127919.87	university	sweet	specialized	spot	leveraged	5	10000	-15735.64	117100.00	49.00	2	True	Bankruptcy: deeply negative cash
112	8b9ce3d6	1780978627	4573.99	suburban	gourmet	automated	coop	all-equity	5	10000	-5679.66	0.00	73.50	212	True	Bankruptcy: deeply negative cash
113	8b9ce3d6	1780978628	-70736.09	suburban	speed	automated	coop	balanced	5	10000	-5099.33	71400.00	51.50	61	True	Bankruptcy: deeply negative cash
114	8b9ce3d6	1780978629	1463.71	urban	sweet	manual	monthly	all-equity	5	10000	-5174.32	0.00	28.00	254	True	Bankruptcy: deeply negative cash
115	8b9ce3d6	1780978630	-117248.56	mall	gourmet	manual	monthly	leveraged	5	10000	-5118.18	117100.00	45.50	24	True	Bankruptcy: deeply negative cash
116	8b9ce3d6	1780978631	37448.25	mall	everyday	manual	monthly	all-equity	5	10000	34085.58	0.00	14.50	161	True	Reputation collapse (< 15)
117	8b9ce3d6	1780978632	-853.77	office	sweet	specialized	monthly	all-equity	5	10000	-5655.44	0.00	20.00	242	True	Bankruptcy: deeply negative cash
118	8b9ce3d6	1780978633	6392.65	suburban	speed	manual	monthly	all-equity	5	10000	-5128.00	0.00	66.50	310	True	Bankruptcy: deeply negative cash
119	8b9ce3d6	1780978634	-180215.11	urban	everyday	automated	coop	max-debt	5	10000	-49233.29	136600.00	56.00	2	True	Bankruptcy: deeply negative cash
120	8b9ce3d6	1780978635	-148663.14	mall	gourmet	manual	direct	max-debt	5	10000	-17480.02	136600.00	54.00	2	True	Bankruptcy: deeply negative cash
121	8b9ce3d6	1780978636	-118038.97	suburban	gourmet	manual	monthly	leveraged	5	10000	-8971.60	114200.00	45.50	32	True	Bankruptcy: deeply negative cash
122	8b9ce3d6	1780978637	-128827.68	suburban	gourmet	specialized	monthly	leveraged	5	10000	-16442.94	117100.00	47.00	2	True	Bankruptcy: deeply negative cash
123	8b9ce3d6	1780978638	-71401.72	suburban	speed	manual	monthly	balanced	5	10000	-9935.76	67800.00	51.50	92	True	Bankruptcy: deeply negative cash
124	8b9ce3d6	1780978639	-165589.69	mall	speed	specialized	direct	max-debt	5	10000	-34211.75	136600.00	52.00	2	True	Bankruptcy: deeply negative cash
125	8b9ce3d6	1780978640	-127224.78	university	gourmet	specialized	coop	leveraged	5	10000	-15087.33	117100.00	49.50	2	True	Bankruptcy: deeply negative cash
126	8b9ce3d6	1780978641	34925.15	suburban	sweet	manual	coop	all-equity	5	10000	20795.87	0.00	76.50	361	True	Completed 360 days
127	8b9ce3d6	1780978642	-152380.95	office	everyday	manual	spot	max-debt	5	10000	-20946.15	136600.00	51.50	2	True	Bankruptcy: deeply negative cash
128	8b9ce3d6	1780978643	-120122.84	office	everyday	manual	spot	leveraged	5	10000	-7923.80	117100.00	47.00	17	True	Bankruptcy: deeply negative cash
129	8b9ce3d6	1780978644	5124.55	suburban	sweet	automated	spot	all-equity	5	10000	-5845.14	0.00	60.00	307	True	Bankruptcy: deeply negative cash
130	8b9ce3d6	1780978645	6727.77	suburban	sweet	manual	direct	all-equity	5	10000	-7041.16	0.00	80.50	343	True	Bankruptcy: deeply negative cash
131	8b9ce3d6	1780978646	26605.80	urban	everyday	manual	spot	all-equity	5	10000	22947.72	0.00	14.50	175	True	Reputation collapse (< 15)
132	8b9ce3d6	1780978647	-68457.14	office	speed	manual	monthly	balanced	5	10000	-6346.96	67800.00	45.00	103	True	Bankruptcy: deeply negative cash
133	8b9ce3d6	1780978648	-70119.02	office	sweet	specialized	monthly	balanced	5	10000	-5108.45	69600.00	37.78	78	True	Bankruptcy: deeply negative cash
134	8b9ce3d6	1780978649	-140558.83	urban	everyday	automated	monthly	leveraged	5	10000	-29074.19	117100.00	56.00	2	True	Bankruptcy: deeply negative cash
135	8b9ce3d6	1780978650	-166414.09	mall	everyday	specialized	coop	max-debt	5	10000	-34778.99	136600.00	49.50	2	True	Bankruptcy: deeply negative cash
136	8b9ce3d6	1780978651	-117163.62	suburban	sweet	manual	spot	leveraged	5	10000	-5123.97	117100.00	48.50	14	True	Bankruptcy: deeply negative cash
137	8b9ce3d6	1780978652	-126702.59	university	everyday	specialized	direct	leveraged	5	10000	-14818.52	117100.00	52.00	2	True	Bankruptcy: deeply negative cash
138	8b9ce3d6	1780978653	-170880.77	urban	speed	specialized	coop	max-debt	5	10000	-39297.49	136600.00	50.00	2	True	Bankruptcy: deeply negative cash
139	8b9ce3d6	1780978654	-117688.68	university	everyday	manual	coop	leveraged	5	10000	-5307.27	117100.00	44.00	26	True	Bankruptcy: deeply negative cash
140	8b9ce3d6	1780978655	-151646.20	office	speed	manual	direct	max-debt	5	10000	-20210.65	136600.00	51.50	2	True	Bankruptcy: deeply negative cash
141	8b9ce3d6	1780978656	-70896.26	urban	gourmet	automated	coop	balanced	5	10000	-5037.06	71400.00	47.50	50	True	Bankruptcy: deeply negative cash
142	8b9ce3d6	1780978657	-66458.73	university	speed	manual	monthly	balanced	5	10000	-5693.77	66000.00	34.50	127	True	Bankruptcy: deeply negative cash
143	8b9ce3d6	1780978658	-153620.78	urban	everyday	manual	coop	max-debt	5	10000	-22238.85	136600.00	52.00	2	True	Bankruptcy: deeply negative cash
144	8b9ce3d6	1780978659	-118626.86	suburban	gourmet	manual	spot	leveraged	5	10000	-6663.78	117100.00	49.50	15	True	Bankruptcy: deeply negative cash
145	8b9ce3d6	1780978660	3929.76	suburban	everyday	specialized	spot	all-equity	5	10000	-7904.37	0.00	75.50	257	True	Bankruptcy: deeply negative cash
146	8b9ce3d6	1780978661	13513.13	suburban	sweet	manual	spot	all-equity	5	10000	-14.64	0.00	70.50	361	True	Completed 360 days
147	8b9ce3d6	1780978662	-136450.27	university	gourmet	automated	coop	leveraged	5	10000	-24912.41	117100.00	55.50	2	True	Bankruptcy: deeply negative cash
148	8b9ce3d6	1780978663	-139771.12	urban	sweet	automated	direct	leveraged	5	10000	-28546.84	117100.00	58.50	2	True	Bankruptcy: deeply negative cash
149	8b9ce3d6	1780978664	-138814.99	office	gourmet	automated	monthly	leveraged	5	10000	-27383.79	117100.00	56.50	2	True	Bankruptcy: deeply negative cash
150	8b9ce3d6	1780978665	-126997.44	mall	speed	specialized	spot	leveraged	5	10000	-14814.01	117100.00	49.00	2	True	Bankruptcy: deeply negative cash
151	8b9ce3d6	1780978666	-126845.10	mall	everyday	specialized	monthly	leveraged	5	10000	-14460.73	117100.00	47.00	2	True	Bankruptcy: deeply negative cash
152	8b9ce3d6	1780978667	-1269.89	office	speed	manual	direct	all-equity	5	10000	-5628.68	0.00	22.00	235	True	Bankruptcy: deeply negative cash
153	8b9ce3d6	1780978668	1672.01	suburban	everyday	automated	spot	all-equity	5	10000	-5217.74	0.00	48.00	185	True	Bankruptcy: deeply negative cash
154	8b9ce3d6	1780978669	-149711.71	university	everyday	manual	monthly	max-debt	5	10000	-18327.46	136600.00	52.00	2	True	Bankruptcy: deeply negative cash
155	8b9ce3d6	1780978670	-168257.14	suburban	gourmet	specialized	direct	max-debt	5	10000	-36572.00	136600.00	49.00	2	True	Bankruptcy: deeply negative cash
156	8b9ce3d6	1780978671	-177280.63	university	everyday	automated	coop	max-debt	5	10000	-45244.05	136600.00	45.50	2	True	Bankruptcy: deeply negative cash
157	8b9ce3d6	1780978672	-30972.08	mall	sweet	manual	coop	balanced	5	10000	32786.07	67800.00	14.92	120	True	Reputation collapse (< 15)
158	8b9ce3d6	1780978673	5591.61	suburban	speed	automated	coop	all-equity	5	10000	-5408.68	0.00	78.00	239	True	Bankruptcy: deeply negative cash
159	8b9ce3d6	1780978674	-149488.14	mall	sweet	manual	spot	max-debt	5	10000	-18010.06	136600.00	51.00	2	True	Bankruptcy: deeply negative cash
160	8b9ce3d6	1780978675	79723.52	mall	gourmet	specialized	monthly	all-equity	5	10000	75552.39	0.00	14.50	147	True	Reputation collapse (< 15)
161	8b9ce3d6	1780978676	-166521.92	mall	sweet	specialized	monthly	max-debt	5	10000	-34938.00	136600.00	50.00	2	True	Bankruptcy: deeply negative cash
162	8b9ce3d6	1780978677	-136497.04	mall	sweet	automated	spot	leveraged	5	10000	-24919.49	117100.00	55.00	2	True	Bankruptcy: deeply negative cash
163	8b9ce3d6	1780978678	-135472.38	mall	gourmet	automated	direct	leveraged	5	10000	-23941.93	117100.00	55.50	2	True	Bankruptcy: deeply negative cash
164	8b9ce3d6	1780978679	-135733.95	mall	gourmet	automated	monthly	leveraged	5	10000	-24261.03	117100.00	56.00	2	True	Bankruptcy: deeply negative cash
165	8b9ce3d6	1780978680	-1265.75	office	speed	specialized	spot	all-equity	5	10000	-6030.62	0.00	25.70	212	True	Bankruptcy: deeply negative cash
166	8b9ce3d6	1780978681	-36532.05	mall	sweet	specialized	spot	balanced	5	10000	30259.93	69600.00	14.00	62	True	Reputation collapse (< 15)
167	8b9ce3d6	1780978682	-149287.53	mall	sweet	manual	coop	max-debt	5	10000	-17857.24	136600.00	51.50	2	True	Bankruptcy: deeply negative cash
168	8b9ce3d6	1780978683	-139272.04	suburban	everyday	automated	spot	leveraged	5	10000	-27680.72	117100.00	55.00	2	True	Bankruptcy: deeply negative cash
169	8b9ce3d6	1780978684	-138984.97	suburban	gourmet	automated	spot	leveraged	5	10000	-27395.18	117100.00	55.00	2	True	Bankruptcy: deeply negative cash
170	8b9ce3d6	1780978685	256.02	office	sweet	manual	direct	all-equity	5	10000	-5218.88	0.00	15.62	322	True	Bankruptcy: deeply negative cash
171	8b9ce3d6	1780978686	24246.73	suburban	gourmet	automated	monthly	all-equity	5	10000	8821.37	0.00	83.50	361	True	Completed 360 days
172	8b9ce3d6	1780978687	-166021.69	mall	gourmet	specialized	direct	max-debt	5	10000	-34341.35	136600.00	49.00	2	True	Bankruptcy: deeply negative cash
173	8b9ce3d6	1780978688	-294.78	university	speed	specialized	spot	all-equity	5	10000	-5358.04	0.00	23.06	242	True	Bankruptcy: deeply negative cash
174	8b9ce3d6	1780978689	-181070.46	urban	sweet	automated	spot	max-debt	5	10000	-49740.50	136600.00	52.50	2	True	Bankruptcy: deeply negative cash
175	8b9ce3d6	1780978690	-114586.54	university	gourmet	manual	direct	leveraged	5	10000	-5018.24	114200.00	41.00	35	True	Bankruptcy: deeply negative cash
176	8b9ce3d6	1780978691	-137908.05	suburban	speed	automated	monthly	leveraged	5	10000	-26472.71	117100.00	56.50	2	True	Bankruptcy: deeply negative cash
177	8b9ce3d6	1780978692	81598.35	mall	everyday	manual	coop	all-equity	5	10000	77940.47	0.00	11.10	152	True	Reputation collapse (< 15)
178	8b9ce3d6	1780978693	-125485.96	mall	gourmet	specialized	direct	leveraged	5	10000	-13609.88	117100.00	52.00	2	True	Bankruptcy: deeply negative cash
179	8b9ce3d6	1780978694	52.77	suburban	everyday	specialized	monthly	all-equity	5	10000	-7992.38	0.00	50.50	253	True	Bankruptcy: deeply negative cash
180	8b9ce3d6	1780978695	37917.37	mall	everyday	specialized	spot	all-equity	5	10000	34173.46	0.00	14.50	155	True	Reputation collapse (< 15)
181	8b9ce3d6	1780978696	-68264.94	suburban	gourmet	automated	coop	balanced	5	10000	-5636.78	67800.00	38.00	92	True	Bankruptcy: deeply negative cash
182	8b9ce3d6	1780978697	-71053.49	office	gourmet	automated	direct	balanced	5	10000	-10244.74	67800.00	58.00	92	True	Bankruptcy: deeply negative cash
183	8b9ce3d6	1780978698	-72388.58	mall	everyday	specialized	spot	balanced	5	10000	-6158.26	69600.00	25.50	62	True	Bankruptcy: deeply negative cash
184	8b9ce3d6	1780978699	-70378.49	office	gourmet	specialized	monthly	balanced	5	10000	-5081.91	69600.00	34.86	83	True	Bankruptcy: deeply negative cash
185	8b9ce3d6	1780978700	-150481.95	university	everyday	manual	spot	max-debt	5	10000	-19000.42	136600.00	51.00	2	True	Bankruptcy: deeply negative cash
186	8b9ce3d6	1780978701	-71483.12	suburban	everyday	automated	coop	balanced	5	10000	-8278.10	69600.00	56.50	62	True	Bankruptcy: deeply negative cash
187	8b9ce3d6	1780978702	58968.14	university	gourmet	automated	monthly	all-equity	5	10000	55474.99	0.00	14.72	142	True	Reputation collapse (< 15)
188	8b9ce3d6	1780978703	-117063.50	mall	everyday	manual	spot	leveraged	5	10000	-7537.36	114200.00	40.50	32	True	Bankruptcy: deeply negative cash
189	8b9ce3d6	1780978704	-68124.98	university	sweet	specialized	monthly	balanced	5	10000	-5469.67	67800.00	36.50	105	True	Bankruptcy: deeply negative cash
190	8b9ce3d6	1780978705	-148948.59	mall	speed	manual	coop	max-debt	5	10000	-17518.34	136600.00	51.50	2	True	Bankruptcy: deeply negative cash
191	8b9ce3d6	1780978706	-135634.86	university	sweet	automated	direct	leveraged	5	10000	-24352.30	117100.00	58.00	2	True	Bankruptcy: deeply negative cash
192	8b9ce3d6	1780978707	-153077.81	office	everyday	manual	coop	max-debt	5	10000	-20637.90	136600.00	41.50	2	True	Bankruptcy: deeply negative cash
193	8b9ce3d6	1780978708	-169501.39	office	speed	specialized	monthly	max-debt	5	10000	-37915.91	136600.00	50.00	2	True	Bankruptcy: deeply negative cash
194	8b9ce3d6	1780978709	-151878.80	office	speed	manual	coop	max-debt	5	10000	-20442.08	136600.00	51.50	2	True	Bankruptcy: deeply negative cash
195	8b9ce3d6	1780978710	-70382.64	office	sweet	automated	direct	balanced	5	10000	-6963.70	69600.00	54.50	62	True	Bankruptcy: deeply negative cash
196	8b9ce3d6	1780978711	-179662.75	urban	sweet	automated	direct	max-debt	5	10000	-48932.40	136600.00	58.50	2	True	Bankruptcy: deeply negative cash
197	8b9ce3d6	1780978712	-71796.08	urban	everyday	automated	coop	balanced	5	10000	-7700.67	69600.00	46.00	62	True	Bankruptcy: deeply negative cash
198	8b9ce3d6	1780978713	-53269.14	mall	sweet	automated	coop	balanced	5	10000	13768.35	69600.00	13.50	62	True	Reputation collapse (< 15)
199	8b9ce3d6	1780978714	1830.50	office	speed	specialized	coop	all-equity	5	10000	-5311.53	0.00	33.00	284	True	Bankruptcy: deeply negative cash
0	42fb0e4b	1780978525	-65196.25	suburban	everyday	specialized	coop	balanced	5	10000	-5057.92	67800.00	60.00	104	True	Bankruptcy: deeply negative cash
1	42fb0e4b	1780978526	-71319.71	mall	everyday	automated	coop	balanced	5	10000	-8557.06	67800.00	33.00	92	True	Bankruptcy: deeply negative cash
2	42fb0e4b	1780978527	-71587.83	mall	everyday	automated	spot	balanced	5	10000	-5324.94	69600.00	18.50	79	True	Bankruptcy: deeply negative cash
3	42fb0e4b	1780978528	-152932.04	urban	sweet	manual	direct	max-debt	5	10000	-21804.44	136600.00	54.50	2	True	Bankruptcy: deeply negative cash
4	42fb0e4b	1780978529	13195.45	urban	sweet	manual	direct	all-equity	5	10000	8719.69	0.00	6.00	272	True	Reputation collapse (< 15)
5	42fb0e4b	1780978530	-175885.38	mall	sweet	automated	monthly	max-debt	5	10000	-44607.89	136600.00	53.00	2	True	Bankruptcy: deeply negative cash
6	42fb0e4b	1780978531	548.77	urban	speed	manual	coop	all-equity	5	10000	-6237.82	0.00	37.00	219	True	Bankruptcy: deeply negative cash
7	42fb0e4b	1780978532	34204.19	university	speed	manual	spot	all-equity	5	10000	30719.52	0.00	13.50	182	True	Reputation collapse (< 15)
8	42fb0e4b	1780978533	-175777.90	mall	gourmet	automated	monthly	max-debt	5	10000	-44796.10	136600.00	56.00	2	True	Bankruptcy: deeply negative cash
9	42fb0e4b	1780978534	-62519.13	office	everyday	manual	direct	balanced	5	10000	-5402.96	64200.00	49.00	155	True	Bankruptcy: deeply negative cash
10	42fb0e4b	1780978535	11295.36	urban	everyday	manual	coop	all-equity	5	10000	7698.45	0.00	14.50	201	True	Reputation collapse (< 15)
11	42fb0e4b	1780978536	-136171.28	university	everyday	automated	monthly	leveraged	5	10000	-24690.32	117100.00	56.00	2	True	Bankruptcy: deeply negative cash
12	42fb0e4b	1780978537	-149767.93	university	sweet	manual	coop	max-debt	5	10000	-18035.70	136600.00	48.50	2	True	Bankruptcy: deeply negative cash
13	42fb0e4b	1780978538	-149138.92	mall	gourmet	manual	direct	max-debt	5	10000	-16966.08	136600.00	44.00	2	True	Bankruptcy: deeply negative cash
14	42fb0e4b	1780978539	-151380.90	office	gourmet	manual	direct	max-debt	5	10000	-20195.65	136600.00	54.00	2	True	Bankruptcy: deeply negative cash
15	42fb0e4b	1780978540	-131129.27	urban	speed	specialized	monthly	leveraged	5	10000	-19093.87	117100.00	50.50	2	True	Bankruptcy: deeply negative cash
16	42fb0e4b	1780978541	-127177.45	university	everyday	specialized	coop	leveraged	5	10000	-14741.11	117100.00	46.50	2	True	Bankruptcy: deeply negative cash
17	42fb0e4b	1780978542	-170197.34	office	everyday	specialized	coop	max-debt	5	10000	-37558.47	136600.00	39.50	2	True	Bankruptcy: deeply negative cash
18	42fb0e4b	1780978543	10321.51	suburban	gourmet	automated	direct	all-equity	5	10000	-4018.23	0.00	77.00	361	True	Completed 360 days
19	42fb0e4b	1780978544	-166894.43	university	sweet	specialized	monthly	max-debt	5	10000	-35310.69	136600.00	50.00	2	True	Bankruptcy: deeply negative cash
20	42fb0e4b	1780978545	-70054.52	urban	everyday	manual	monthly	balanced	5	10000	-9359.40	66000.00	35.00	122	True	Bankruptcy: deeply negative cash
21	42fb0e4b	1780978546	106935.33	mall	sweet	manual	spot	all-equity	5	10000	104088.02	0.00	14.50	83	True	Reputation collapse (< 15)
22	42fb0e4b	1780978547	53334.15	university	sweet	manual	direct	all-equity	5	10000	48337.17	0.00	14.84	261	True	Reputation collapse (< 15)
23	42fb0e4b	1780978548	104973.26	mall	everyday	manual	coop	all-equity	5	10000	102338.40	0.00	10.50	92	True	Reputation collapse (< 15)
24	42fb0e4b	1780978549	-71894.70	mall	everyday	automated	direct	balanced	5	10000	-8987.54	67800.00	31.50	92	True	Bankruptcy: deeply negative cash
25	42fb0e4b	1780978550	-174941.23	mall	gourmet	automated	direct	max-debt	5	10000	-44415.23	136600.00	60.50	2	True	Bankruptcy: deeply negative cash
26	42fb0e4b	1780978551	-69243.70	urban	speed	specialized	monthly	balanced	5	10000	-5330.81	69600.00	47.00	62	True	Bankruptcy: deeply negative cash
27	42fb0e4b	1780978552	-117673.35	mall	everyday	manual	coop	leveraged	5	10000	-6849.42	114200.00	26.50	43	True	Bankruptcy: deeply negative cash
28	42fb0e4b	1780978553	-72481.67	mall	speed	automated	coop	balanced	5	10000	-8920.06	67800.00	26.50	92	True	Bankruptcy: deeply negative cash
29	42fb0e4b	1780978554	-3737.28	office	sweet	manual	spot	all-equity	5	10000	-11652.67	0.00	51.54	245	True	Bankruptcy: deeply negative cash
30	42fb0e4b	1780978555	66786.34	university	speed	specialized	direct	all-equity	5	10000	63188.65	0.00	14.14	152	True	Reputation collapse (< 15)
31	42fb0e4b	1780978556	-137676.62	suburban	speed	automated	direct	leveraged	5	10000	-26391.27	117100.00	58.00	2	True	Bankruptcy: deeply negative cash
32	42fb0e4b	1780978557	-70462.51	office	gourmet	specialized	monthly	balanced	5	10000	-5503.94	69600.00	40.50	67	True	Bankruptcy: deeply negative cash
33	42fb0e4b	1780978558	-167964.85	university	everyday	specialized	monthly	max-debt	5	10000	-35379.38	136600.00	40.00	2	True	Bankruptcy: deeply negative cash
34	42fb0e4b	1780978559	-167495.66	university	everyday	specialized	monthly	max-debt	5	10000	-35606.20	136600.00	47.00	2	True	Bankruptcy: deeply negative cash
35	42fb0e4b	1780978560	-55510.53	mall	gourmet	specialized	spot	balanced	5	10000	9152.42	67800.00	12.00	92	True	Reputation collapse (< 15)
36	42fb0e4b	1780978561	-122731.77	office	sweet	manual	spot	leveraged	5	10000	-9948.06	117100.00	41.50	18	True	Bankruptcy: deeply negative cash
37	42fb0e4b	1780978562	-69889.58	office	everyday	specialized	direct	balanced	5	10000	-6142.10	69600.00	50.50	77	True	Bankruptcy: deeply negative cash
38	42fb0e4b	1780978563	-2912.93	university	gourmet	specialized	coop	all-equity	5	10000	-7139.40	0.00	9.50	272	True	Reputation collapse (< 15)
39	42fb0e4b	1780978564	-128955.75	office	gourmet	specialized	coop	leveraged	5	10000	-16821.44	117100.00	49.50	2	True	Bankruptcy: deeply negative cash
40	42fb0e4b	1780978565	-169418.10	office	sweet	specialized	spot	max-debt	5	10000	-37737.47	136600.00	49.00	2	True	Bankruptcy: deeply negative cash
41	42fb0e4b	1780978566	121184.91	mall	sweet	manual	direct	all-equity	5	10000	115760.38	0.00	14.50	180	True	Reputation collapse (< 15)
42	42fb0e4b	1780978567	-68143.53	mall	sweet	automated	coop	balanced	5	10000	-9406.09	64200.00	19.00	165	True	Bankruptcy: deeply negative cash
43	42fb0e4b	1780978568	1176.14	office	speed	automated	spot	all-equity	5	10000	-5560.43	0.00	47.50	190	True	Bankruptcy: deeply negative cash
44	42fb0e4b	1780978569	-139814.69	urban	speed	automated	direct	leveraged	5	10000	-28783.86	117100.00	60.50	2	True	Bankruptcy: deeply negative cash
45	42fb0e4b	1780978570	-151997.78	suburban	everyday	manual	spot	max-debt	5	10000	-20510.06	136600.00	51.00	2	True	Bankruptcy: deeply negative cash
46	42fb0e4b	1780978571	-70598.69	mall	gourmet	specialized	spot	balanced	5	10000	-9365.40	66000.00	21.00	135	True	Bankruptcy: deeply negative cash
47	42fb0e4b	1780978572	-153992.73	urban	everyday	manual	coop	max-debt	5	10000	-22308.86	136600.00	49.00	2	True	Bankruptcy: deeply negative cash
48	42fb0e4b	1780978573	-71808.36	office	speed	automated	monthly	balanced	5	10000	-9116.43	69600.00	61.50	62	True	Bankruptcy: deeply negative cash
49	42fb0e4b	1780978574	-176664.01	university	speed	automated	spot	max-debt	5	10000	-45582.66	136600.00	55.00	2	True	Bankruptcy: deeply negative cash
50	42fb0e4b	1780978575	-1241.05	university	everyday	automated	monthly	all-equity	5	10000	-7627.55	0.00	25.00	284	True	Bankruptcy: deeply negative cash
51	42fb0e4b	1780978576	-152270.44	suburban	gourmet	manual	coop	max-debt	5	10000	-19834.24	136600.00	41.50	2	True	Bankruptcy: deeply negative cash
52	42fb0e4b	1780978577	34270.43	mall	speed	specialized	direct	all-equity	5	10000	30536.69	0.00	14.00	166	True	Reputation collapse (< 15)
53	42fb0e4b	1780978578	-128233.72	suburban	everyday	specialized	direct	leveraged	5	10000	-16343.15	117100.00	52.00	2	True	Bankruptcy: deeply negative cash
54	42fb0e4b	1780978579	-65876.13	urban	speed	manual	monthly	balanced	5	10000	-5293.01	66000.00	34.50	124	True	Bankruptcy: deeply negative cash
55	42fb0e4b	1780978580	-70985.90	urban	sweet	specialized	direct	balanced	5	10000	-5353.38	69600.00	32.08	71	True	Bankruptcy: deeply negative cash
56	42fb0e4b	1780978581	-179491.12	urban	gourmet	automated	direct	max-debt	5	10000	-48764.14	136600.00	58.50	2	True	Bankruptcy: deeply negative cash
57	42fb0e4b	1780978582	-178584.05	office	gourmet	automated	monthly	max-debt	5	10000	-47653.29	136600.00	56.50	2	True	Bankruptcy: deeply negative cash
58	42fb0e4b	1780978583	-1459.48	office	speed	automated	direct	all-equity	5	10000	-9009.16	0.00	47.50	234	True	Bankruptcy: deeply negative cash
59	42fb0e4b	1780978584	75320.26	office	sweet	manual	coop	all-equity	5	10000	71821.54	0.00	13.00	182	True	Reputation collapse (< 15)
60	42fb0e4b	1780978585	-63234.52	urban	gourmet	manual	direct	balanced	5	10000	-5464.42	64200.00	36.00	153	True	Bankruptcy: deeply negative cash
61	42fb0e4b	1780978586	-126455.26	mall	speed	specialized	coop	leveraged	5	10000	-14325.41	117100.00	49.50	2	True	Bankruptcy: deeply negative cash
62	42fb0e4b	1780978587	-128637.31	office	sweet	specialized	direct	leveraged	5	10000	-16805.32	117100.00	52.50	2	True	Bankruptcy: deeply negative cash
63	42fb0e4b	1780978588	-150850.16	suburban	sweet	manual	direct	max-debt	5	10000	-19865.69	136600.00	56.00	2	True	Bankruptcy: deeply negative cash
64	42fb0e4b	1780978589	-115836.80	mall	everyday	manual	direct	leveraged	5	10000	-7111.09	114200.00	48.00	33	True	Bankruptcy: deeply negative cash
65	42fb0e4b	1780978590	-73760.35	urban	everyday	specialized	coop	balanced	5	10000	-11722.76	67800.00	44.00	92	True	Bankruptcy: deeply negative cash
66	42fb0e4b	1780978591	-180669.66	urban	everyday	automated	coop	max-debt	5	10000	-49635.25	136600.00	55.50	2	True	Bankruptcy: deeply negative cash
67	42fb0e4b	1780978592	-64059.71	mall	sweet	automated	direct	balanced	5	10000	-5044.82	64200.00	17.50	166	True	Bankruptcy: deeply negative cash
68	42fb0e4b	1780978593	-70643.70	suburban	gourmet	automated	coop	balanced	5	10000	-7957.42	69600.00	55.50	89	True	Bankruptcy: deeply negative cash
69	42fb0e4b	1780978594	-72779.85	urban	everyday	manual	coop	balanced	5	10000	-12243.51	66000.00	36.50	122	True	Bankruptcy: deeply negative cash
70	42fb0e4b	1780978595	-148893.80	mall	gourmet	manual	direct	max-debt	5	10000	-17714.18	136600.00	54.00	2	True	Bankruptcy: deeply negative cash
71	42fb0e4b	1780978596	-168404.36	suburban	gourmet	specialized	monthly	max-debt	5	10000	-36871.41	136600.00	50.50	2	True	Bankruptcy: deeply negative cash
72	42fb0e4b	1780978597	-130867.98	urban	sweet	specialized	monthly	leveraged	5	10000	-18543.24	117100.00	47.50	2	True	Bankruptcy: deeply negative cash
73	42fb0e4b	1780978598	-138819.66	suburban	everyday	automated	spot	leveraged	5	10000	-27282.67	117100.00	55.50	2	True	Bankruptcy: deeply negative cash
74	42fb0e4b	1780978599	-150533.28	university	everyday	manual	spot	max-debt	5	10000	-19048.43	136600.00	51.00	2	True	Bankruptcy: deeply negative cash
75	42fb0e4b	1780978600	-118156.61	urban	everyday	manual	monthly	leveraged	5	10000	-6354.62	117100.00	51.00	13	True	Bankruptcy: deeply negative cash
76	42fb0e4b	1780978601	49682.15	mall	gourmet	specialized	direct	all-equity	5	10000	44290.83	0.00	13.50	242	True	Reputation collapse (< 15)
77	42fb0e4b	1780978602	-127306.48	university	everyday	specialized	monthly	leveraged	5	10000	-14920.19	117100.00	47.00	2	True	Bankruptcy: deeply negative cash
78	42fb0e4b	1780978603	-116301.19	suburban	everyday	manual	direct	leveraged	5	10000	-5200.16	117100.00	55.00	31	True	Bankruptcy: deeply negative cash
79	42fb0e4b	1780978604	-131488.43	urban	speed	specialized	spot	leveraged	5	10000	-19306.95	117100.00	49.00	2	True	Bankruptcy: deeply negative cash
80	42fb0e4b	1780978605	2303.50	suburban	speed	manual	monthly	all-equity	5	10000	-8214.45	0.00	70.50	261	True	Bankruptcy: deeply negative cash
81	42fb0e4b	1780978606	83985.03	mall	everyday	manual	monthly	all-equity	5	10000	80821.87	0.00	14.50	111	True	Reputation collapse (< 15)
82	42fb0e4b	1780978607	-67690.07	university	speed	manual	spot	balanced	5	10000	-5028.17	67800.00	36.50	118	True	Bankruptcy: deeply negative cash
83	42fb0e4b	1780978608	-73470.72	office	speed	automated	direct	balanced	5	10000	-9849.79	69600.00	53.50	62	True	Bankruptcy: deeply negative cash
84	42fb0e4b	1780978609	-127094.52	mall	speed	specialized	spot	leveraged	5	10000	-14914.70	117100.00	49.00	2	True	Bankruptcy: deeply negative cash
85	42fb0e4b	1780978610	-169276.11	office	everyday	specialized	monthly	max-debt	5	10000	-37743.54	136600.00	50.50	2	True	Bankruptcy: deeply negative cash
86	42fb0e4b	1780978611	-4275.37	urban	everyday	manual	spot	all-equity	5	10000	-8309.92	0.00	15.00	212	True	Bankruptcy: deeply negative cash
87	42fb0e4b	1780978612	89.08	office	gourmet	specialized	monthly	all-equity	5	10000	-5350.94	0.00	37.50	186	True	Bankruptcy: deeply negative cash
88	42fb0e4b	1780978613	-149006.05	mall	everyday	manual	direct	max-debt	5	10000	-17822.09	136600.00	54.00	2	True	Bankruptcy: deeply negative cash
89	42fb0e4b	1780978614	-135820.17	mall	gourmet	automated	coop	leveraged	5	10000	-24293.15	117100.00	55.50	2	True	Bankruptcy: deeply negative cash
90	42fb0e4b	1780978615	-137758.23	suburban	sweet	automated	coop	leveraged	5	10000	-26224.41	117100.00	55.50	2	True	Bankruptcy: deeply negative cash
91	42fb0e4b	1780978616	-150909.10	suburban	everyday	manual	direct	max-debt	5	10000	-19720.98	136600.00	54.00	2	True	Bankruptcy: deeply negative cash
92	42fb0e4b	1780978617	-180849.49	urban	everyday	automated	spot	max-debt	5	10000	-49817.44	136600.00	55.50	2	True	Bankruptcy: deeply negative cash
93	42fb0e4b	1780978618	-72798.44	urban	sweet	specialized	direct	balanced	5	10000	-7584.59	69600.00	35.00	62	True	Bankruptcy: deeply negative cash
94	42fb0e4b	1780978619	-63435.98	suburban	gourmet	automated	monthly	balanced	5	10000	-6429.49	66000.00	67.50	122	True	Bankruptcy: deeply negative cash
95	42fb0e4b	1780978620	-117347.89	university	sweet	manual	direct	leveraged	5	10000	-5544.29	117100.00	50.50	20	True	Bankruptcy: deeply negative cash
96	42fb0e4b	1780978621	-70299.64	university	gourmet	automated	monthly	balanced	5	10000	-5082.63	69600.00	34.80	74	True	Bankruptcy: deeply negative cash
97	42fb0e4b	1780978622	-149646.49	university	everyday	manual	direct	max-debt	5	10000	-18459.78	136600.00	54.00	2	True	Bankruptcy: deeply negative cash
98	42fb0e4b	1780978623	-152490.21	office	everyday	manual	spot	max-debt	5	10000	-21053.62	136600.00	51.50	2	True	Bankruptcy: deeply negative cash
99	42fb0e4b	1780978624	-127405.29	university	speed	specialized	coop	leveraged	5	10000	-14964.84	117100.00	46.50	2	True	Bankruptcy: deeply negative cash
100	42fb0e4b	1780978625	-72135.99	urban	everyday	manual	spot	balanced	5	10000	-5102.45	69600.00	17.00	87	True	Bankruptcy: deeply negative cash
101	42fb0e4b	1780978626	-1038.85	urban	speed	specialized	coop	all-equity	5	10000	-6153.04	0.00	28.50	182	True	Bankruptcy: deeply negative cash
102	42fb0e4b	1780978627	-70084.74	office	speed	specialized	direct	balanced	5	10000	-5308.78	69600.00	40.00	82	True	Bankruptcy: deeply negative cash
103	42fb0e4b	1780978628	62499.55	university	everyday	manual	coop	all-equity	5	10000	59235.57	0.00	12.00	182	True	Reputation collapse (< 15)
104	42fb0e4b	1780978629	-177387.58	suburban	gourmet	automated	direct	max-debt	5	10000	-46657.10	136600.00	58.50	2	True	Bankruptcy: deeply negative cash
105	42fb0e4b	1780978630	64921.32	mall	everyday	specialized	coop	all-equity	5	10000	61329.67	0.00	14.50	140	True	Reputation collapse (< 15)
106	42fb0e4b	1780978631	-70124.26	office	gourmet	automated	spot	balanced	5	10000	-5009.63	71400.00	57.50	45	True	Bankruptcy: deeply negative cash
107	42fb0e4b	1780978632	-69469.22	mall	speed	specialized	spot	balanced	5	10000	-5173.02	67800.00	15.00	107	True	Bankruptcy: deeply negative cash
108	42fb0e4b	1780978633	-168255.49	suburban	sweet	specialized	direct	max-debt	5	10000	-36619.22	136600.00	49.50	2	True	Bankruptcy: deeply negative cash
109	42fb0e4b	1780978634	16891.42	suburban	sweet	specialized	spot	all-equity	5	10000	3927.49	0.00	59.50	361	True	Completed 360 days
110	42fb0e4b	1780978635	-64289.83	mall	speed	manual	direct	balanced	5	10000	-5037.83	64200.00	24.00	156	True	Bankruptcy: deeply negative cash
111	42fb0e4b	1780978636	-69395.85	office	everyday	specialized	spot	balanced	5	10000	-5047.95	69600.00	44.00	78	True	Bankruptcy: deeply negative cash
112	42fb0e4b	1780978637	-120511.50	office	everyday	manual	direct	leveraged	5	10000	-8666.89	117100.00	51.00	17	True	Bankruptcy: deeply negative cash
113	42fb0e4b	1780978638	-153954.54	urban	sweet	manual	coop	max-debt	5	10000	-22222.21	136600.00	48.50	2	True	Bankruptcy: deeply negative cash
114	42fb0e4b	1780978639	-167523.04	university	sweet	specialized	spot	max-debt	5	10000	-35836.60	136600.00	49.00	2	True	Bankruptcy: deeply negative cash
115	42fb0e4b	1780978640	527.84	suburban	speed	specialized	coop	all-equity	5	10000	-8131.27	0.00	67.50	182	True	Bankruptcy: deeply negative cash
116	42fb0e4b	1780978641	-153587.27	urban	everyday	manual	direct	max-debt	5	10000	-22452.34	136600.00	54.50	2	True	Bankruptcy: deeply negative cash
117	42fb0e4b	1780978642	33913.34	urban	everyday	manual	spot	all-equity	5	10000	30434.60	0.00	14.50	177	True	Reputation collapse (< 15)
118	42fb0e4b	1780978643	-69220.35	mall	speed	specialized	spot	balanced	5	10000	-6002.30	67800.00	27.50	98	True	Bankruptcy: deeply negative cash
119	42fb0e4b	1780978644	-166820.84	university	sweet	specialized	coop	max-debt	5	10000	-35191.85	136600.00	49.50	2	True	Bankruptcy: deeply negative cash
120	42fb0e4b	1780978645	-170605.37	urban	speed	specialized	coop	max-debt	5	10000	-39027.66	136600.00	50.00	2	True	Bankruptcy: deeply negative cash
121	42fb0e4b	1780978646	-71600.78	university	everyday	manual	spot	balanced	5	10000	-10005.02	66000.00	26.00	130	True	Bankruptcy: deeply negative cash
122	42fb0e4b	1780978647	-126371.36	mall	sweet	specialized	coop	leveraged	5	10000	-13943.34	117100.00	46.50	2	True	Bankruptcy: deeply negative cash
123	42fb0e4b	1780978648	-117249.71	suburban	everyday	manual	coop	leveraged	5	10000	-5565.23	117100.00	52.50	14	True	Bankruptcy: deeply negative cash
124	42fb0e4b	1780978649	96245.95	mall	everyday	manual	coop	all-equity	5	10000	92780.24	0.00	14.00	120	True	Reputation collapse (< 15)
125	42fb0e4b	1780978650	-149654.10	university	everyday	manual	coop	max-debt	5	10000	-18218.58	136600.00	51.50	2	True	Bankruptcy: deeply negative cash
126	42fb0e4b	1780978651	92435.25	mall	sweet	specialized	monthly	all-equity	5	10000	89059.98	0.00	14.50	99	True	Reputation collapse (< 15)
127	42fb0e4b	1780978652	-169575.64	suburban	everyday	specialized	spot	max-debt	5	10000	-37888.00	136600.00	49.00	2	True	Bankruptcy: deeply negative cash
128	42fb0e4b	1780978653	-135176.09	mall	gourmet	automated	direct	leveraged	5	10000	-23895.03	117100.00	58.00	2	True	Bankruptcy: deeply negative cash
129	42fb0e4b	1780978654	-72394.68	office	everyday	automated	spot	balanced	5	10000	-7978.85	69600.00	45.58	62	True	Bankruptcy: deeply negative cash
130	42fb0e4b	1780978655	-64157.97	suburban	speed	manual	monthly	balanced	5	10000	-5132.31	66000.00	50.50	127	True	Bankruptcy: deeply negative cash
131	42fb0e4b	1780978656	-44472.32	mall	gourmet	automated	direct	balanced	5	10000	9090.09	60600.00	14.50	232	True	Reputation collapse (< 15)
132	42fb0e4b	1780978657	75012.25	mall	gourmet	automated	spot	all-equity	5	10000	71043.52	0.00	14.00	125	True	Reputation collapse (< 15)
133	42fb0e4b	1780978658	-166529.13	mall	speed	specialized	monthly	max-debt	5	10000	-34944.90	136600.00	50.00	2	True	Bankruptcy: deeply negative cash
134	42fb0e4b	1780978659	-140245.88	urban	everyday	automated	direct	leveraged	5	10000	-28709.98	117100.00	55.50	2	True	Bankruptcy: deeply negative cash
135	42fb0e4b	1780978660	-69436.53	university	sweet	automated	monthly	balanced	5	10000	-5955.50	67800.00	27.50	96	True	Bankruptcy: deeply negative cash
136	42fb0e4b	1780978661	-176427.26	university	everyday	automated	monthly	max-debt	5	10000	-45440.92	136600.00	56.00	2	True	Bankruptcy: deeply negative cash
137	42fb0e4b	1780978662	111528.27	mall	sweet	specialized	direct	all-equity	5	10000	107511.38	0.00	14.50	112	True	Reputation collapse (< 15)
138	42fb0e4b	1780978663	4332.90	suburban	speed	manual	coop	all-equity	5	10000	-8313.39	0.00	70.50	332	True	Bankruptcy: deeply negative cash
139	42fb0e4b	1780978664	-67032.84	university	speed	manual	direct	balanced	5	10000	-5093.19	66000.00	25.82	122	True	Bankruptcy: deeply negative cash
140	42fb0e4b	1780978665	-168868.94	office	everyday	specialized	coop	max-debt	5	10000	-37285.53	136600.00	50.00	2	True	Bankruptcy: deeply negative cash
141	42fb0e4b	1780978666	40204.25	suburban	sweet	specialized	coop	all-equity	5	10000	25346.22	0.00	76.00	361	True	Completed 360 days
142	42fb0e4b	1780978667	-171302.56	urban	gourmet	specialized	spot	max-debt	5	10000	-39624.38	136600.00	49.00	2	True	Bankruptcy: deeply negative cash
143	42fb0e4b	1780978668	-58122.12	mall	speed	specialized	direct	balanced	5	10000	4149.81	66000.00	14.50	127	True	Reputation collapse (< 15)
144	42fb0e4b	1780978669	-67134.21	urban	gourmet	manual	monthly	balanced	5	10000	-9567.75	64200.00	41.00	152	True	Bankruptcy: deeply negative cash
145	42fb0e4b	1780978670	-131236.33	urban	speed	specialized	coop	leveraged	5	10000	-18802.58	117100.00	46.50	2	True	Bankruptcy: deeply negative cash
146	42fb0e4b	1780978671	-71325.92	office	sweet	specialized	monthly	balanced	5	10000	-8515.47	66000.00	15.00	126	True	Bankruptcy: deeply negative cash
147	42fb0e4b	1780978672	-152608.85	office	everyday	manual	spot	max-debt	5	10000	-21121.09	136600.00	51.00	2	True	Bankruptcy: deeply negative cash
148	42fb0e4b	1780978673	-151973.06	suburban	speed	manual	spot	max-debt	5	10000	-20486.18	136600.00	51.00	2	True	Bankruptcy: deeply negative cash
149	42fb0e4b	1780978674	-109950.38	mall	gourmet	manual	monthly	leveraged	5	10000	-6570.08	108400.00	28.50	92	True	Bankruptcy: deeply negative cash
150	42fb0e4b	1780978675	29288.22	mall	everyday	automated	spot	all-equity	5	10000	25668.54	0.00	14.00	153	True	Reputation collapse (< 15)
151	42fb0e4b	1780978676	-117333.31	mall	everyday	manual	monthly	leveraged	5	10000	-7840.05	114200.00	40.00	35	True	Bankruptcy: deeply negative cash
152	42fb0e4b	1780978677	52712.47	office	gourmet	manual	direct	all-equity	5	10000	41947.66	0.00	47.00	361	True	Completed 360 days
153	42fb0e4b	1780978678	-168756.00	office	everyday	specialized	direct	max-debt	5	10000	-37121.86	136600.00	49.50	2	True	Bankruptcy: deeply negative cash
154	42fb0e4b	1780978679	-119286.67	suburban	sweet	manual	spot	leveraged	5	10000	-7507.35	117100.00	51.50	14	True	Bankruptcy: deeply negative cash
155	42fb0e4b	1780978680	-177584.94	suburban	gourmet	automated	coop	max-debt	5	10000	-46603.71	136600.00	56.00	2	True	Bankruptcy: deeply negative cash
156	42fb0e4b	1780978681	-1337.77	urban	everyday	specialized	spot	all-equity	5	10000	-7919.70	0.00	28.00	234	True	Bankruptcy: deeply negative cash
157	42fb0e4b	1780978682	-73774.09	university	gourmet	automated	coop	balanced	5	10000	-8519.66	69600.00	37.26	65	True	Bankruptcy: deeply negative cash
158	42fb0e4b	1780978683	2648.91	office	everyday	manual	coop	all-equity	5	10000	-5022.78	0.00	48.38	260	True	Bankruptcy: deeply negative cash
159	42fb0e4b	1780978684	-148929.90	mall	gourmet	manual	coop	max-debt	5	10000	-17500.56	136600.00	51.50	2	True	Bankruptcy: deeply negative cash
160	42fb0e4b	1780978685	-70365.49	suburban	sweet	automated	monthly	balanced	5	10000	-7631.04	69600.00	58.50	62	True	Bankruptcy: deeply negative cash
161	42fb0e4b	1780978686	-176491.13	university	gourmet	automated	monthly	max-debt	5	10000	-45209.24	136600.00	53.00	2	True	Bankruptcy: deeply negative cash
162	42fb0e4b	1780978687	-130808.95	urban	sweet	specialized	coop	leveraged	5	10000	-18677.51	117100.00	49.50	2	True	Bankruptcy: deeply negative cash
163	42fb0e4b	1780978688	-150872.19	suburban	everyday	manual	direct	max-debt	5	10000	-19733.99	136600.00	54.50	2	True	Bankruptcy: deeply negative cash
164	42fb0e4b	1780978689	-169102.41	suburban	everyday	specialized	spot	max-debt	5	10000	-37465.22	136600.00	49.50	2	True	Bankruptcy: deeply negative cash
165	42fb0e4b	1780978690	-117131.29	suburban	gourmet	manual	coop	leveraged	5	10000	-8563.71	114200.00	51.50	32	True	Bankruptcy: deeply negative cash
166	42fb0e4b	1780978691	-148832.45	university	gourmet	manual	direct	max-debt	5	10000	-17653.49	136600.00	54.00	2	True	Bankruptcy: deeply negative cash
167	42fb0e4b	1780978692	-134989.05	mall	speed	automated	direct	leveraged	5	10000	-23711.67	117100.00	58.00	2	True	Bankruptcy: deeply negative cash
168	42fb0e4b	1780978693	71045.09	suburban	gourmet	specialized	direct	all-equity	5	10000	53717.63	0.00	93.50	361	True	Completed 360 days
169	42fb0e4b	1780978694	18162.61	urban	sweet	automated	coop	all-equity	5	10000	12866.77	0.00	14.50	249	True	Reputation collapse (< 15)
170	42fb0e4b	1780978695	8309.38	university	sweet	automated	coop	all-equity	5	10000	3986.61	0.00	14.00	242	True	Reputation collapse (< 15)
171	42fb0e4b	1780978696	-1845.44	office	gourmet	specialized	coop	all-equity	5	10000	-6590.95	0.00	21.60	242	True	Bankruptcy: deeply negative cash
172	42fb0e4b	1780978697	-3932.31	university	speed	manual	coop	all-equity	5	10000	-9020.67	0.00	17.50	290	True	Bankruptcy: deeply negative cash
173	42fb0e4b	1780978698	-820.16	university	everyday	automated	monthly	all-equity	5	10000	-5453.63	0.00	21.50	227	True	Bankruptcy: deeply negative cash
174	42fb0e4b	1780978699	-68164.03	mall	sweet	automated	monthly	balanced	5	10000	-5030.57	67800.00	26.50	102	True	Bankruptcy: deeply negative cash
175	42fb0e4b	1780978700	-73329.94	mall	everyday	automated	monthly	balanced	5	10000	-10283.96	67800.00	28.50	92	True	Bankruptcy: deeply negative cash
176	42fb0e4b	1780978701	-116948.79	suburban	gourmet	manual	coop	leveraged	5	10000	-5070.76	117100.00	50.00	18	True	Bankruptcy: deeply negative cash
177	42fb0e4b	1780978702	-67496.32	urban	sweet	manual	coop	balanced	5	10000	-5246.85	67800.00	42.50	98	True	Bankruptcy: deeply negative cash
178	42fb0e4b	1780978703	-151348.64	office	everyday	manual	direct	max-debt	5	10000	-20212.87	136600.00	54.50	2	True	Bankruptcy: deeply negative cash
179	42fb0e4b	1780978704	-170959.72	urban	gourmet	specialized	coop	max-debt	5	10000	-39380.41	136600.00	50.00	2	True	Bankruptcy: deeply negative cash
180	42fb0e4b	1780978705	-110511.21	mall	sweet	manual	spot	leveraged	5	10000	-6204.61	108400.00	19.54	92	True	Bankruptcy: deeply negative cash
181	42fb0e4b	1780978706	-1558.64	urban	sweet	automated	spot	all-equity	5	10000	-9284.14	0.00	28.50	272	True	Bankruptcy: deeply negative cash
182	42fb0e4b	1780978707	-115815.02	urban	sweet	manual	direct	leveraged	5	10000	-6122.03	114200.00	39.00	32	True	Bankruptcy: deeply negative cash
183	42fb0e4b	1780978708	-138236.40	suburban	gourmet	automated	monthly	leveraged	5	10000	-26752.20	117100.00	56.00	2	True	Bankruptcy: deeply negative cash
184	42fb0e4b	1780978709	-152443.36	suburban	sweet	manual	spot	max-debt	5	10000	-20653.15	136600.00	48.00	2	True	Bankruptcy: deeply negative cash
185	42fb0e4b	1780978710	-119262.44	suburban	gourmet	manual	monthly	leveraged	5	10000	-10929.59	114200.00	54.00	32	True	Bankruptcy: deeply negative cash
186	42fb0e4b	1780978711	-151167.91	office	speed	manual	direct	max-debt	5	10000	-20035.50	136600.00	54.50	2	True	Bankruptcy: deeply negative cash
187	42fb0e4b	1780978712	-149004.24	mall	speed	manual	direct	max-debt	5	10000	-17520.14	136600.00	51.00	2	True	Bankruptcy: deeply negative cash
188	42fb0e4b	1780978713	48126.43	suburban	speed	manual	coop	all-equity	5	10000	38992.71	0.00	36.00	361	True	Completed 360 days
189	42fb0e4b	1780978714	-180170.20	urban	gourmet	automated	monthly	max-debt	5	10000	-49241.66	136600.00	56.50	2	True	Bankruptcy: deeply negative cash
190	42fb0e4b	1780978715	-149043.34	mall	sweet	manual	coop	max-debt	5	10000	-17611.77	136600.00	51.50	2	True	Bankruptcy: deeply negative cash
191	42fb0e4b	1780978716	-151726.87	suburban	everyday	manual	monthly	max-debt	5	10000	-20089.74	136600.00	49.50	2	True	Bankruptcy: deeply negative cash
192	42fb0e4b	1780978717	-167748.74	university	sweet	specialized	coop	max-debt	5	10000	-35115.10	136600.00	39.50	2	True	Bankruptcy: deeply negative cash
193	42fb0e4b	1780978718	-166778.79	mall	sweet	specialized	spot	max-debt	5	10000	-35099.28	136600.00	49.00	2	True	Bankruptcy: deeply negative cash
194	42fb0e4b	1780978719	-167745.16	university	everyday	specialized	spot	max-debt	5	10000	-36060.79	136600.00	49.00	2	True	Bankruptcy: deeply negative cash
195	42fb0e4b	1780978720	-71834.42	urban	sweet	specialized	monthly	balanced	5	10000	-7203.35	69600.00	36.50	91	True	Bankruptcy: deeply negative cash
196	42fb0e4b	1780978721	-128034.17	mall	everyday	specialized	spot	leveraged	5	10000	-14849.84	117100.00	39.00	2	True	Bankruptcy: deeply negative cash
197	42fb0e4b	1780978722	-166085.24	university	everyday	specialized	direct	max-debt	5	10000	-34754.27	136600.00	52.50	2	True	Bankruptcy: deeply negative cash
198	42fb0e4b	1780978723	-67275.03	suburban	sweet	specialized	monthly	balanced	5	10000	-8883.70	66000.00	55.50	122	True	Bankruptcy: deeply negative cash
199	42fb0e4b	1780978724	114531.84	mall	gourmet	manual	spot	all-equity	5	10000	112339.92	0.00	10.88	62	True	Reputation collapse (< 15)
0	d14f0716	1780978554	-118815.65	urban	everyday	manual	direct	leveraged	5	10000	-6780.24	117100.00	49.00	13	True	Bankruptcy: deeply negative cash
1	d14f0716	1780978555	-169069.89	office	gourmet	specialized	monthly	max-debt	5	10000	-37486.99	136600.00	50.00	2	True	Bankruptcy: deeply negative cash
2	d14f0716	1780978556	-1387.45	office	everyday	specialized	spot	all-equity	5	10000	-5288.77	0.00	21.12	203	True	Bankruptcy: deeply negative cash
3	d14f0716	1780978557	-121689.71	office	everyday	manual	monthly	leveraged	5	10000	-8929.19	117100.00	42.00	17	True	Bankruptcy: deeply negative cash
4	d14f0716	1780978558	-180906.29	urban	sweet	automated	spot	max-debt	5	10000	-49873.66	136600.00	55.50	2	True	Bankruptcy: deeply negative cash
5	d14f0716	1780978559	-152314.25	office	everyday	manual	monthly	max-debt	5	10000	-20628.35	136600.00	49.00	2	True	Bankruptcy: deeply negative cash
6	d14f0716	1780978560	-72073.77	urban	everyday	automated	coop	balanced	5	10000	-5487.82	71400.00	43.00	48	True	Bankruptcy: deeply negative cash
7	d14f0716	1780978561	-62162.60	university	speed	manual	direct	balanced	5	10000	-5083.20	64200.00	40.50	175	True	Bankruptcy: deeply negative cash
8	d14f0716	1780978562	1099.68	office	everyday	manual	monthly	all-equity	5	10000	-5274.19	0.00	31.00	273	True	Bankruptcy: deeply negative cash
9	d14f0716	1780978563	-67197.32	office	sweet	automated	monthly	balanced	5	10000	-8716.97	66000.00	54.00	122	True	Bankruptcy: deeply negative cash
10	d14f0716	1780978564	76388.51	suburban	sweet	manual	spot	all-equity	5	10000	61312.88	0.00	77.00	361	True	Completed 360 days
11	d14f0716	1780978565	-168052.58	university	speed	specialized	coop	max-debt	5	10000	-35412.63	136600.00	39.50	2	True	Bankruptcy: deeply negative cash
12	d14f0716	1780978566	-69182.70	mall	speed	automated	monthly	balanced	5	10000	-6010.64	67800.00	29.00	92	True	Bankruptcy: deeply negative cash
13	d14f0716	1780978567	-64877.19	suburban	gourmet	specialized	coop	balanced	5	10000	-7353.00	66000.00	62.50	127	True	Bankruptcy: deeply negative cash
14	d14f0716	1780978568	-152078.21	office	gourmet	manual	coop	max-debt	5	10000	-20343.64	136600.00	48.50	2	True	Bankruptcy: deeply negative cash
15	d14f0716	1780978569	-175584.08	mall	sweet	automated	monthly	max-debt	5	10000	-44808.40	136600.00	58.00	2	True	Bankruptcy: deeply negative cash
16	d14f0716	1780978570	-69122.10	mall	speed	automated	direct	balanced	5	10000	-5053.71	69600.00	43.50	68	True	Bankruptcy: deeply negative cash
17	d14f0716	1780978571	-171322.02	urban	speed	specialized	spot	max-debt	5	10000	-39693.01	136600.00	49.50	2	True	Bankruptcy: deeply negative cash
18	d14f0716	1780978572	-138067.44	suburban	speed	automated	monthly	leveraged	5	10000	-26335.40	117100.00	53.50	2	True	Bankruptcy: deeply negative cash
19	d14f0716	1780978573	-135950.40	university	speed	automated	coop	leveraged	5	10000	-24420.11	117100.00	55.50	2	True	Bankruptcy: deeply negative cash
20	d14f0716	1780978574	-167688.95	university	gourmet	specialized	spot	max-debt	5	10000	-36006.93	136600.00	49.00	2	True	Bankruptcy: deeply negative cash
21	d14f0716	1780978575	-69386.06	office	gourmet	specialized	direct	balanced	5	10000	-5166.93	69600.00	46.00	63	True	Bankruptcy: deeply negative cash
22	d14f0716	1780978576	-114721.70	mall	everyday	manual	direct	leveraged	5	10000	-7165.90	111300.00	23.60	69	True	Bankruptcy: deeply negative cash
23	d14f0716	1780978577	-168201.75	suburban	speed	specialized	direct	max-debt	5	10000	-36811.63	136600.00	52.00	2	True	Bankruptcy: deeply negative cash
24	d14f0716	1780978578	-1326.74	university	speed	automated	monthly	all-equity	5	10000	-5412.04	0.00	21.50	189	True	Bankruptcy: deeply negative cash
25	d14f0716	1780978579	-64689.00	university	gourmet	manual	monthly	balanced	5	10000	-6502.73	64200.00	30.00	169	True	Bankruptcy: deeply negative cash
26	d14f0716	1780978580	-71543.21	office	sweet	specialized	coop	balanced	5	10000	-9209.09	67800.00	44.00	92	True	Bankruptcy: deeply negative cash
27	d14f0716	1780978581	-136129.52	university	sweet	automated	monthly	leveraged	5	10000	-24649.03	117100.00	56.00	2	True	Bankruptcy: deeply negative cash
28	d14f0716	1780978582	30483.77	urban	sweet	manual	monthly	all-equity	5	10000	25473.85	0.00	14.00	237	True	Reputation collapse (< 15)
29	d14f0716	1780978583	33837.86	mall	everyday	specialized	direct	all-equity	5	10000	30990.99	0.00	7.50	152	True	Reputation collapse (< 15)
30	d14f0716	1780978584	-65670.40	suburban	everyday	manual	spot	balanced	5	10000	-6118.30	66000.00	47.50	122	True	Bankruptcy: deeply negative cash
31	d14f0716	1780978585	-51602.96	suburban	sweet	manual	spot	balanced	5	10000	-5043.33	58800.00	63.50	262	True	Bankruptcy: deeply negative cash
32	d14f0716	1780978586	-166208.26	mall	sweet	specialized	coop	max-debt	5	10000	-34582.72	136600.00	49.50	2	True	Bankruptcy: deeply negative cash
33	d14f0716	1780978587	-180322.07	urban	sweet	automated	coop	max-debt	5	10000	-49343.68	136600.00	56.00	2	True	Bankruptcy: deeply negative cash
34	d14f0716	1780978588	71083.41	mall	everyday	specialized	monthly	all-equity	5	10000	68180.90	0.00	14.50	98	True	Reputation collapse (< 15)
35	d14f0716	1780978589	10082.27	urban	sweet	specialized	monthly	all-equity	5	10000	3678.65	0.00	14.50	289	True	Reputation collapse (< 15)
36	d14f0716	1780978590	1833.77	urban	everyday	manual	spot	all-equity	5	10000	-5876.87	0.00	49.00	210	True	Bankruptcy: deeply negative cash
37	d14f0716	1780978591	-149017.11	mall	speed	manual	direct	max-debt	5	10000	-17832.93	136600.00	54.00	2	True	Bankruptcy: deeply negative cash
38	d14f0716	1780978592	-136311.33	university	sweet	automated	coop	leveraged	5	10000	-24774.68	117100.00	55.50	2	True	Bankruptcy: deeply negative cash
39	d14f0716	1780978593	-69081.46	urban	gourmet	automated	spot	balanced	5	10000	-7524.24	67800.00	44.50	92	True	Bankruptcy: deeply negative cash
40	d14f0716	1780978594	-126897.72	university	gourmet	specialized	coop	leveraged	5	10000	-14766.69	117100.00	49.50	2	True	Bankruptcy: deeply negative cash
41	d14f0716	1780978595	-71743.19	suburban	everyday	automated	monthly	balanced	5	10000	-9597.18	69600.00	67.00	62	True	Bankruptcy: deeply negative cash
42	d14f0716	1780978596	-135751.10	mall	everyday	automated	monthly	leveraged	5	10000	-24270.18	117100.00	56.00	2	True	Bankruptcy: deeply negative cash
43	d14f0716	1780978597	2054.95	suburban	everyday	specialized	coop	all-equity	5	10000	-5146.82	0.00	43.00	222	True	Bankruptcy: deeply negative cash
44	d14f0716	1780978598	-69220.22	university	sweet	manual	monthly	balanced	5	10000	-5360.08	67800.00	27.00	110	True	Bankruptcy: deeply negative cash
45	d14f0716	1780978599	-151923.25	suburban	everyday	manual	coop	max-debt	5	10000	-20482.45	136600.00	51.50	2	True	Bankruptcy: deeply negative cash
46	d14f0716	1780978600	-151792.24	office	sweet	manual	coop	max-debt	5	10000	-20357.21	136600.00	51.50	2	True	Bankruptcy: deeply negative cash
47	d14f0716	1780978601	-66317.34	mall	gourmet	automated	spot	balanced	5	10000	-5265.54	66000.00	19.00	137	True	Bankruptcy: deeply negative cash
48	d14f0716	1780978602	178.49	office	everyday	specialized	monthly	all-equity	5	10000	-5319.63	0.00	21.00	265	True	Bankruptcy: deeply negative cash
49	d14f0716	1780978603	-128043.99	suburban	sweet	specialized	direct	leveraged	5	10000	-16156.96	117100.00	52.00	2	True	Bankruptcy: deeply negative cash
50	d14f0716	1780978604	-69182.05	urban	speed	manual	direct	balanced	5	10000	-8767.93	66000.00	36.50	125	True	Bankruptcy: deeply negative cash
51	d14f0716	1780978605	-138271.62	suburban	sweet	automated	coop	leveraged	5	10000	-26735.03	117100.00	55.50	2	True	Bankruptcy: deeply negative cash
52	d14f0716	1780978606	-70306.06	urban	speed	specialized	coop	balanced	5	10000	-7905.97	67800.00	39.50	92	True	Bankruptcy: deeply negative cash
53	d14f0716	1780978607	-138992.32	office	sweet	automated	spot	leveraged	5	10000	-27659.61	117100.00	57.50	2	True	Bankruptcy: deeply negative cash
54	d14f0716	1780978608	-69051.50	mall	speed	specialized	coop	balanced	5	10000	-5652.40	67800.00	25.50	100	True	Bankruptcy: deeply negative cash
55	d14f0716	1780978609	-138190.78	suburban	everyday	automated	coop	leveraged	5	10000	-26703.56	117100.00	56.00	2	True	Bankruptcy: deeply negative cash
56	d14f0716	1780978610	-66751.63	office	speed	manual	spot	balanced	5	10000	-5186.29	67800.00	51.50	104	True	Bankruptcy: deeply negative cash
57	d14f0716	1780978611	-137398.96	suburban	gourmet	automated	direct	leveraged	5	10000	-26162.38	117100.00	58.50	2	True	Bankruptcy: deeply negative cash
58	d14f0716	1780978612	-66223.90	suburban	sweet	specialized	spot	balanced	5	10000	-5047.88	67800.00	51.50	95	True	Bankruptcy: deeply negative cash
59	d14f0716	1780978613	72235.33	mall	speed	specialized	monthly	all-equity	5	10000	67365.96	0.00	14.50	189	True	Reputation collapse (< 15)
60	d14f0716	1780978614	62875.67	mall	speed	specialized	direct	all-equity	5	10000	59414.96	0.00	14.50	134	True	Reputation collapse (< 15)
61	d14f0716	1780978615	-128424.97	suburban	sweet	specialized	coop	leveraged	5	10000	-16289.48	117100.00	49.50	2	True	Bankruptcy: deeply negative cash
62	d14f0716	1780978616	-153285.05	urban	everyday	manual	direct	max-debt	5	10000	-22101.32	136600.00	54.00	2	True	Bankruptcy: deeply negative cash
63	d14f0716	1780978617	-69560.76	university	gourmet	manual	monthly	balanced	5	10000	-8675.94	66000.00	35.50	122	True	Bankruptcy: deeply negative cash
64	d14f0716	1780978618	31023.75	mall	sweet	automated	direct	all-equity	5	10000	25285.67	0.00	14.50	245	True	Reputation collapse (< 15)
65	d14f0716	1780978619	-149489.39	university	gourmet	manual	monthly	max-debt	5	10000	-18109.50	136600.00	52.00	2	True	Bankruptcy: deeply negative cash
66	d14f0716	1780978620	-67892.56	urban	everyday	manual	coop	balanced	5	10000	-5057.36	67800.00	35.50	106	True	Bankruptcy: deeply negative cash
67	d14f0716	1780978621	-122146.52	office	speed	manual	spot	leveraged	5	10000	-10525.23	117100.00	53.00	17	True	Bankruptcy: deeply negative cash
68	d14f0716	1780978622	-46671.68	mall	sweet	specialized	direct	balanced	5	10000	19904.55	69600.00	14.50	78	True	Reputation collapse (< 15)
69	d14f0716	1780978623	56988.76	mall	everyday	manual	coop	all-equity	5	10000	53817.80	0.00	10.50	152	True	Reputation collapse (< 15)
70	d14f0716	1780978624	-177345.33	university	everyday	automated	spot	max-debt	5	10000	-45956.68	136600.00	52.00	2	True	Bankruptcy: deeply negative cash
71	d14f0716	1780978625	-138303.92	office	sweet	automated	direct	leveraged	5	10000	-26717.68	117100.00	55.00	2	True	Bankruptcy: deeply negative cash
72	d14f0716	1780978626	59436.61	mall	everyday	automated	coop	all-equity	5	10000	54303.04	0.00	14.00	194	True	Reputation collapse (< 15)
73	d14f0716	1780978627	-169319.78	office	everyday	specialized	coop	max-debt	5	10000	-37680.56	136600.00	49.50	2	True	Bankruptcy: deeply negative cash
74	d14f0716	1780978628	-69105.54	mall	everyday	manual	direct	balanced	5	10000	-5440.13	67800.00	27.84	100	True	Bankruptcy: deeply negative cash
75	d14f0716	1780978629	-70234.02	urban	sweet	manual	coop	balanced	5	10000	-7080.18	67800.00	32.50	92	True	Bankruptcy: deeply negative cash
76	d14f0716	1780978630	59164.63	university	speed	manual	direct	all-equity	5	10000	56192.26	0.00	14.00	129	True	Reputation collapse (< 15)
77	d14f0716	1780978631	-108590.06	mall	speed	manual	direct	leveraged	5	10000	-5350.36	108400.00	30.50	93	True	Bankruptcy: deeply negative cash
78	d14f0716	1780978632	2494.92	suburban	sweet	manual	monthly	all-equity	5	10000	-5397.08	0.00	52.00	219	True	Bankruptcy: deeply negative cash
79	d14f0716	1780978633	-71039.21	university	everyday	specialized	spot	balanced	5	10000	-5422.81	69600.00	30.10	88	True	Bankruptcy: deeply negative cash
80	d14f0716	1780978634	72845.95	mall	gourmet	manual	coop	all-equity	5	10000	69947.53	0.00	5.00	152	True	Reputation collapse (< 15)
81	d14f0716	1780978635	-70131.04	urban	everyday	manual	coop	balanced	5	10000	-9603.11	66000.00	37.50	122	True	Bankruptcy: deeply negative cash
82	d14f0716	1780978636	100555.77	mall	gourmet	manual	coop	all-equity	5	10000	95512.92	0.00	14.50	195	True	Reputation collapse (< 15)
83	d14f0716	1780978637	14277.25	university	gourmet	manual	monthly	all-equity	5	10000	8597.69	0.00	14.00	312	True	Reputation collapse (< 15)
84	d14f0716	1780978638	79052.17	university	sweet	automated	direct	all-equity	5	10000	75928.63	0.00	14.50	108	True	Reputation collapse (< 15)
85	d14f0716	1780978639	-67956.42	urban	speed	manual	direct	balanced	5	10000	-6044.14	67800.00	47.00	92	True	Bankruptcy: deeply negative cash
86	d14f0716	1780978640	-176009.75	university	speed	automated	direct	max-debt	5	10000	-45225.53	136600.00	58.00	2	True	Bankruptcy: deeply negative cash
87	d14f0716	1780978641	-66908.93	mall	everyday	manual	direct	balanced	5	10000	-5364.22	66000.00	22.50	143	True	Bankruptcy: deeply negative cash
88	d14f0716	1780978642	432.81	office	everyday	manual	coop	all-equity	5	10000	-5328.75	0.00	29.50	280	True	Bankruptcy: deeply negative cash
89	d14f0716	1780978643	-3212.89	urban	everyday	specialized	spot	all-equity	5	10000	-8433.45	0.00	22.50	212	True	Bankruptcy: deeply negative cash
90	d14f0716	1780978644	-175330.98	mall	speed	automated	direct	max-debt	5	10000	-44601.25	136600.00	58.50	2	True	Bankruptcy: deeply negative cash
91	d14f0716	1780978645	69927.59	mall	everyday	manual	coop	all-equity	5	10000	66689.34	0.00	14.00	133	True	Reputation collapse (< 15)
92	d14f0716	1780978646	-175396.23	mall	speed	automated	coop	max-debt	5	10000	-44369.50	136600.00	55.50	2	True	Bankruptcy: deeply negative cash
93	d14f0716	1780978647	-131175.16	urban	everyday	specialized	monthly	leveraged	5	10000	-18795.55	117100.00	47.00	2	True	Bankruptcy: deeply negative cash
94	d14f0716	1780978648	-166489.95	university	sweet	specialized	direct	max-debt	5	10000	-35108.45	136600.00	52.00	2	True	Bankruptcy: deeply negative cash
95	d14f0716	1780978649	-72390.49	suburban	sweet	automated	coop	balanced	5	10000	-10065.82	69600.00	59.34	90	True	Bankruptcy: deeply negative cash
96	d14f0716	1780978650	-72029.14	university	speed	automated	monthly	balanced	5	10000	-8390.08	67800.00	28.98	92	True	Bankruptcy: deeply negative cash
97	d14f0716	1780978651	38895.34	suburban	gourmet	specialized	coop	all-equity	5	10000	26341.70	0.00	60.00	361	True	Completed 360 days
98	d14f0716	1780978652	-154303.93	urban	everyday	manual	monthly	max-debt	5	10000	-22969.03	136600.00	52.50	2	True	Bankruptcy: deeply negative cash
99	d14f0716	1780978653	-168780.34	suburban	gourmet	specialized	coop	max-debt	5	10000	-37143.59	136600.00	49.50	2	True	Bankruptcy: deeply negative cash
100	d14f0716	1780978654	128641.26	mall	gourmet	automated	spot	all-equity	5	10000	122672.43	0.00	14.50	167	True	Reputation collapse (< 15)
101	d14f0716	1780978655	560.63	office	speed	specialized	monthly	all-equity	5	10000	-5106.74	0.00	35.50	210	True	Bankruptcy: deeply negative cash
102	d14f0716	1780978656	-129218.63	office	speed	specialized	monthly	leveraged	5	10000	-17189.68	117100.00	50.50	2	True	Bankruptcy: deeply negative cash
103	d14f0716	1780978657	-127427.75	university	speed	specialized	monthly	leveraged	5	10000	-15339.09	117100.00	50.00	2	True	Bankruptcy: deeply negative cash
104	d14f0716	1780978658	-61077.72	office	gourmet	manual	coop	balanced	5	10000	-5855.79	62400.00	37.02	208	True	Bankruptcy: deeply negative cash
105	d14f0716	1780978659	-70426.56	office	gourmet	specialized	coop	balanced	5	10000	-6046.25	69600.00	43.50	78	True	Bankruptcy: deeply negative cash
106	d14f0716	1780978660	-125803.46	mall	everyday	specialized	direct	leveraged	5	10000	-13921.87	117100.00	52.00	2	True	Bankruptcy: deeply negative cash
107	d14f0716	1780978661	-148969.78	mall	gourmet	manual	coop	max-debt	5	10000	-17539.83	136600.00	51.50	2	True	Bankruptcy: deeply negative cash
108	d14f0716	1780978662	-167577.38	university	sweet	specialized	spot	max-debt	5	10000	-35889.70	136600.00	49.00	2	True	Bankruptcy: deeply negative cash
109	d14f0716	1780978663	-166480.75	mall	speed	specialized	coop	max-debt	5	10000	-34901.39	136600.00	50.00	2	True	Bankruptcy: deeply negative cash
110	d14f0716	1780978664	-152309.01	suburban	everyday	manual	spot	max-debt	5	10000	-20820.71	136600.00	51.00	2	True	Bankruptcy: deeply negative cash
111	d14f0716	1780978665	-58329.74	mall	everyday	specialized	monthly	balanced	5	10000	3842.09	66000.00	14.00	134	True	Reputation collapse (< 15)
112	d14f0716	1780978666	-61886.80	mall	gourmet	specialized	direct	balanced	5	10000	-4624.77	62400.00	14.50	188	True	Reputation collapse (< 15)
113	d14f0716	1780978667	-71601.76	office	speed	automated	spot	balanced	5	10000	-5850.37	71400.00	51.50	56	True	Bankruptcy: deeply negative cash
114	d14f0716	1780978668	-64388.87	suburban	gourmet	manual	monthly	balanced	5	10000	-6895.08	64200.00	44.00	152	True	Bankruptcy: deeply negative cash
115	d14f0716	1780978669	-70252.67	office	gourmet	automated	spot	balanced	5	10000	-9163.41	67800.00	50.00	102	True	Bankruptcy: deeply negative cash
116	d14f0716	1780978670	-69460.44	university	everyday	automated	spot	balanced	5	10000	-5348.76	69600.00	42.50	87	True	Bankruptcy: deeply negative cash
117	d14f0716	1780978671	54483.66	mall	sweet	specialized	monthly	all-equity	5	10000	51438.68	0.00	14.00	113	True	Reputation collapse (< 15)
118	d14f0716	1780978672	-178034.64	suburban	sweet	automated	coop	max-debt	5	10000	-46995.57	136600.00	55.50	2	True	Bankruptcy: deeply negative cash
119	d14f0716	1780978673	-57172.34	mall	gourmet	manual	coop	balanced	5	10000	5050.18	66000.00	14.00	132	True	Reputation collapse (< 15)
120	d14f0716	1780978674	-114433.97	mall	gourmet	manual	direct	leveraged	5	10000	-7342.54	111300.00	29.00	62	True	Bankruptcy: deeply negative cash
121	d14f0716	1780978675	-41403.88	mall	gourmet	manual	direct	balanced	5	10000	23235.52	67800.00	14.50	98	True	Reputation collapse (< 15)
122	d14f0716	1780978676	-128334.32	suburban	gourmet	specialized	direct	leveraged	5	10000	-16447.49	117100.00	52.00	2	True	Bankruptcy: deeply negative cash
123	d14f0716	1780978677	-117615.13	mall	sweet	manual	spot	leveraged	5	10000	-5557.00	117100.00	49.00	10	True	Bankruptcy: deeply negative cash
124	d14f0716	1780978678	-129457.47	office	gourmet	specialized	spot	leveraged	5	10000	-17325.09	117100.00	49.50	2	True	Bankruptcy: deeply negative cash
125	d14f0716	1780978679	-50754.48	university	gourmet	manual	monthly	balanced	5	10000	11457.64	66000.00	14.52	143	True	Reputation collapse (< 15)
126	d14f0716	1780978680	-149899.26	university	sweet	manual	monthly	max-debt	5	10000	-18217.04	136600.00	49.00	2	True	Bankruptcy: deeply negative cash
127	d14f0716	1780978681	488.45	university	sweet	automated	direct	all-equity	5	10000	-5293.06	0.00	29.00	232	True	Bankruptcy: deeply negative cash
128	d14f0716	1780978682	-175981.04	university	gourmet	automated	direct	max-debt	5	10000	-45197.57	136600.00	58.00	2	True	Bankruptcy: deeply negative cash
129	d14f0716	1780978683	-59605.39	mall	gourmet	automated	monthly	balanced	5	10000	-479.15	64200.00	14.50	162	True	Reputation collapse (< 15)
130	d14f0716	1780978684	98028.14	mall	sweet	specialized	spot	all-equity	5	10000	94892.40	0.00	14.00	89	True	Reputation collapse (< 15)
131	d14f0716	1780978685	-168987.07	office	everyday	specialized	direct	max-debt	5	10000	-37299.38	136600.00	49.00	2	True	Bankruptcy: deeply negative cash
132	d14f0716	1780978686	-149346.29	mall	speed	manual	coop	max-debt	5	10000	-17614.66	136600.00	48.50	2	True	Bankruptcy: deeply negative cash
133	d14f0716	1780978687	-1528.81	university	sweet	automated	coop	all-equity	5	10000	-5461.35	0.00	16.50	224	True	Bankruptcy: deeply negative cash
134	d14f0716	1780978688	-130048.59	urban	gourmet	specialized	direct	leveraged	5	10000	-18222.44	117100.00	52.50	2	True	Bankruptcy: deeply negative cash
135	d14f0716	1780978689	-127763.56	university	speed	specialized	spot	leveraged	5	10000	-15278.29	117100.00	46.00	2	True	Bankruptcy: deeply negative cash
136	d14f0716	1780978690	-70115.45	urban	everyday	specialized	monthly	balanced	5	10000	-6662.46	67800.00	29.50	92	True	Bankruptcy: deeply negative cash
137	d14f0716	1780978691	-137855.80	suburban	gourmet	automated	monthly	leveraged	5	10000	-26421.49	117100.00	56.50	2	True	Bankruptcy: deeply negative cash
138	d14f0716	1780978692	-178859.24	office	gourmet	automated	spot	max-debt	5	10000	-47829.05	136600.00	55.50	2	True	Bankruptcy: deeply negative cash
139	d14f0716	1780978693	-129305.61	suburban	sweet	specialized	spot	leveraged	5	10000	-16821.48	117100.00	46.00	2	True	Bankruptcy: deeply negative cash
140	d14f0716	1780978694	103320.69	mall	gourmet	automated	direct	all-equity	5	10000	101408.03	0.00	6.08	62	True	Reputation collapse (< 15)
141	d14f0716	1780978695	7188.57	suburban	speed	manual	direct	all-equity	5	10000	-3973.15	0.00	54.50	361	True	Completed 360 days
142	d14f0716	1780978696	-67362.58	university	gourmet	automated	coop	balanced	5	10000	-7336.23	66000.00	37.50	124	True	Bankruptcy: deeply negative cash
143	d14f0716	1780978697	-119092.50	suburban	everyday	manual	monthly	leveraged	5	10000	-7340.43	117100.00	52.00	15	True	Bankruptcy: deeply negative cash
144	d14f0716	1780978698	-121562.13	office	everyday	manual	spot	leveraged	5	10000	-8748.47	117100.00	41.00	18	True	Bankruptcy: deeply negative cash
145	d14f0716	1780978699	-152223.58	office	sweet	manual	spot	max-debt	5	10000	-20792.21	136600.00	51.50	2	True	Bankruptcy: deeply negative cash
146	d14f0716	1780978700	-149674.05	mall	sweet	manual	spot	max-debt	5	10000	-18249.54	136600.00	51.50	2	True	Bankruptcy: deeply negative cash
147	d14f0716	1780978701	-179711.38	urban	sweet	automated	direct	max-debt	5	10000	-48685.96	136600.00	55.50	2	True	Bankruptcy: deeply negative cash
148	d14f0716	1780978702	318.65	university	everyday	manual	coop	all-equity	5	10000	-5586.57	0.00	36.50	242	True	Bankruptcy: deeply negative cash
149	d14f0716	1780978703	-140710.32	urban	sweet	automated	spot	leveraged	5	10000	-29181.18	117100.00	55.50	2	True	Bankruptcy: deeply negative cash
150	d14f0716	1780978704	-69125.06	suburban	everyday	manual	monthly	balanced	5	10000	-6647.09	67800.00	42.22	101	True	Bankruptcy: deeply negative cash
151	d14f0716	1780978705	-135354.99	mall	everyday	automated	coop	leveraged	5	10000	-23828.54	117100.00	55.50	2	True	Bankruptcy: deeply negative cash
152	d14f0716	1780978706	2693.62	office	speed	manual	direct	all-equity	5	10000	-5254.66	0.00	43.00	295	True	Bankruptcy: deeply negative cash
153	d14f0716	1780978707	-152688.27	suburban	everyday	manual	monthly	max-debt	5	10000	-20296.64	136600.00	42.00	2	True	Bankruptcy: deeply negative cash
154	d14f0716	1780978708	-167759.23	university	gourmet	specialized	spot	max-debt	5	10000	-36074.22	136600.00	49.00	2	True	Bankruptcy: deeply negative cash
155	d14f0716	1780978709	-69587.95	suburban	gourmet	specialized	direct	balanced	5	10000	-7952.04	67800.00	48.50	92	True	Bankruptcy: deeply negative cash
156	d14f0716	1780978710	-137398.15	suburban	gourmet	automated	direct	leveraged	5	10000	-26112.38	117100.00	58.00	2	True	Bankruptcy: deeply negative cash
157	d14f0716	1780978711	-127077.90	university	gourmet	specialized	coop	leveraged	5	10000	-14943.16	117100.00	49.50	2	True	Bankruptcy: deeply negative cash
158	d14f0716	1780978712	25276.22	urban	sweet	automated	coop	all-equity	5	10000	20824.06	0.00	11.00	212	True	Reputation collapse (< 15)
159	d14f0716	1780978713	-67957.04	suburban	everyday	manual	coop	balanced	5	10000	-7391.77	66000.00	36.50	138	True	Bankruptcy: deeply negative cash
160	d14f0716	1780978714	-135604.21	mall	speed	automated	monthly	leveraged	5	10000	-24126.17	117100.00	56.00	2	True	Bankruptcy: deeply negative cash
161	d14f0716	1780978715	-153592.48	urban	gourmet	manual	monthly	max-debt	5	10000	-22264.05	136600.00	52.50	2	True	Bankruptcy: deeply negative cash
162	d14f0716	1780978716	-140087.90	urban	gourmet	automated	coop	leveraged	5	10000	-28314.28	117100.00	53.00	2	True	Bankruptcy: deeply negative cash
163	d14f0716	1780978717	27054.65	university	gourmet	specialized	coop	all-equity	5	10000	22058.88	0.00	14.50	272	True	Reputation collapse (< 15)
164	d14f0716	1780978718	-134936.91	mall	gourmet	automated	direct	leveraged	5	10000	-23662.06	117100.00	58.00	2	True	Bankruptcy: deeply negative cash
165	d14f0716	1780978719	-62936.49	office	gourmet	specialized	direct	balanced	5	10000	-5209.14	66000.00	58.50	145	True	Bankruptcy: deeply negative cash
166	d14f0716	1780978720	-129229.67	office	speed	specialized	coop	leveraged	5	10000	-16796.05	117100.00	46.50	2	True	Bankruptcy: deeply negative cash
167	d14f0716	1780978721	-121230.97	urban	speed	manual	coop	leveraged	5	10000	-8289.25	117100.00	40.00	14	True	Bankruptcy: deeply negative cash
168	d14f0716	1780978722	318.38	office	sweet	automated	spot	all-equity	5	10000	-6842.23	0.00	45.00	212	True	Bankruptcy: deeply negative cash
169	d14f0716	1780978723	-139976.09	urban	speed	automated	direct	leveraged	5	10000	-28745.48	117100.00	58.50	2	True	Bankruptcy: deeply negative cash
170	d14f0716	1780978724	-67719.42	suburban	sweet	specialized	spot	balanced	5	10000	-5626.10	67800.00	44.50	92	True	Bankruptcy: deeply negative cash
171	d14f0716	1780978725	-66751.35	university	speed	specialized	spot	balanced	5	10000	-6700.50	64200.00	17.00	152	True	Bankruptcy: deeply negative cash
172	d14f0716	1780978726	2298.94	office	everyday	specialized	direct	all-equity	5	10000	-5505.98	0.00	59.50	190	True	Bankruptcy: deeply negative cash
173	d14f0716	1780978727	-169285.63	suburban	gourmet	specialized	spot	max-debt	5	10000	-37650.92	136600.00	49.50	2	True	Bankruptcy: deeply negative cash
174	d14f0716	1780978728	-69489.65	mall	everyday	manual	coop	balanced	5	10000	-5558.80	67800.00	26.00	93	True	Bankruptcy: deeply negative cash
175	d14f0716	1780978729	-151698.51	office	speed	manual	monthly	max-debt	5	10000	-20367.28	136600.00	52.50	2	True	Bankruptcy: deeply negative cash
176	d14f0716	1780978730	-151454.33	suburban	sweet	manual	monthly	max-debt	5	10000	-20067.82	136600.00	52.00	2	True	Bankruptcy: deeply negative cash
177	d14f0716	1780978731	-148926.74	mall	everyday	manual	direct	max-debt	5	10000	-17744.16	136600.00	54.00	2	True	Bankruptcy: deeply negative cash
178	d14f0716	1780978732	-116549.12	urban	sweet	manual	direct	leveraged	5	10000	-5229.91	117100.00	55.50	14	True	Bankruptcy: deeply negative cash
179	d14f0716	1780978733	-70313.92	office	speed	specialized	spot	balanced	5	10000	-8544.35	67800.00	48.50	92	True	Bankruptcy: deeply negative cash
180	d14f0716	1780978734	-71474.19	urban	gourmet	manual	coop	balanced	5	10000	-10198.41	66000.00	29.50	122	True	Bankruptcy: deeply negative cash
181	d14f0716	1780978735	19136.48	suburban	everyday	manual	monthly	all-equity	5	10000	6328.58	0.00	66.00	361	True	Completed 360 days
182	d14f0716	1780978736	-129541.44	suburban	speed	specialized	monthly	leveraged	5	10000	-16505.80	117100.00	40.50	2	True	Bankruptcy: deeply negative cash
183	d14f0716	1780978737	-166047.33	mall	speed	specialized	direct	max-debt	5	10000	-34619.24	136600.00	51.50	2	True	Bankruptcy: deeply negative cash
184	d14f0716	1780978738	-67365.83	mall	everyday	automated	direct	balanced	5	10000	-5526.75	66000.00	15.00	129	True	Bankruptcy: deeply negative cash
185	d14f0716	1780978739	-115606.26	suburban	gourmet	manual	spot	leveraged	5	10000	-7700.58	114200.00	56.50	32	True	Bankruptcy: deeply negative cash
186	d14f0716	1780978740	-178658.53	office	everyday	automated	coop	max-debt	5	10000	-47618.46	136600.00	55.50	2	True	Bankruptcy: deeply negative cash
187	d14f0716	1780978741	3011.27	office	sweet	automated	monthly	all-equity	5	10000	-5563.77	0.00	57.00	223	True	Bankruptcy: deeply negative cash
188	d14f0716	1780978742	-150744.82	university	gourmet	manual	spot	max-debt	5	10000	-19256.53	136600.00	51.00	2	True	Bankruptcy: deeply negative cash
189	d14f0716	1780978743	-178334.73	suburban	everyday	automated	coop	max-debt	5	10000	-47295.30	136600.00	55.50	2	True	Bankruptcy: deeply negative cash
190	d14f0716	1780978744	-116197.96	office	everyday	manual	monthly	leveraged	5	10000	-5073.30	117100.00	57.50	17	True	Bankruptcy: deeply negative cash
191	d14f0716	1780978745	-171734.95	urban	speed	specialized	spot	max-debt	5	10000	-40048.64	136600.00	49.00	2	True	Bankruptcy: deeply negative cash
192	d14f0716	1780978746	-927.10	university	speed	specialized	direct	all-equity	5	10000	-5131.49	0.00	20.00	222	True	Bankruptcy: deeply negative cash
193	d14f0716	1780978747	-71521.75	suburban	gourmet	specialized	coop	balanced	5	10000	-8975.13	69600.00	59.50	87	True	Bankruptcy: deeply negative cash
194	d14f0716	1780978748	-166253.72	mall	speed	specialized	coop	max-debt	5	10000	-34621.76	136600.00	49.50	2	True	Bankruptcy: deeply negative cash
195	d14f0716	1780978749	-413.99	university	sweet	specialized	direct	all-equity	5	10000	-5280.92	0.00	29.00	211	True	Bankruptcy: deeply negative cash
196	d14f0716	1780978750	45544.62	mall	sweet	automated	monthly	all-equity	5	10000	41562.28	0.00	14.50	155	True	Reputation collapse (< 15)
197	d14f0716	1780978751	78129.13	mall	speed	specialized	coop	all-equity	5	10000	74932.28	0.00	14.50	105	True	Reputation collapse (< 15)
198	d14f0716	1780978752	-171000.94	urban	everyday	specialized	monthly	max-debt	5	10000	-39468.24	136600.00	50.50	2	True	Bankruptcy: deeply negative cash
199	d14f0716	1780978753	-125826.25	mall	sweet	specialized	monthly	leveraged	5	10000	-13706.95	117100.00	49.50	2	True	Bankruptcy: deeply negative cash
0	ed9ddcce	1780978622	118405.68	mall	gourmet	automated	spot	all-equity	5	5500	114396.35	0.00	14.00	119	True	Reputation collapse (< 15)
1	ed9ddcce	1780978623	97128.00	mall	gourmet	automated	spot	all-equity	5	5500	93485.35	0.00	14.60	119	True	Reputation collapse (< 15)
2	ed9ddcce	1780978624	119001.63	mall	gourmet	automated	spot	all-equity	5	5500	114808.27	0.00	14.00	125	True	Reputation collapse (< 15)
3	ed9ddcce	1780978625	63591.44	mall	gourmet	automated	spot	all-equity	5	5500	60168.08	0.00	14.00	141	True	Reputation collapse (< 15)
4	ed9ddcce	1780978626	113153.58	mall	gourmet	automated	spot	all-equity	5	5500	109134.95	0.00	14.82	120	True	Reputation collapse (< 15)
5	ed9ddcce	1780978627	134119.95	mall	gourmet	automated	spot	all-equity	5	5500	129446.45	0.00	14.44	134	True	Reputation collapse (< 15)
6	ed9ddcce	1780978628	87439.50	mall	gourmet	automated	spot	all-equity	5	5500	83809.15	0.00	14.50	126	True	Reputation collapse (< 15)
7	ed9ddcce	1780978629	93489.43	mall	gourmet	automated	spot	all-equity	5	5500	88939.74	0.00	14.50	175	True	Reputation collapse (< 15)
8	ed9ddcce	1780978630	104233.25	mall	gourmet	automated	spot	all-equity	5	5500	99523.69	0.00	14.80	168	True	Reputation collapse (< 15)
9	ed9ddcce	1780978631	99314.06	mall	gourmet	automated	spot	all-equity	5	5500	94315.79	0.00	14.00	192	True	Reputation collapse (< 15)
10	ed9ddcce	1780978632	101109.27	mall	gourmet	automated	spot	all-equity	5	5500	97026.81	0.00	14.50	141	True	Reputation collapse (< 15)
11	ed9ddcce	1780978633	109757.74	mall	gourmet	automated	spot	all-equity	5	5500	105912.77	0.00	14.00	118	True	Reputation collapse (< 15)
12	ed9ddcce	1780978634	108292.15	mall	gourmet	automated	spot	all-equity	5	5500	104444.63	0.00	14.24	116	True	Reputation collapse (< 15)
13	ed9ddcce	1780978635	101077.40	mall	gourmet	automated	spot	all-equity	5	5500	96023.54	0.00	14.50	185	True	Reputation collapse (< 15)
14	ed9ddcce	1780978636	97834.26	mall	gourmet	automated	spot	all-equity	5	5500	94037.38	0.00	13.22	137	True	Reputation collapse (< 15)
15	ed9ddcce	1780978637	97242.50	mall	gourmet	automated	spot	all-equity	5	5500	95080.08	0.00	4.50	92	True	Reputation collapse (< 15)
16	ed9ddcce	1780978638	107301.32	mall	gourmet	automated	spot	all-equity	5	5500	103870.30	0.00	14.68	92	True	Reputation collapse (< 15)
17	ed9ddcce	1780978639	117708.35	mall	gourmet	automated	spot	all-equity	5	5500	113680.06	0.00	14.48	118	True	Reputation collapse (< 15)
18	ed9ddcce	1780978640	101977.28	mall	gourmet	automated	spot	all-equity	5	5500	97578.98	0.00	14.52	153	True	Reputation collapse (< 15)
19	ed9ddcce	1780978641	109829.20	mall	gourmet	automated	spot	all-equity	5	5500	106014.33	0.00	14.50	112	True	Reputation collapse (< 15)
20	ed9ddcce	1780978642	83966.39	mall	gourmet	automated	spot	all-equity	5	5500	80645.50	0.00	13.26	122	True	Reputation collapse (< 15)
21	ed9ddcce	1780978643	85509.41	mall	gourmet	automated	spot	all-equity	5	5500	82521.62	0.00	14.00	99	True	Reputation collapse (< 15)
22	ed9ddcce	1780978644	114709.83	mall	gourmet	automated	spot	all-equity	5	5500	110796.20	0.00	14.70	112	True	Reputation collapse (< 15)
23	ed9ddcce	1780978645	86989.37	mall	gourmet	automated	spot	all-equity	5	5500	83366.00	0.00	14.76	125	True	Reputation collapse (< 15)
24	ed9ddcce	1780978646	109286.54	mall	gourmet	automated	spot	all-equity	5	5500	106366.11	0.00	14.50	70	True	Reputation collapse (< 15)
25	ed9ddcce	1780978647	100332.18	mall	gourmet	automated	spot	all-equity	5	5500	97192.89	0.00	13.50	92	True	Reputation collapse (< 15)
26	ed9ddcce	1780978648	108978.91	mall	gourmet	automated	spot	all-equity	5	5500	105059.60	0.00	14.70	119	True	Reputation collapse (< 15)
27	ed9ddcce	1780978649	119987.83	mall	gourmet	automated	spot	all-equity	5	5500	116428.46	0.00	14.10	92	True	Reputation collapse (< 15)
28	ed9ddcce	1780978650	122436.34	mall	gourmet	automated	spot	all-equity	5	5500	118099.93	0.00	14.00	136	True	Reputation collapse (< 15)
29	ed9ddcce	1780978651	116281.77	mall	gourmet	automated	spot	all-equity	5	5500	113003.29	0.00	14.50	76	True	Reputation collapse (< 15)
30	ed9ddcce	1780978652	104427.13	mall	gourmet	automated	spot	all-equity	5	5500	99984.16	0.00	14.54	153	True	Reputation collapse (< 15)
31	ed9ddcce	1780978653	115320.01	mall	gourmet	automated	spot	all-equity	5	5500	111619.07	0.00	14.50	105	True	Reputation collapse (< 15)
32	ed9ddcce	1780978654	78126.45	mall	gourmet	automated	spot	all-equity	5	5500	74734.48	0.00	14.18	122	True	Reputation collapse (< 15)
33	ed9ddcce	1780978655	113570.87	mall	gourmet	automated	spot	all-equity	5	5500	110549.37	0.00	14.66	70	True	Reputation collapse (< 15)
34	ed9ddcce	1780978656	87172.41	mall	gourmet	automated	spot	all-equity	5	5500	82176.84	0.00	14.50	194	True	Reputation collapse (< 15)
35	ed9ddcce	1780978657	98156.55	mall	gourmet	automated	spot	all-equity	5	5500	94529.82	0.00	14.50	113	True	Reputation collapse (< 15)
36	ed9ddcce	1780978658	60083.24	mall	gourmet	automated	spot	all-equity	5	5500	56431.58	0.00	14.00	162	True	Reputation collapse (< 15)
37	ed9ddcce	1780978659	108709.84	mall	gourmet	automated	spot	all-equity	5	5500	105117.94	0.00	14.56	105	True	Reputation collapse (< 15)
38	ed9ddcce	1780978660	110760.94	mall	gourmet	automated	spot	all-equity	5	5500	106910.80	0.00	14.00	120	True	Reputation collapse (< 15)
39	ed9ddcce	1780978661	123465.79	mall	gourmet	automated	spot	all-equity	5	5500	119669.69	0.00	14.50	99	True	Reputation collapse (< 15)
40	ed9ddcce	1780978662	106537.11	mall	gourmet	automated	spot	all-equity	5	5500	102868.53	0.00	14.00	111	True	Reputation collapse (< 15)
41	ed9ddcce	1780978663	110680.20	mall	gourmet	automated	spot	all-equity	5	5500	107568.24	0.00	5.00	122	True	Reputation collapse (< 15)
42	ed9ddcce	1780978664	89122.50	mall	gourmet	automated	spot	all-equity	5	5500	85246.03	0.00	14.60	140	True	Reputation collapse (< 15)
43	ed9ddcce	1780978665	83594.97	mall	gourmet	automated	spot	all-equity	5	5500	79938.31	0.00	14.78	131	True	Reputation collapse (< 15)
44	ed9ddcce	1780978666	93574.10	mall	gourmet	automated	spot	all-equity	5	5500	89660.69	0.00	14.52	141	True	Reputation collapse (< 15)
45	ed9ddcce	1780978667	112223.92	mall	gourmet	automated	spot	all-equity	5	5500	109153.72	0.00	13.82	69	True	Reputation collapse (< 15)
46	ed9ddcce	1780978668	96066.11	mall	gourmet	automated	spot	all-equity	5	5500	91959.54	0.00	14.22	139	True	Reputation collapse (< 15)
47	ed9ddcce	1780978669	87198.26	mall	gourmet	automated	spot	all-equity	5	5500	83062.79	0.00	14.50	154	True	Reputation collapse (< 15)
48	ed9ddcce	1780978670	74133.25	mall	gourmet	automated	spot	all-equity	5	5500	70965.22	0.00	13.16	122	True	Reputation collapse (< 15)
49	ed9ddcce	1780978671	119661.06	mall	gourmet	automated	spot	all-equity	5	5500	115702.09	0.00	14.50	119	True	Reputation collapse (< 15)
50	ed9ddcce	1780978672	97754.99	mall	gourmet	automated	spot	all-equity	5	5500	93889.56	0.00	14.26	134	True	Reputation collapse (< 15)
51	ed9ddcce	1780978673	98819.23	mall	gourmet	automated	spot	all-equity	5	5500	94180.98	0.00	14.98	171	True	Reputation collapse (< 15)
52	ed9ddcce	1780978674	122239.18	mall	gourmet	automated	spot	all-equity	5	5500	118455.00	0.00	14.72	98	True	Reputation collapse (< 15)
53	ed9ddcce	1780978675	109958.92	mall	gourmet	automated	spot	all-equity	5	5500	107790.06	0.00	13.54	35	True	Reputation collapse (< 15)
54	ed9ddcce	1780978676	90358.74	mall	gourmet	automated	spot	all-equity	5	5500	86952.19	0.00	12.22	122	True	Reputation collapse (< 15)
55	ed9ddcce	1780978677	95618.03	mall	gourmet	automated	spot	all-equity	5	5500	92121.72	0.00	14.76	106	True	Reputation collapse (< 15)
56	ed9ddcce	1780978678	101779.66	mall	gourmet	automated	spot	all-equity	5	5500	98474.22	0.00	14.50	97	True	Reputation collapse (< 15)
57	ed9ddcce	1780978679	115702.78	mall	gourmet	automated	spot	all-equity	5	5500	111447.27	0.00	14.26	133	True	Reputation collapse (< 15)
58	ed9ddcce	1780978680	136275.97	mall	gourmet	automated	spot	all-equity	5	5500	132050.52	0.00	14.72	104	True	Reputation collapse (< 15)
59	ed9ddcce	1780978681	85781.52	mall	gourmet	automated	spot	all-equity	5	5500	83006.51	0.00	14.50	85	True	Reputation collapse (< 15)
60	ed9ddcce	1780978682	99074.90	mall	gourmet	automated	spot	all-equity	5	5500	95174.12	0.00	14.04	133	True	Reputation collapse (< 15)
61	ed9ddcce	1780978683	76731.31	mall	gourmet	automated	spot	all-equity	5	5500	73003.04	0.00	14.56	139	True	Reputation collapse (< 15)
62	ed9ddcce	1780978684	78649.59	mall	gourmet	automated	spot	all-equity	5	5500	75730.85	0.00	14.06	101	True	Reputation collapse (< 15)
63	ed9ddcce	1780978685	103470.71	mall	gourmet	automated	spot	all-equity	5	5500	100604.99	0.00	10.24	92	True	Reputation collapse (< 15)
64	ed9ddcce	1780978686	86775.28	mall	gourmet	automated	spot	all-equity	5	5500	84485.46	0.00	14.06	63	True	Reputation collapse (< 15)
65	ed9ddcce	1780978687	60248.10	mall	gourmet	automated	spot	all-equity	5	5500	57309.83	0.00	14.68	119	True	Reputation collapse (< 15)
66	ed9ddcce	1780978688	104539.18	mall	gourmet	automated	spot	all-equity	5	5500	100220.87	0.00	7.00	182	True	Reputation collapse (< 15)
67	ed9ddcce	1780978689	105295.04	mall	gourmet	automated	spot	all-equity	5	5500	101405.81	0.00	14.00	124	True	Reputation collapse (< 15)
68	ed9ddcce	1780978690	109902.96	mall	gourmet	automated	spot	all-equity	5	5500	106356.88	0.00	14.32	105	True	Reputation collapse (< 15)
69	ed9ddcce	1780978691	94388.20	mall	gourmet	automated	spot	all-equity	5	5500	90882.46	0.00	12.86	122	True	Reputation collapse (< 15)
70	ed9ddcce	1780978692	83492.19	mall	gourmet	automated	spot	all-equity	5	5500	80294.49	0.00	14.64	106	True	Reputation collapse (< 15)
71	ed9ddcce	1780978693	91929.38	mall	gourmet	automated	spot	all-equity	5	5500	88088.62	0.00	14.00	146	True	Reputation collapse (< 15)
72	ed9ddcce	1780978694	106111.12	mall	gourmet	automated	spot	all-equity	5	5500	103542.93	0.00	14.00	56	True	Reputation collapse (< 15)
73	ed9ddcce	1780978695	92048.95	mall	gourmet	automated	spot	all-equity	5	5500	88843.19	0.00	14.00	105	True	Reputation collapse (< 15)
74	ed9ddcce	1780978696	122554.61	mall	gourmet	automated	spot	all-equity	5	5500	117652.60	0.00	14.50	161	True	Reputation collapse (< 15)
75	ed9ddcce	1780978697	83909.05	mall	gourmet	automated	spot	all-equity	5	5500	80614.95	0.00	14.00	118	True	Reputation collapse (< 15)
76	ed9ddcce	1780978698	115034.24	mall	gourmet	automated	spot	all-equity	5	5500	111602.46	0.00	14.68	90	True	Reputation collapse (< 15)
77	ed9ddcce	1780978699	99911.59	mall	gourmet	automated	spot	all-equity	5	5500	96849.06	0.00	12.64	92	True	Reputation collapse (< 15)
78	ed9ddcce	1780978700	62914.95	mall	gourmet	automated	spot	all-equity	5	5500	59803.79	0.00	14.02	128	True	Reputation collapse (< 15)
79	ed9ddcce	1780978701	112084.80	mall	gourmet	automated	spot	all-equity	5	5500	109393.52	0.00	14.58	56	True	Reputation collapse (< 15)
80	ed9ddcce	1780978702	103757.53	mall	gourmet	automated	spot	all-equity	5	5500	99780.47	0.00	14.50	127	True	Reputation collapse (< 15)
81	ed9ddcce	1780978703	88488.68	mall	gourmet	automated	spot	all-equity	5	5500	85484.05	0.00	14.50	92	True	Reputation collapse (< 15)
82	ed9ddcce	1780978704	138206.98	mall	gourmet	automated	spot	all-equity	5	5500	132948.40	0.00	14.38	159	True	Reputation collapse (< 15)
83	ed9ddcce	1780978705	90584.55	mall	gourmet	automated	spot	all-equity	5	5500	87871.25	0.00	5.52	122	True	Reputation collapse (< 15)
84	ed9ddcce	1780978706	82719.02	mall	gourmet	automated	spot	all-equity	5	5500	79376.49	0.00	14.50	119	True	Reputation collapse (< 15)
85	ed9ddcce	1780978707	106451.65	mall	gourmet	automated	spot	all-equity	5	5500	103914.65	0.00	13.20	61	True	Reputation collapse (< 15)
86	ed9ddcce	1780978708	107461.50	mall	gourmet	automated	spot	all-equity	5	5500	104256.19	0.00	14.50	84	True	Reputation collapse (< 15)
87	ed9ddcce	1780978709	89994.22	mall	gourmet	automated	spot	all-equity	5	5500	87168.34	0.00	14.50	84	True	Reputation collapse (< 15)
88	ed9ddcce	1780978710	66942.52	mall	gourmet	automated	spot	all-equity	5	5500	63255.65	0.00	14.98	147	True	Reputation collapse (< 15)
89	ed9ddcce	1780978711	106265.06	mall	gourmet	automated	spot	all-equity	5	5500	103016.01	0.00	14.00	91	True	Reputation collapse (< 15)
90	ed9ddcce	1780978712	68146.01	mall	gourmet	automated	spot	all-equity	5	5500	64230.97	0.00	14.00	168	True	Reputation collapse (< 15)
91	ed9ddcce	1780978713	94328.84	mall	gourmet	automated	spot	all-equity	5	5500	92041.50	0.00	14.50	50	True	Reputation collapse (< 15)
92	ed9ddcce	1780978714	98598.52	mall	gourmet	automated	spot	all-equity	5	5500	95891.99	0.00	14.68	70	True	Reputation collapse (< 15)
93	ed9ddcce	1780978715	91289.37	mall	gourmet	automated	spot	all-equity	5	5500	88276.75	0.00	7.50	122	True	Reputation collapse (< 15)
94	ed9ddcce	1780978716	106754.22	mall	gourmet	automated	spot	all-equity	5	5500	103334.58	0.00	14.52	98	True	Reputation collapse (< 15)
95	ed9ddcce	1780978717	85190.90	mall	gourmet	automated	spot	all-equity	5	5500	82022.40	0.00	14.04	107	True	Reputation collapse (< 15)
96	ed9ddcce	1780978718	92215.38	mall	gourmet	automated	spot	all-equity	5	5500	87688.13	0.00	14.50	168	True	Reputation collapse (< 15)
97	ed9ddcce	1780978719	77971.87	mall	gourmet	automated	spot	all-equity	5	5500	75200.79	0.00	14.00	92	True	Reputation collapse (< 15)
98	ed9ddcce	1780978720	96747.18	mall	gourmet	automated	spot	all-equity	5	5500	93741.75	0.00	13.00	92	True	Reputation collapse (< 15)
99	ed9ddcce	1780978721	105881.25	mall	gourmet	automated	spot	all-equity	5	5500	103359.60	0.00	12.50	62	True	Reputation collapse (< 15)
100	ed9ddcce	1780978722	97618.27	mall	gourmet	automated	spot	all-equity	5	5500	94289.05	0.00	14.16	104	True	Reputation collapse (< 15)
101	ed9ddcce	1780978723	97526.71	mall	gourmet	automated	spot	all-equity	5	5500	94509.16	0.00	14.50	84	True	Reputation collapse (< 15)
102	ed9ddcce	1780978724	86411.48	mall	gourmet	automated	spot	all-equity	5	5500	83649.87	0.00	14.00	84	True	Reputation collapse (< 15)
103	ed9ddcce	1780978725	128331.03	mall	gourmet	automated	spot	all-equity	5	5500	123398.28	0.00	14.00	155	True	Reputation collapse (< 15)
104	ed9ddcce	1780978726	112320.76	mall	gourmet	automated	spot	all-equity	5	5500	109180.43	0.00	14.50	71	True	Reputation collapse (< 15)
105	ed9ddcce	1780978727	99893.51	mall	gourmet	automated	spot	all-equity	5	5500	96282.46	0.00	14.06	114	True	Reputation collapse (< 15)
106	ed9ddcce	1780978728	80501.17	mall	gourmet	automated	spot	all-equity	5	5500	77764.64	0.00	14.00	91	True	Reputation collapse (< 15)
107	ed9ddcce	1780978729	120906.20	mall	gourmet	automated	spot	all-equity	5	5500	117250.48	0.00	13.92	96	True	Reputation collapse (< 15)
108	ed9ddcce	1780978730	119908.98	mall	gourmet	automated	spot	all-equity	5	5500	116393.36	0.00	14.58	90	True	Reputation collapse (< 15)
109	ed9ddcce	1780978731	120371.82	mall	gourmet	automated	spot	all-equity	5	5500	114925.54	0.00	14.50	182	True	Reputation collapse (< 15)
110	ed9ddcce	1780978732	86457.71	mall	gourmet	automated	spot	all-equity	5	5500	83408.16	0.00	14.78	102	True	Reputation collapse (< 15)
111	ed9ddcce	1780978733	91104.86	mall	gourmet	automated	spot	all-equity	5	5500	87900.23	0.00	14.50	103	True	Reputation collapse (< 15)
112	ed9ddcce	1780978734	102490.81	mall	gourmet	automated	spot	all-equity	5	5500	99686.47	0.00	14.74	70	True	Reputation collapse (< 15)
113	ed9ddcce	1780978735	104693.53	mall	gourmet	automated	spot	all-equity	5	5500	100920.45	0.00	14.00	119	True	Reputation collapse (< 15)
114	ed9ddcce	1780978736	81851.62	mall	gourmet	automated	spot	all-equity	5	5500	78359.29	0.00	14.50	126	True	Reputation collapse (< 15)
115	ed9ddcce	1780978737	86132.72	mall	gourmet	automated	spot	all-equity	5	5500	83727.30	0.00	8.56	92	True	Reputation collapse (< 15)
116	ed9ddcce	1780978738	88646.38	mall	gourmet	automated	spot	all-equity	5	5500	85456.83	0.00	14.50	104	True	Reputation collapse (< 15)
117	ed9ddcce	1780978739	110074.94	mall	gourmet	automated	spot	all-equity	5	5500	105422.73	0.00	14.52	161	True	Reputation collapse (< 15)
118	ed9ddcce	1780978740	97552.04	mall	gourmet	automated	spot	all-equity	5	5500	93626.76	0.00	14.74	133	True	Reputation collapse (< 15)
119	ed9ddcce	1780978741	107624.22	mall	gourmet	automated	spot	all-equity	5	5500	104273.35	0.00	13.96	96	True	Reputation collapse (< 15)
120	ed9ddcce	1780978742	75822.99	mall	gourmet	automated	spot	all-equity	5	5500	72599.51	0.00	14.50	115	True	Reputation collapse (< 15)
121	ed9ddcce	1780978743	113706.62	mall	gourmet	automated	spot	all-equity	5	5500	109080.82	0.00	14.00	152	True	Reputation collapse (< 15)
122	ed9ddcce	1780978744	83411.62	mall	gourmet	automated	spot	all-equity	5	5500	79467.60	0.00	14.50	148	True	Reputation collapse (< 15)
123	ed9ddcce	1780978745	103703.77	mall	gourmet	automated	spot	all-equity	5	5500	101038.68	0.00	13.50	63	True	Reputation collapse (< 15)
124	ed9ddcce	1780978746	95434.10	mall	gourmet	automated	spot	all-equity	5	5500	92241.17	0.00	14.00	97	True	Reputation collapse (< 15)
125	ed9ddcce	1780978747	107642.01	mall	gourmet	automated	spot	all-equity	5	5500	103217.22	0.00	14.50	150	True	Reputation collapse (< 15)
126	ed9ddcce	1780978748	72090.87	mall	gourmet	automated	spot	all-equity	5	5500	67693.01	0.00	14.98	182	True	Reputation collapse (< 15)
127	ed9ddcce	1780978749	119662.45	mall	gourmet	automated	spot	all-equity	5	5500	115296.59	0.00	14.00	140	True	Reputation collapse (< 15)
128	ed9ddcce	1780978750	112070.76	mall	gourmet	automated	spot	all-equity	5	5500	107862.51	0.00	14.50	133	True	Reputation collapse (< 15)
129	ed9ddcce	1780978751	82023.39	mall	gourmet	automated	spot	all-equity	5	5500	79390.24	0.00	6.50	122	True	Reputation collapse (< 15)
130	ed9ddcce	1780978752	111197.44	mall	gourmet	automated	spot	all-equity	5	5500	107051.89	0.00	14.88	128	True	Reputation collapse (< 15)
131	ed9ddcce	1780978753	137425.98	mall	gourmet	automated	spot	all-equity	5	5500	132674.99	0.00	14.58	132	True	Reputation collapse (< 15)
132	ed9ddcce	1780978754	116113.00	mall	gourmet	automated	spot	all-equity	5	5500	111915.84	0.00	14.82	126	True	Reputation collapse (< 15)
133	ed9ddcce	1780978755	106528.90	mall	gourmet	automated	spot	all-equity	5	5500	103292.51	0.00	14.50	91	True	Reputation collapse (< 15)
134	ed9ddcce	1780978756	123791.59	mall	gourmet	automated	spot	all-equity	5	5500	119654.20	0.00	14.00	118	True	Reputation collapse (< 15)
135	ed9ddcce	1780978757	106393.94	mall	gourmet	automated	spot	all-equity	5	5500	103414.84	0.00	14.14	70	True	Reputation collapse (< 15)
136	ed9ddcce	1780978758	91903.05	mall	gourmet	automated	spot	all-equity	5	5500	87959.15	0.00	14.50	142	True	Reputation collapse (< 15)
137	ed9ddcce	1780978759	87977.64	mall	gourmet	automated	spot	all-equity	5	5500	85581.88	0.00	14.86	63	True	Reputation collapse (< 15)
138	ed9ddcce	1780978760	133781.03	mall	gourmet	automated	spot	all-equity	5	5500	128172.37	0.00	14.00	188	True	Reputation collapse (< 15)
139	ed9ddcce	1780978761	87511.46	mall	gourmet	automated	spot	all-equity	5	5500	83995.80	0.00	14.72	119	True	Reputation collapse (< 15)
140	ed9ddcce	1780978762	99413.15	mall	gourmet	automated	spot	all-equity	5	5500	96910.65	0.00	12.96	62	True	Reputation collapse (< 15)
141	ed9ddcce	1780978763	75658.91	mall	gourmet	automated	spot	all-equity	5	5500	72602.61	0.00	14.50	113	True	Reputation collapse (< 15)
142	ed9ddcce	1780978764	96521.85	mall	gourmet	automated	spot	all-equity	5	5500	93619.45	0.00	14.52	78	True	Reputation collapse (< 15)
143	ed9ddcce	1780978765	112401.05	mall	gourmet	automated	spot	all-equity	5	5500	108278.06	0.00	14.80	124	True	Reputation collapse (< 15)
144	ed9ddcce	1780978766	88666.78	mall	gourmet	automated	spot	all-equity	5	5500	85430.33	0.00	14.72	105	True	Reputation collapse (< 15)
145	ed9ddcce	1780978767	92253.32	mall	gourmet	automated	spot	all-equity	5	5500	89104.08	0.00	14.50	98	True	Reputation collapse (< 15)
146	ed9ddcce	1780978768	104828.67	mall	gourmet	automated	spot	all-equity	5	5500	101069.12	0.00	14.88	119	True	Reputation collapse (< 15)
147	ed9ddcce	1780978769	102565.14	mall	gourmet	automated	spot	all-equity	5	5500	99222.37	0.00	14.50	97	True	Reputation collapse (< 15)
148	ed9ddcce	1780978770	132285.00	mall	gourmet	automated	spot	all-equity	5	5500	128540.73	0.00	13.00	92	True	Reputation collapse (< 15)
149	ed9ddcce	1780978771	71437.47	mall	gourmet	automated	spot	all-equity	5	5500	68487.79	0.00	13.50	110	True	Reputation collapse (< 15)
150	ed9ddcce	1780978772	92504.92	mall	gourmet	automated	spot	all-equity	5	5500	89701.87	0.00	5.68	122	True	Reputation collapse (< 15)
151	ed9ddcce	1780978773	114100.60	mall	gourmet	automated	spot	all-equity	5	5500	109929.79	0.00	14.82	126	True	Reputation collapse (< 15)
152	ed9ddcce	1780978774	119018.43	mall	gourmet	automated	spot	all-equity	5	5500	114057.63	0.00	14.50	161	True	Reputation collapse (< 15)
153	ed9ddcce	1780978775	76385.68	mall	gourmet	automated	spot	all-equity	5	5500	72493.41	0.00	14.50	154	True	Reputation collapse (< 15)
154	ed9ddcce	1780978776	104896.41	mall	gourmet	automated	spot	all-equity	5	5500	102298.19	0.00	13.08	62	True	Reputation collapse (< 15)
155	ed9ddcce	1780978777	132541.17	mall	gourmet	automated	spot	all-equity	5	5500	127959.14	0.00	14.50	131	True	Reputation collapse (< 15)
156	ed9ddcce	1780978778	95462.74	mall	gourmet	automated	spot	all-equity	5	5500	92752.06	0.00	9.90	92	True	Reputation collapse (< 15)
157	ed9ddcce	1780978779	80670.98	mall	gourmet	automated	spot	all-equity	5	5500	77435.54	0.00	14.66	110	True	Reputation collapse (< 15)
158	ed9ddcce	1780978780	89813.03	mall	gourmet	automated	spot	all-equity	5	5500	86311.73	0.00	13.50	122	True	Reputation collapse (< 15)
159	ed9ddcce	1780978781	90898.12	mall	gourmet	automated	spot	all-equity	5	5500	87493.27	0.00	14.50	105	True	Reputation collapse (< 15)
160	ed9ddcce	1780978782	111107.83	mall	gourmet	automated	spot	all-equity	5	5500	106798.25	0.00	14.50	140	True	Reputation collapse (< 15)
161	ed9ddcce	1780978783	134601.58	mall	gourmet	automated	spot	all-equity	5	5500	130142.29	0.00	14.70	119	True	Reputation collapse (< 15)
162	ed9ddcce	1780978784	124274.78	mall	gourmet	automated	spot	all-equity	5	5500	119515.66	0.00	14.42	147	True	Reputation collapse (< 15)
163	ed9ddcce	1780978785	92523.13	mall	gourmet	automated	spot	all-equity	5	5500	88913.62	0.00	14.00	126	True	Reputation collapse (< 15)
164	ed9ddcce	1780978786	98788.22	mall	gourmet	automated	spot	all-equity	5	5500	95256.61	0.00	14.50	108	True	Reputation collapse (< 15)
165	ed9ddcce	1780978787	86722.65	mall	gourmet	automated	spot	all-equity	5	5500	83228.30	0.00	13.62	125	True	Reputation collapse (< 15)
166	ed9ddcce	1780978788	100995.44	mall	gourmet	automated	spot	all-equity	5	5500	97264.39	0.00	14.50	120	True	Reputation collapse (< 15)
167	ed9ddcce	1780978789	112900.22	mall	gourmet	automated	spot	all-equity	5	5500	110327.75	0.00	5.00	92	True	Reputation collapse (< 15)
168	ed9ddcce	1780978790	103290.69	mall	gourmet	automated	spot	all-equity	5	5500	99718.93	0.00	14.50	111	True	Reputation collapse (< 15)
169	ed9ddcce	1780978791	77201.85	mall	gourmet	automated	spot	all-equity	5	5500	73175.27	0.00	14.50	161	True	Reputation collapse (< 15)
170	ed9ddcce	1780978792	111366.97	mall	gourmet	automated	spot	all-equity	5	5500	107848.61	0.00	14.50	100	True	Reputation collapse (< 15)
171	ed9ddcce	1780978793	113558.92	mall	gourmet	automated	spot	all-equity	5	5500	109124.60	0.00	12.50	152	True	Reputation collapse (< 15)
172	ed9ddcce	1780978794	120030.40	mall	gourmet	automated	spot	all-equity	5	5500	115673.42	0.00	14.00	133	True	Reputation collapse (< 15)
173	ed9ddcce	1780978795	89279.46	mall	gourmet	automated	spot	all-equity	5	5500	86373.87	0.00	14.20	90	True	Reputation collapse (< 15)
174	ed9ddcce	1780978796	85980.89	mall	gourmet	automated	spot	all-equity	5	5500	82902.18	0.00	14.58	98	True	Reputation collapse (< 15)
175	ed9ddcce	1780978797	128542.56	mall	gourmet	automated	spot	all-equity	5	5500	124915.57	0.00	13.72	91	True	Reputation collapse (< 15)
176	ed9ddcce	1780978798	101114.84	mall	gourmet	automated	spot	all-equity	5	5500	97841.64	0.00	14.40	92	True	Reputation collapse (< 15)
177	ed9ddcce	1780978799	131539.24	mall	gourmet	automated	spot	all-equity	5	5500	127612.65	0.00	14.92	97	True	Reputation collapse (< 15)
178	ed9ddcce	1780978800	115077.97	mall	gourmet	automated	spot	all-equity	5	5500	111108.19	0.00	14.50	118	True	Reputation collapse (< 15)
179	ed9ddcce	1780978801	61419.40	mall	gourmet	automated	spot	all-equity	5	5500	58147.35	0.00	14.00	140	True	Reputation collapse (< 15)
180	ed9ddcce	1780978802	93125.59	mall	gourmet	automated	spot	all-equity	5	5500	90771.35	0.00	7.08	92	True	Reputation collapse (< 15)
181	ed9ddcce	1780978803	106041.73	mall	gourmet	automated	spot	all-equity	5	5500	102301.58	0.00	14.18	113	True	Reputation collapse (< 15)
182	ed9ddcce	1780978804	113891.35	mall	gourmet	automated	spot	all-equity	5	5500	110780.37	0.00	10.26	92	True	Reputation collapse (< 15)
183	ed9ddcce	1780978805	110867.01	mall	gourmet	automated	spot	all-equity	5	5500	106796.62	0.00	14.00	126	True	Reputation collapse (< 15)
184	ed9ddcce	1780978806	96287.91	mall	gourmet	automated	spot	all-equity	5	5500	92679.40	0.00	14.98	112	True	Reputation collapse (< 15)
185	ed9ddcce	1780978807	92954.40	mall	gourmet	automated	spot	all-equity	5	5500	89647.63	0.00	14.74	105	True	Reputation collapse (< 15)
186	ed9ddcce	1780978808	69335.28	mall	gourmet	automated	spot	all-equity	5	5500	64913.20	0.00	14.50	182	True	Reputation collapse (< 15)
187	ed9ddcce	1780978809	107745.39	mall	gourmet	automated	spot	all-equity	5	5500	103341.76	0.00	14.76	148	True	Reputation collapse (< 15)
188	ed9ddcce	1780978810	91651.52	mall	gourmet	automated	spot	all-equity	5	5500	87830.63	0.00	14.50	133	True	Reputation collapse (< 15)
189	ed9ddcce	1780978811	98351.68	mall	gourmet	automated	spot	all-equity	5	5500	95801.89	0.00	14.10	64	True	Reputation collapse (< 15)
190	ed9ddcce	1780978812	102403.21	mall	gourmet	automated	spot	all-equity	5	5500	99048.82	0.00	13.78	102	True	Reputation collapse (< 15)
191	ed9ddcce	1780978813	78396.71	mall	gourmet	automated	spot	all-equity	5	5500	75466.90	0.00	9.50	122	True	Reputation collapse (< 15)
192	ed9ddcce	1780978814	65874.09	mall	gourmet	automated	spot	all-equity	5	5500	62195.75	0.00	14.98	148	True	Reputation collapse (< 15)
193	ed9ddcce	1780978815	88257.33	mall	gourmet	automated	spot	all-equity	5	5500	84875.82	0.00	14.50	113	True	Reputation collapse (< 15)
194	ed9ddcce	1780978816	90585.97	mall	gourmet	automated	spot	all-equity	5	5500	87050.16	0.00	14.50	119	True	Reputation collapse (< 15)
195	ed9ddcce	1780978817	98470.22	mall	gourmet	automated	spot	all-equity	5	5500	94581.30	0.00	14.50	133	True	Reputation collapse (< 15)
196	ed9ddcce	1780978818	116976.60	mall	gourmet	automated	spot	all-equity	5	5500	114202.57	0.00	12.56	62	True	Reputation collapse (< 15)
197	ed9ddcce	1780978819	87868.78	mall	gourmet	automated	spot	all-equity	5	5500	84496.92	0.00	14.52	112	True	Reputation collapse (< 15)
198	ed9ddcce	1780978820	100757.07	mall	gourmet	automated	spot	all-equity	5	5500	98475.64	0.00	13.00	50	True	Reputation collapse (< 15)
199	ed9ddcce	1780978821	69402.54	mall	gourmet	automated	spot	all-equity	5	5500	66376.81	0.00	14.00	118	True	Reputation collapse (< 15)
0	a0702bd0	1780978627	76652.35	mall	gourmet	automated	spot	all-equity	5	5500	73105.67	0.00	14.44	134	True	Reputation collapse (< 15)
1	a0702bd0	1780978628	129745.93	mall	gourmet	automated	spot	all-equity	5	5500	125286.04	0.00	14.50	126	True	Reputation collapse (< 15)
2	a0702bd0	1780978629	124780.95	mall	gourmet	automated	spot	all-equity	5	5500	119617.71	0.00	14.50	175	True	Reputation collapse (< 15)
3	a0702bd0	1780978630	116451.52	mall	gourmet	automated	spot	all-equity	5	5500	111502.39	0.00	14.80	168	True	Reputation collapse (< 15)
4	a0702bd0	1780978631	107787.28	mall	gourmet	automated	spot	all-equity	5	5500	102622.87	0.00	14.00	192	True	Reputation collapse (< 15)
5	a0702bd0	1780978632	81220.47	mall	gourmet	automated	spot	all-equity	5	5500	77527.99	0.00	14.50	141	True	Reputation collapse (< 15)
6	a0702bd0	1780978633	141240.39	mall	gourmet	automated	spot	all-equity	5	5500	136778.11	0.00	14.00	118	True	Reputation collapse (< 15)
7	a0702bd0	1780978634	92792.60	mall	gourmet	automated	spot	all-equity	5	5500	89249.00	0.00	14.24	116	True	Reputation collapse (< 15)
8	a0702bd0	1780978635	136335.18	mall	gourmet	automated	spot	all-equity	5	5500	130589.99	0.00	14.50	185	True	Reputation collapse (< 15)
9	a0702bd0	1780978636	112760.58	mall	gourmet	automated	spot	all-equity	5	5500	108671.03	0.00	13.22	137	True	Reputation collapse (< 15)
10	a0702bd0	1780978637	97160.88	mall	gourmet	automated	spot	all-equity	5	5500	95000.06	0.00	4.50	92	True	Reputation collapse (< 15)
11	a0702bd0	1780978638	122470.53	mall	gourmet	automated	spot	all-equity	5	5500	118742.07	0.00	14.68	92	True	Reputation collapse (< 15)
12	a0702bd0	1780978639	96766.47	mall	gourmet	automated	spot	all-equity	5	5500	93148.80	0.00	14.48	118	True	Reputation collapse (< 15)
13	a0702bd0	1780978640	65545.01	mall	gourmet	automated	spot	all-equity	5	5500	61861.07	0.00	14.52	153	True	Reputation collapse (< 15)
14	a0702bd0	1780978641	127718.36	mall	gourmet	automated	spot	all-equity	5	5500	123552.73	0.00	14.50	112	True	Reputation collapse (< 15)
15	a0702bd0	1780978642	125436.83	mall	gourmet	automated	spot	all-equity	5	5500	121302.80	0.00	13.26	122	True	Reputation collapse (< 15)
16	a0702bd0	1780978643	110118.19	mall	gourmet	automated	spot	all-equity	5	5500	106647.88	0.00	14.00	99	True	Reputation collapse (< 15)
17	a0702bd0	1780978644	67340.77	mall	gourmet	automated	spot	all-equity	5	5500	64355.94	0.00	14.70	112	True	Reputation collapse (< 15)
18	a0702bd0	1780978645	102014.18	mall	gourmet	automated	spot	all-equity	5	5500	98096.20	0.00	14.76	125	True	Reputation collapse (< 15)
19	a0702bd0	1780978646	101142.44	mall	gourmet	automated	spot	all-equity	5	5500	98381.70	0.00	14.50	70	True	Reputation collapse (< 15)
20	a0702bd0	1780978647	80133.03	mall	gourmet	automated	spot	all-equity	5	5500	77389.80	0.00	13.50	92	True	Reputation collapse (< 15)
21	a0702bd0	1780978648	104752.62	mall	gourmet	automated	spot	all-equity	5	5500	100916.19	0.00	14.70	119	True	Reputation collapse (< 15)
22	a0702bd0	1780978649	86891.94	mall	gourmet	automated	spot	all-equity	5	5500	83981.50	0.00	14.10	92	True	Reputation collapse (< 15)
23	a0702bd0	1780978650	113573.51	mall	gourmet	automated	spot	all-equity	5	5500	109410.89	0.00	14.00	136	True	Reputation collapse (< 15)
24	a0702bd0	1780978651	95383.30	mall	gourmet	automated	spot	all-equity	5	5500	92514.59	0.00	14.50	76	True	Reputation collapse (< 15)
25	a0702bd0	1780978652	55623.78	mall	gourmet	automated	spot	all-equity	5	5500	52137.75	0.00	14.54	153	True	Reputation collapse (< 15)
26	a0702bd0	1780978653	74916.92	mall	gourmet	automated	spot	all-equity	5	5500	72008.19	0.00	14.50	105	True	Reputation collapse (< 15)
27	a0702bd0	1780978654	104391.24	mall	gourmet	automated	spot	all-equity	5	5500	100484.27	0.00	14.18	122	True	Reputation collapse (< 15)
28	a0702bd0	1780978655	111115.35	mall	gourmet	automated	spot	all-equity	5	5500	108141.99	0.00	14.66	70	True	Reputation collapse (< 15)
29	a0702bd0	1780978656	120595.62	mall	gourmet	automated	spot	all-equity	5	5500	114944.70	0.00	14.50	194	True	Reputation collapse (< 15)
30	a0702bd0	1780978657	94180.69	mall	gourmet	automated	spot	all-equity	5	5500	90631.92	0.00	14.50	113	True	Reputation collapse (< 15)
31	a0702bd0	1780978658	85087.39	mall	gourmet	automated	spot	all-equity	5	5500	80945.45	0.00	14.00	162	True	Reputation collapse (< 15)
32	a0702bd0	1780978659	121085.19	mall	gourmet	automated	spot	all-equity	5	5500	117250.64	0.00	14.56	105	True	Reputation collapse (< 15)
33	a0702bd0	1780978660	104907.33	mall	gourmet	automated	spot	all-equity	5	5500	101171.96	0.00	14.00	120	True	Reputation collapse (< 15)
34	a0702bd0	1780978661	107389.15	mall	gourmet	automated	spot	all-equity	5	5500	103908.29	0.00	14.50	99	True	Reputation collapse (< 15)
35	a0702bd0	1780978662	108410.77	mall	gourmet	automated	spot	all-equity	5	5500	104705.45	0.00	14.00	111	True	Reputation collapse (< 15)
36	a0702bd0	1780978663	83058.46	mall	gourmet	automated	spot	all-equity	5	5500	80488.09	0.00	5.00	122	True	Reputation collapse (< 15)
37	a0702bd0	1780978664	96384.67	mall	gourmet	automated	spot	all-equity	5	5500	92365.80	0.00	14.60	140	True	Reputation collapse (< 15)
38	a0702bd0	1780978665	80227.77	mall	gourmet	automated	spot	all-equity	5	5500	76637.13	0.00	14.78	131	True	Reputation collapse (< 15)
39	a0702bd0	1780978666	85182.70	mall	gourmet	automated	spot	all-equity	5	5500	81433.82	0.00	14.52	141	True	Reputation collapse (< 15)
40	a0702bd0	1780978667	97757.05	mall	gourmet	automated	spot	all-equity	5	5500	94970.51	0.00	13.82	69	True	Reputation collapse (< 15)
41	a0702bd0	1780978668	115080.73	mall	gourmet	automated	spot	all-equity	5	5500	110601.32	0.00	14.22	139	True	Reputation collapse (< 15)
42	a0702bd0	1780978669	102803.16	mall	gourmet	automated	spot	all-equity	5	5500	98361.71	0.00	14.50	154	True	Reputation collapse (< 15)
43	a0702bd0	1780978670	95990.92	mall	gourmet	automated	spot	all-equity	5	5500	92394.32	0.00	13.16	122	True	Reputation collapse (< 15)
44	a0702bd0	1780978671	91302.94	mall	gourmet	automated	spot	all-equity	5	5500	87900.01	0.00	14.50	119	True	Reputation collapse (< 15)
45	a0702bd0	1780978672	75358.34	mall	gourmet	automated	spot	all-equity	5	5500	71932.06	0.00	14.26	134	True	Reputation collapse (< 15)
46	a0702bd0	1780978673	103189.09	mall	gourmet	automated	spot	all-equity	5	5500	98465.15	0.00	14.98	171	True	Reputation collapse (< 15)
47	a0702bd0	1780978674	113647.99	mall	gourmet	automated	spot	all-equity	5	5500	110032.27	0.00	14.72	98	True	Reputation collapse (< 15)
48	a0702bd0	1780978675	108142.99	mall	gourmet	automated	spot	all-equity	5	5500	106009.75	0.00	13.54	35	True	Reputation collapse (< 15)
49	a0702bd0	1780978676	89558.87	mall	gourmet	automated	spot	all-equity	5	5500	86168.00	0.00	12.22	122	True	Reputation collapse (< 15)
50	a0702bd0	1780978677	93189.33	mall	gourmet	automated	spot	all-equity	5	5500	89740.65	0.00	14.76	106	True	Reputation collapse (< 15)
51	a0702bd0	1780978678	102879.60	mall	gourmet	automated	spot	all-equity	5	5500	99552.59	0.00	14.50	97	True	Reputation collapse (< 15)
52	a0702bd0	1780978679	116011.00	mall	gourmet	automated	spot	all-equity	5	5500	111749.45	0.00	14.26	133	True	Reputation collapse (< 15)
53	a0702bd0	1780978680	75884.06	mall	gourmet	automated	spot	all-equity	5	5500	72842.77	0.00	14.72	104	True	Reputation collapse (< 15)
54	a0702bd0	1780978681	100467.89	mall	gourmet	automated	spot	all-equity	5	5500	97404.92	0.00	14.50	85	True	Reputation collapse (< 15)
55	a0702bd0	1780978682	88612.03	mall	gourmet	automated	spot	all-equity	5	5500	84916.41	0.00	14.04	133	True	Reputation collapse (< 15)
56	a0702bd0	1780978683	138082.22	mall	gourmet	automated	spot	all-equity	5	5500	133150.99	0.00	14.56	139	True	Reputation collapse (< 15)
57	a0702bd0	1780978684	94193.00	mall	gourmet	automated	spot	all-equity	5	5500	90969.49	0.00	14.06	101	True	Reputation collapse (< 15)
58	a0702bd0	1780978685	97165.58	mall	gourmet	automated	spot	all-equity	5	5500	94423.49	0.00	10.24	92	True	Reputation collapse (< 15)
59	a0702bd0	1780978686	102498.08	mall	gourmet	automated	spot	all-equity	5	5500	99899.97	0.00	14.06	63	True	Reputation collapse (< 15)
60	a0702bd0	1780978687	115882.82	mall	gourmet	automated	spot	all-equity	5	5500	111853.67	0.00	14.68	119	True	Reputation collapse (< 15)
61	a0702bd0	1780978688	85856.02	mall	gourmet	automated	spot	all-equity	5	5500	81904.04	0.00	7.00	182	True	Reputation collapse (< 15)
62	a0702bd0	1780978689	87184.45	mall	gourmet	automated	spot	all-equity	5	5500	83650.33	0.00	14.00	124	True	Reputation collapse (< 15)
63	a0702bd0	1780978690	97033.42	mall	gourmet	automated	spot	all-equity	5	5500	93739.68	0.00	14.32	105	True	Reputation collapse (< 15)
64	a0702bd0	1780978691	100497.44	mall	gourmet	automated	spot	all-equity	5	5500	96871.92	0.00	12.86	122	True	Reputation collapse (< 15)
65	a0702bd0	1780978692	116072.60	mall	gourmet	automated	spot	all-equity	5	5500	112236.08	0.00	14.64	106	True	Reputation collapse (< 15)
66	a0702bd0	1780978693	123304.02	mall	gourmet	automated	spot	all-equity	5	5500	118848.08	0.00	14.00	146	True	Reputation collapse (< 15)
67	a0702bd0	1780978694	102764.48	mall	gourmet	automated	spot	all-equity	5	5500	100261.91	0.00	14.00	56	True	Reputation collapse (< 15)
68	a0702bd0	1780978695	100567.95	mall	gourmet	automated	spot	all-equity	5	5500	97195.15	0.00	14.00	105	True	Reputation collapse (< 15)
69	a0702bd0	1780978696	112121.93	mall	gourmet	automated	spot	all-equity	5	5500	107424.49	0.00	14.50	161	True	Reputation collapse (< 15)
70	a0702bd0	1780978697	83526.90	mall	gourmet	automated	spot	all-equity	5	5500	80240.29	0.00	14.00	118	True	Reputation collapse (< 15)
71	a0702bd0	1780978698	101405.25	mall	gourmet	automated	spot	all-equity	5	5500	98240.71	0.00	14.68	90	True	Reputation collapse (< 15)
72	a0702bd0	1780978699	96311.18	mall	gourmet	automated	spot	all-equity	5	5500	93319.25	0.00	12.64	92	True	Reputation collapse (< 15)
73	a0702bd0	1780978700	85608.05	mall	gourmet	automated	spot	all-equity	5	5500	82051.93	0.00	14.02	128	True	Reputation collapse (< 15)
74	a0702bd0	1780978701	106865.92	mall	gourmet	automated	spot	all-equity	5	5500	104276.97	0.00	14.58	56	True	Reputation collapse (< 15)
75	a0702bd0	1780978702	114660.52	mall	gourmet	automated	spot	all-equity	5	5500	110469.67	0.00	14.50	127	True	Reputation collapse (< 15)
76	a0702bd0	1780978703	103112.78	mall	gourmet	automated	spot	all-equity	5	5500	99821.40	0.00	14.50	92	True	Reputation collapse (< 15)
77	a0702bd0	1780978704	125670.74	mall	gourmet	automated	spot	all-equity	5	5500	120657.97	0.00	14.38	159	True	Reputation collapse (< 15)
78	a0702bd0	1780978705	85621.95	mall	gourmet	automated	spot	all-equity	5	5500	83005.96	0.00	5.52	122	True	Reputation collapse (< 15)
79	a0702bd0	1780978706	98887.47	mall	gourmet	automated	spot	all-equity	5	5500	95227.91	0.00	14.50	119	True	Reputation collapse (< 15)
80	a0702bd0	1780978707	99548.31	mall	gourmet	automated	spot	all-equity	5	5500	97146.67	0.00	13.20	61	True	Reputation collapse (< 15)
81	a0702bd0	1780978708	92636.76	mall	gourmet	automated	spot	all-equity	5	5500	89722.13	0.00	14.50	84	True	Reputation collapse (< 15)
82	a0702bd0	1780978709	80327.76	mall	gourmet	automated	spot	all-equity	5	5500	77691.41	0.00	14.50	84	True	Reputation collapse (< 15)
83	a0702bd0	1780978710	129519.34	mall	gourmet	automated	spot	all-equity	5	5500	124605.47	0.00	14.98	147	True	Reputation collapse (< 15)
84	a0702bd0	1780978711	90184.82	mall	gourmet	automated	spot	all-equity	5	5500	87251.07	0.00	14.00	91	True	Reputation collapse (< 15)
85	a0702bd0	1780978712	108993.80	mall	gourmet	automated	spot	all-equity	5	5500	104277.83	0.00	14.00	168	True	Reputation collapse (< 15)
86	a0702bd0	1780978713	93727.28	mall	gourmet	automated	spot	all-equity	5	5500	91451.73	0.00	14.50	50	True	Reputation collapse (< 15)
87	a0702bd0	1780978714	95558.89	mall	gourmet	automated	spot	all-equity	5	5500	92911.95	0.00	14.68	70	True	Reputation collapse (< 15)
88	a0702bd0	1780978715	110975.09	mall	gourmet	automated	spot	all-equity	5	5500	107576.47	0.00	7.50	122	True	Reputation collapse (< 15)
89	a0702bd0	1780978716	104578.29	mall	gourmet	automated	spot	all-equity	5	5500	101201.32	0.00	14.52	98	True	Reputation collapse (< 15)
90	a0702bd0	1780978717	69268.48	mall	gourmet	automated	spot	all-equity	5	5500	66412.19	0.00	14.04	107	True	Reputation collapse (< 15)
91	a0702bd0	1780978718	121350.90	mall	gourmet	automated	spot	all-equity	5	5500	116252.37	0.00	14.50	168	True	Reputation collapse (< 15)
92	a0702bd0	1780978719	100439.22	mall	gourmet	automated	spot	all-equity	5	5500	97227.60	0.00	14.00	92	True	Reputation collapse (< 15)
93	a0702bd0	1780978720	88103.32	mall	gourmet	automated	spot	all-equity	5	5500	85267.38	0.00	13.00	92	True	Reputation collapse (< 15)
94	a0702bd0	1780978721	103289.91	mall	gourmet	automated	spot	all-equity	5	5500	100819.06	0.00	12.50	62	True	Reputation collapse (< 15)
95	a0702bd0	1780978722	135288.81	mall	gourmet	automated	spot	all-equity	5	5500	131220.95	0.00	14.16	104	True	Reputation collapse (< 15)
96	a0702bd0	1780978723	76117.11	mall	gourmet	automated	spot	all-equity	5	5500	73519.36	0.00	14.50	84	True	Reputation collapse (< 15)
97	a0702bd0	1780978724	93006.70	mall	gourmet	automated	spot	all-equity	5	5500	90115.77	0.00	14.00	84	True	Reputation collapse (< 15)
98	a0702bd0	1780978725	96873.38	mall	gourmet	automated	spot	all-equity	5	5500	92557.44	0.00	14.00	155	True	Reputation collapse (< 15)
99	a0702bd0	1780978726	105901.97	mall	gourmet	automated	spot	all-equity	5	5500	102887.50	0.00	14.50	71	True	Reputation collapse (< 15)
100	a0702bd0	1780978727	91128.54	mall	gourmet	automated	spot	all-equity	5	5500	87689.34	0.00	14.06	114	True	Reputation collapse (< 15)
101	a0702bd0	1780978728	92365.34	mall	gourmet	automated	spot	all-equity	5	5500	89396.19	0.00	14.00	91	True	Reputation collapse (< 15)
102	a0702bd0	1780978729	121567.83	mall	gourmet	automated	spot	all-equity	5	5500	117899.13	0.00	13.92	96	True	Reputation collapse (< 15)
103	a0702bd0	1780978730	86260.97	mall	gourmet	automated	spot	all-equity	5	5500	83405.11	0.00	14.58	90	True	Reputation collapse (< 15)
104	a0702bd0	1780978731	133116.45	mall	gourmet	automated	spot	all-equity	5	5500	127420.28	0.00	14.50	182	True	Reputation collapse (< 15)
105	a0702bd0	1780978732	111657.20	mall	gourmet	automated	spot	all-equity	5	5500	108113.54	0.00	14.78	102	True	Reputation collapse (< 15)
106	a0702bd0	1780978733	120513.31	mall	gourmet	automated	spot	all-equity	5	5500	116732.05	0.00	14.50	103	True	Reputation collapse (< 15)
107	a0702bd0	1780978734	99023.68	mall	gourmet	automated	spot	all-equity	5	5500	96287.33	0.00	14.74	70	True	Reputation collapse (< 15)
108	a0702bd0	1780978735	83503.55	mall	gourmet	automated	spot	all-equity	5	5500	80145.95	0.00	14.00	119	True	Reputation collapse (< 15)
109	a0702bd0	1780978736	96753.82	mall	gourmet	automated	spot	all-equity	5	5500	92969.29	0.00	14.50	126	True	Reputation collapse (< 15)
110	a0702bd0	1780978737	99633.88	mall	gourmet	automated	spot	all-equity	5	5500	96963.74	0.00	8.56	92	True	Reputation collapse (< 15)
111	a0702bd0	1780978738	104025.06	mall	gourmet	automated	spot	all-equity	5	5500	100533.97	0.00	14.50	104	True	Reputation collapse (< 15)
112	a0702bd0	1780978739	122146.46	mall	gourmet	automated	spot	all-equity	5	5500	117257.55	0.00	14.52	161	True	Reputation collapse (< 15)
113	a0702bd0	1780978740	116420.75	mall	gourmet	automated	spot	all-equity	5	5500	112125.49	0.00	14.74	133	True	Reputation collapse (< 15)
114	a0702bd0	1780978741	96783.28	mall	gourmet	automated	spot	all-equity	5	5500	93644.98	0.00	13.96	96	True	Reputation collapse (< 15)
115	a0702bd0	1780978742	104737.73	mall	gourmet	automated	spot	all-equity	5	5500	100947.29	0.00	14.50	115	True	Reputation collapse (< 15)
116	a0702bd0	1780978743	69995.40	mall	gourmet	automated	spot	all-equity	5	5500	66226.69	0.00	14.00	152	True	Reputation collapse (< 15)
117	a0702bd0	1780978744	117684.01	mall	gourmet	automated	spot	all-equity	5	5500	113067.98	0.00	14.50	148	True	Reputation collapse (< 15)
118	a0702bd0	1780978745	102782.65	mall	gourmet	automated	spot	all-equity	5	5500	100135.61	0.00	13.50	63	True	Reputation collapse (< 15)
119	a0702bd0	1780978746	108779.74	mall	gourmet	automated	spot	all-equity	5	5500	105325.13	0.00	14.00	97	True	Reputation collapse (< 15)
120	a0702bd0	1780978747	114940.09	mall	gourmet	automated	spot	all-equity	5	5500	110372.20	0.00	14.50	150	True	Reputation collapse (< 15)
121	a0702bd0	1780978748	127609.27	mall	gourmet	automated	spot	all-equity	5	5500	122122.81	0.00	14.98	182	True	Reputation collapse (< 15)
122	a0702bd0	1780978749	69790.27	mall	gourmet	automated	spot	all-equity	5	5500	66402.29	0.00	14.00	140	True	Reputation collapse (< 15)
123	a0702bd0	1780978750	81777.34	mall	gourmet	automated	spot	all-equity	5	5500	78163.08	0.00	14.50	133	True	Reputation collapse (< 15)
124	a0702bd0	1780978751	76165.78	mall	gourmet	automated	spot	all-equity	5	5500	73647.48	0.00	6.50	122	True	Reputation collapse (< 15)
125	a0702bd0	1780978752	113103.79	mall	gourmet	automated	spot	all-equity	5	5500	108920.86	0.00	14.88	128	True	Reputation collapse (< 15)
126	a0702bd0	1780978753	70439.21	mall	gourmet	automated	spot	all-equity	5	5500	67001.68	0.00	14.58	132	True	Reputation collapse (< 15)
127	a0702bd0	1780978754	100874.02	mall	gourmet	automated	spot	all-equity	5	5500	96975.67	0.00	14.82	126	True	Reputation collapse (< 15)
128	a0702bd0	1780978755	87121.51	mall	gourmet	automated	spot	all-equity	5	5500	84265.65	0.00	14.50	91	True	Reputation collapse (< 15)
129	a0702bd0	1780978756	78914.94	mall	gourmet	automated	spot	all-equity	5	5500	75657.49	0.00	14.00	118	True	Reputation collapse (< 15)
130	a0702bd0	1780978757	106369.75	mall	gourmet	automated	spot	all-equity	5	5500	103391.12	0.00	14.14	70	True	Reputation collapse (< 15)
131	a0702bd0	1780978758	72557.66	mall	gourmet	automated	spot	all-equity	5	5500	68993.09	0.00	14.50	142	True	Reputation collapse (< 15)
132	a0702bd0	1780978759	99953.62	mall	gourmet	automated	spot	all-equity	5	5500	97323.03	0.00	14.86	63	True	Reputation collapse (< 15)
133	a0702bd0	1780978760	107013.62	mall	gourmet	automated	spot	all-equity	5	5500	101929.82	0.00	14.00	188	True	Reputation collapse (< 15)
134	a0702bd0	1780978761	95896.90	mall	gourmet	automated	spot	all-equity	5	5500	92216.82	0.00	14.72	119	True	Reputation collapse (< 15)
135	a0702bd0	1780978762	105720.91	mall	gourmet	automated	spot	all-equity	5	5500	103094.73	0.00	12.96	62	True	Reputation collapse (< 15)
136	a0702bd0	1780978763	96033.95	mall	gourmet	automated	spot	all-equity	5	5500	92578.14	0.00	14.50	113	True	Reputation collapse (< 15)
137	a0702bd0	1780978764	107720.68	mall	gourmet	automated	spot	all-equity	5	5500	104598.69	0.00	14.52	78	True	Reputation collapse (< 15)
138	a0702bd0	1780978765	107962.08	mall	gourmet	automated	spot	all-equity	5	5500	103926.13	0.00	14.80	124	True	Reputation collapse (< 15)
139	a0702bd0	1780978766	89460.06	mall	gourmet	automated	spot	all-equity	5	5500	86208.06	0.00	14.72	105	True	Reputation collapse (< 15)
140	a0702bd0	1780978767	97730.97	mall	gourmet	automated	spot	all-equity	5	5500	94474.33	0.00	14.50	98	True	Reputation collapse (< 15)
141	a0702bd0	1780978768	82422.52	mall	gourmet	automated	spot	all-equity	5	5500	79102.31	0.00	14.88	119	True	Reputation collapse (< 15)
142	a0702bd0	1780978769	111953.85	mall	gourmet	automated	spot	all-equity	5	5500	108426.98	0.00	14.50	97	True	Reputation collapse (< 15)
143	a0702bd0	1780978770	111322.37	mall	gourmet	automated	spot	all-equity	5	5500	107989.13	0.00	13.00	92	True	Reputation collapse (< 15)
144	a0702bd0	1780978771	83687.92	mall	gourmet	automated	spot	all-equity	5	5500	80498.04	0.00	13.50	110	True	Reputation collapse (< 15)
145	a0702bd0	1780978772	103575.00	mall	gourmet	automated	spot	all-equity	5	5500	100554.89	0.00	5.68	122	True	Reputation collapse (< 15)
146	a0702bd0	1780978773	93179.26	mall	gourmet	automated	spot	all-equity	5	5500	89418.67	0.00	14.82	126	True	Reputation collapse (< 15)
147	a0702bd0	1780978774	96272.85	mall	gourmet	automated	spot	all-equity	5	5500	91758.04	0.00	14.50	161	True	Reputation collapse (< 15)
148	a0702bd0	1780978775	81341.81	mall	gourmet	automated	spot	all-equity	5	5500	77352.36	0.00	14.50	154	True	Reputation collapse (< 15)
149	a0702bd0	1780978776	99126.03	mall	gourmet	automated	spot	all-equity	5	5500	96640.95	0.00	13.08	62	True	Reputation collapse (< 15)
150	a0702bd0	1780978777	124814.33	mall	gourmet	automated	spot	all-equity	5	5500	120383.81	0.00	14.50	131	True	Reputation collapse (< 15)
151	a0702bd0	1780978778	86723.12	mall	gourmet	automated	spot	all-equity	5	5500	84183.80	0.00	9.90	92	True	Reputation collapse (< 15)
152	a0702bd0	1780978779	96787.87	mall	gourmet	automated	spot	all-equity	5	5500	93236.41	0.00	14.66	110	True	Reputation collapse (< 15)
153	a0702bd0	1780978780	124191.61	mall	gourmet	automated	spot	all-equity	5	5500	120016.22	0.00	13.50	122	True	Reputation collapse (< 15)
154	a0702bd0	1780978781	105210.47	mall	gourmet	automated	spot	all-equity	5	5500	101524.99	0.00	14.50	105	True	Reputation collapse (< 15)
155	a0702bd0	1780978782	121898.13	mall	gourmet	automated	spot	all-equity	5	5500	117376.98	0.00	14.50	140	True	Reputation collapse (< 15)
156	a0702bd0	1780978783	95731.70	mall	gourmet	automated	spot	all-equity	5	5500	92034.56	0.00	14.70	119	True	Reputation collapse (< 15)
157	a0702bd0	1780978784	123070.54	mall	gourmet	automated	spot	all-equity	5	5500	118335.03	0.00	14.42	147	True	Reputation collapse (< 15)
158	a0702bd0	1780978785	109725.71	mall	gourmet	automated	spot	all-equity	5	5500	105778.88	0.00	14.00	126	True	Reputation collapse (< 15)
159	a0702bd0	1780978786	74415.36	mall	gourmet	automated	spot	all-equity	5	5500	71361.65	0.00	14.50	108	True	Reputation collapse (< 15)
160	a0702bd0	1780978787	116259.43	mall	gourmet	automated	spot	all-equity	5	5500	112185.93	0.00	13.62	125	True	Reputation collapse (< 15)
161	a0702bd0	1780978788	108596.11	mall	gourmet	automated	spot	all-equity	5	5500	104716.03	0.00	14.50	120	True	Reputation collapse (< 15)
162	a0702bd0	1780978789	95102.75	mall	gourmet	automated	spot	all-equity	5	5500	92879.26	0.00	5.00	92	True	Reputation collapse (< 15)
163	a0702bd0	1780978790	76670.03	mall	gourmet	automated	spot	all-equity	5	5500	73620.24	0.00	14.50	111	True	Reputation collapse (< 15)
164	a0702bd0	1780978791	69082.85	mall	gourmet	automated	spot	all-equity	5	5500	65215.47	0.00	14.50	161	True	Reputation collapse (< 15)
165	a0702bd0	1780978792	105228.50	mall	gourmet	automated	spot	all-equity	5	5500	101830.50	0.00	14.50	100	True	Reputation collapse (< 15)
166	a0702bd0	1780978793	78842.90	mall	gourmet	automated	spot	all-equity	5	5500	75089.29	0.00	12.50	152	True	Reputation collapse (< 15)
167	a0702bd0	1780978794	116945.52	mall	gourmet	automated	spot	all-equity	5	5500	112649.03	0.00	14.00	133	True	Reputation collapse (< 15)
168	a0702bd0	1780978795	114160.23	mall	gourmet	automated	spot	all-equity	5	5500	110766.79	0.00	14.20	90	True	Reputation collapse (< 15)
169	a0702bd0	1780978796	100012.63	mall	gourmet	automated	spot	all-equity	5	5500	96658.79	0.00	14.58	98	True	Reputation collapse (< 15)
170	a0702bd0	1780978797	103739.16	mall	gourmet	automated	spot	all-equity	5	5500	100598.51	0.00	13.72	91	True	Reputation collapse (< 15)
171	a0702bd0	1780978798	97098.43	mall	gourmet	automated	spot	all-equity	5	5500	93903.98	0.00	14.40	92	True	Reputation collapse (< 15)
172	a0702bd0	1780978799	89592.20	mall	gourmet	automated	spot	all-equity	5	5500	86488.10	0.00	14.92	97	True	Reputation collapse (< 15)
173	a0702bd0	1780978800	113626.06	mall	gourmet	automated	spot	all-equity	5	5500	109684.74	0.00	14.50	118	True	Reputation collapse (< 15)
174	a0702bd0	1780978801	74621.74	mall	gourmet	automated	spot	all-equity	5	5500	71090.83	0.00	14.00	140	True	Reputation collapse (< 15)
175	a0702bd0	1780978802	92373.14	mall	gourmet	automated	spot	all-equity	5	5500	90033.65	0.00	7.08	92	True	Reputation collapse (< 15)
176	a0702bd0	1780978803	73659.06	mall	gourmet	automated	spot	all-equity	5	5500	70553.86	0.00	14.18	113	True	Reputation collapse (< 15)
177	a0702bd0	1780978804	83569.30	mall	gourmet	automated	spot	all-equity	5	5500	81052.86	0.00	10.26	92	True	Reputation collapse (< 15)
178	a0702bd0	1780978805	74044.32	mall	gourmet	automated	spot	all-equity	5	5500	70695.95	0.00	14.00	126	True	Reputation collapse (< 15)
179	a0702bd0	1780978806	90431.41	mall	gourmet	automated	spot	all-equity	5	5500	86937.74	0.00	14.98	112	True	Reputation collapse (< 15)
180	a0702bd0	1780978807	95022.16	mall	gourmet	automated	spot	all-equity	5	5500	91674.85	0.00	14.74	105	True	Reputation collapse (< 15)
181	a0702bd0	1780978808	88034.51	mall	gourmet	automated	spot	all-equity	5	5500	83245.77	0.00	14.50	182	True	Reputation collapse (< 15)
182	a0702bd0	1780978809	103938.54	mall	gourmet	automated	spot	all-equity	5	5500	99609.56	0.00	14.76	148	True	Reputation collapse (< 15)
183	a0702bd0	1780978810	90302.83	mall	gourmet	automated	spot	all-equity	5	5500	86508.39	0.00	14.50	133	True	Reputation collapse (< 15)
184	a0702bd0	1780978811	108312.97	mall	gourmet	automated	spot	all-equity	5	5500	105567.87	0.00	14.10	64	True	Reputation collapse (< 15)
185	a0702bd0	1780978812	99302.75	mall	gourmet	automated	spot	all-equity	5	5500	96009.15	0.00	13.78	102	True	Reputation collapse (< 15)
186	a0702bd0	1780978813	98908.24	mall	gourmet	automated	spot	all-equity	5	5500	95576.24	0.00	9.50	122	True	Reputation collapse (< 15)
187	a0702bd0	1780978814	98347.96	mall	gourmet	automated	spot	all-equity	5	5500	94032.88	0.00	14.98	148	True	Reputation collapse (< 15)
188	a0702bd0	1780978815	115014.90	mall	gourmet	automated	spot	all-equity	5	5500	111108.74	0.00	14.50	113	True	Reputation collapse (< 15)
189	a0702bd0	1780978816	82189.83	mall	gourmet	automated	spot	all-equity	5	5500	78818.65	0.00	14.50	119	True	Reputation collapse (< 15)
190	a0702bd0	1780978817	125288.24	mall	gourmet	automated	spot	all-equity	5	5500	120873.49	0.00	14.50	133	True	Reputation collapse (< 15)
191	a0702bd0	1780978818	113628.88	mall	gourmet	automated	spot	all-equity	5	5500	110920.49	0.00	12.56	62	True	Reputation collapse (< 15)
192	a0702bd0	1780978819	105086.58	mall	gourmet	automated	spot	all-equity	5	5500	101377.12	0.00	14.52	112	True	Reputation collapse (< 15)
193	a0702bd0	1780978820	85666.94	mall	gourmet	automated	spot	all-equity	5	5500	83681.40	0.00	13.00	50	True	Reputation collapse (< 15)
194	a0702bd0	1780978821	108073.20	mall	gourmet	automated	spot	all-equity	5	5500	104289.23	0.00	14.00	118	True	Reputation collapse (< 15)
195	a0702bd0	1780978822	72617.75	mall	gourmet	automated	spot	all-equity	5	5500	69569.89	0.00	14.00	112	True	Reputation collapse (< 15)
196	a0702bd0	1780978823	84559.06	mall	gourmet	automated	spot	all-equity	5	5500	81018.48	0.00	14.70	125	True	Reputation collapse (< 15)
197	a0702bd0	1780978824	111565.97	mall	gourmet	automated	spot	all-equity	5	5500	107861.27	0.00	14.00	113	True	Reputation collapse (< 15)
198	a0702bd0	1780978825	94937.64	mall	gourmet	automated	spot	all-equity	5	5500	91981.76	0.00	12.50	92	True	Reputation collapse (< 15)
199	a0702bd0	1780978826	110333.55	mall	gourmet	automated	spot	all-equity	5	5500	106656.45	0.00	14.50	111	True	Reputation collapse (< 15)
0	0a98dacb	1780978630	136190.04	mall	gourmet	automated	spot	all-equity	5	5500	130853.88	0.00	14.80	168	True	Reputation collapse (< 15)
1	0a98dacb	1780978631	107501.67	mall	gourmet	automated	spot	all-equity	5	5500	102342.86	0.00	14.00	192	True	Reputation collapse (< 15)
2	0a98dacb	1780978632	112066.13	mall	gourmet	automated	spot	all-equity	5	5500	107768.83	0.00	14.50	141	True	Reputation collapse (< 15)
3	0a98dacb	1780978633	121602.35	mall	gourmet	automated	spot	all-equity	5	5500	117525.12	0.00	14.00	118	True	Reputation collapse (< 15)
4	0a98dacb	1780978634	85481.72	mall	gourmet	automated	spot	all-equity	5	5500	82081.47	0.00	14.24	116	True	Reputation collapse (< 15)
5	0a98dacb	1780978635	99938.25	mall	gourmet	automated	spot	all-equity	5	5500	94906.72	0.00	14.50	185	True	Reputation collapse (< 15)
6	0a98dacb	1780978636	93955.26	mall	gourmet	automated	spot	all-equity	5	5500	90234.44	0.00	13.22	137	True	Reputation collapse (< 15)
7	0a98dacb	1780978637	113821.31	mall	gourmet	automated	spot	all-equity	5	5500	111333.81	0.00	4.50	92	True	Reputation collapse (< 15)
8	0a98dacb	1780978638	129570.11	mall	gourmet	automated	spot	all-equity	5	5500	125702.44	0.00	14.68	92	True	Reputation collapse (< 15)
9	0a98dacb	1780978639	116584.39	mall	gourmet	automated	spot	all-equity	5	5500	112578.13	0.00	14.48	118	True	Reputation collapse (< 15)
10	0a98dacb	1780978640	81016.04	mall	gourmet	automated	spot	all-equity	5	5500	77028.75	0.00	14.52	153	True	Reputation collapse (< 15)
11	0a98dacb	1780978641	88848.93	mall	gourmet	automated	spot	all-equity	5	5500	85445.45	0.00	14.50	112	True	Reputation collapse (< 15)
12	0a98dacb	1780978642	123680.88	mall	gourmet	automated	spot	all-equity	5	5500	119581.27	0.00	13.26	122	True	Reputation collapse (< 15)
13	0a98dacb	1780978643	98311.49	mall	gourmet	automated	spot	all-equity	5	5500	95072.69	0.00	14.00	99	True	Reputation collapse (< 15)
14	0a98dacb	1780978644	99555.47	mall	gourmet	automated	spot	all-equity	5	5500	95938.98	0.00	14.70	112	True	Reputation collapse (< 15)
15	0a98dacb	1780978645	113289.14	mall	gourmet	automated	spot	all-equity	5	5500	109150.08	0.00	14.76	125	True	Reputation collapse (< 15)
16	0a98dacb	1780978646	87848.63	mall	gourmet	automated	spot	all-equity	5	5500	85348.55	0.00	14.50	70	True	Reputation collapse (< 15)
17	0a98dacb	1780978647	82433.35	mall	gourmet	automated	spot	all-equity	5	5500	79645.02	0.00	13.50	92	True	Reputation collapse (< 15)
18	0a98dacb	1780978648	115471.46	mall	gourmet	automated	spot	all-equity	5	5500	111424.85	0.00	14.70	119	True	Reputation collapse (< 15)
19	0a98dacb	1780978649	108725.23	mall	gourmet	automated	spot	all-equity	5	5500	105386.70	0.00	14.10	92	True	Reputation collapse (< 15)
20	0a98dacb	1780978650	89224.21	mall	gourmet	automated	spot	all-equity	5	5500	85539.02	0.00	14.00	136	True	Reputation collapse (< 15)
21	0a98dacb	1780978651	108399.23	mall	gourmet	automated	spot	all-equity	5	5500	105275.31	0.00	14.50	76	True	Reputation collapse (< 15)
22	0a98dacb	1780978652	115077.62	mall	gourmet	automated	spot	all-equity	5	5500	110425.83	0.00	14.54	153	True	Reputation collapse (< 15)
23	0a98dacb	1780978653	110065.43	mall	gourmet	automated	spot	all-equity	5	5500	106467.51	0.00	14.50	105	True	Reputation collapse (< 15)
24	0a98dacb	1780978654	88598.29	mall	gourmet	automated	spot	all-equity	5	5500	85000.99	0.00	14.18	122	True	Reputation collapse (< 15)
25	0a98dacb	1780978655	112104.89	mall	gourmet	automated	spot	all-equity	5	5500	109112.13	0.00	14.66	70	True	Reputation collapse (< 15)
26	0a98dacb	1780978656	101958.44	mall	gourmet	automated	spot	all-equity	5	5500	96672.95	0.00	14.50	194	True	Reputation collapse (< 15)
27	0a98dacb	1780978657	79578.67	mall	gourmet	automated	spot	all-equity	5	5500	76316.22	0.00	14.50	113	True	Reputation collapse (< 15)
28	0a98dacb	1780978658	71181.94	mall	gourmet	automated	spot	all-equity	5	5500	67312.65	0.00	14.00	162	True	Reputation collapse (< 15)
29	0a98dacb	1780978659	109526.16	mall	gourmet	automated	spot	all-equity	5	5500	105918.25	0.00	14.56	105	True	Reputation collapse (< 15)
30	0a98dacb	1780978660	100341.02	mall	gourmet	automated	spot	all-equity	5	5500	96695.20	0.00	14.00	120	True	Reputation collapse (< 15)
31	0a98dacb	1780978661	91410.35	mall	gourmet	automated	spot	all-equity	5	5500	88242.79	0.00	14.50	99	True	Reputation collapse (< 15)
32	0a98dacb	1780978662	96848.96	mall	gourmet	automated	spot	all-equity	5	5500	93370.34	0.00	14.00	111	True	Reputation collapse (< 15)
33	0a98dacb	1780978663	124166.94	mall	gourmet	automated	spot	all-equity	5	5500	120790.52	0.00	5.00	122	True	Reputation collapse (< 15)
34	0a98dacb	1780978664	111770.14	mall	gourmet	automated	spot	all-equity	5	5500	107449.59	0.00	14.60	140	True	Reputation collapse (< 15)
35	0a98dacb	1780978665	111950.37	mall	gourmet	automated	spot	all-equity	5	5500	107737.72	0.00	14.78	131	True	Reputation collapse (< 15)
36	0a98dacb	1780978666	76723.19	mall	gourmet	automated	spot	all-equity	5	5500	73140.18	0.00	14.52	141	True	Reputation collapse (< 15)
37	0a98dacb	1780978667	100820.04	mall	gourmet	automated	spot	all-equity	5	5500	97973.45	0.00	13.82	69	True	Reputation collapse (< 15)
38	0a98dacb	1780978668	87508.08	mall	gourmet	automated	spot	all-equity	5	5500	83569.31	0.00	14.22	139	True	Reputation collapse (< 15)
39	0a98dacb	1780978669	96066.04	mall	gourmet	automated	spot	all-equity	5	5500	91756.70	0.00	14.50	154	True	Reputation collapse (< 15)
40	0a98dacb	1780978670	107936.97	mall	gourmet	automated	spot	all-equity	5	5500	104106.13	0.00	13.16	122	True	Reputation collapse (< 15)
41	0a98dacb	1780978671	82231.45	mall	gourmet	automated	spot	all-equity	5	5500	79006.39	0.00	14.50	119	True	Reputation collapse (< 15)
42	0a98dacb	1780978672	110084.99	mall	gourmet	automated	spot	all-equity	5	5500	105977.80	0.00	14.26	134	True	Reputation collapse (< 15)
43	0a98dacb	1780978673	105985.80	mall	gourmet	automated	spot	all-equity	5	5500	101207.03	0.00	14.98	171	True	Reputation collapse (< 15)
44	0a98dacb	1780978674	78976.79	mall	gourmet	automated	spot	all-equity	5	5500	76040.89	0.00	14.72	98	True	Reputation collapse (< 15)
45	0a98dacb	1780978675	91348.45	mall	gourmet	automated	spot	all-equity	5	5500	89544.51	0.00	13.54	35	True	Reputation collapse (< 15)
46	0a98dacb	1780978676	112958.24	mall	gourmet	automated	spot	all-equity	5	5500	109108.56	0.00	12.22	122	True	Reputation collapse (< 15)
47	0a98dacb	1780978677	127951.41	mall	gourmet	automated	spot	all-equity	5	5500	123821.12	0.00	14.76	106	True	Reputation collapse (< 15)
48	0a98dacb	1780978678	116477.94	mall	gourmet	automated	spot	all-equity	5	5500	112884.30	0.00	14.50	97	True	Reputation collapse (< 15)
49	0a98dacb	1780978679	100532.77	mall	gourmet	automated	spot	all-equity	5	5500	96574.72	0.00	14.26	133	True	Reputation collapse (< 15)
50	0a98dacb	1780978680	71453.54	mall	gourmet	automated	spot	all-equity	5	5500	68499.12	0.00	14.72	104	True	Reputation collapse (< 15)
51	0a98dacb	1780978681	99874.42	mall	gourmet	automated	spot	all-equity	5	5500	96823.08	0.00	14.50	85	True	Reputation collapse (< 15)
52	0a98dacb	1780978682	113695.73	mall	gourmet	automated	spot	all-equity	5	5500	109508.27	0.00	14.04	133	True	Reputation collapse (< 15)
53	0a98dacb	1780978683	90559.93	mall	gourmet	automated	spot	all-equity	5	5500	86560.51	0.00	14.56	139	True	Reputation collapse (< 15)
54	0a98dacb	1780978684	103809.72	mall	gourmet	automated	spot	all-equity	5	5500	100397.64	0.00	14.06	101	True	Reputation collapse (< 15)
55	0a98dacb	1780978685	108399.30	mall	gourmet	automated	spot	all-equity	5	5500	105436.94	0.00	10.24	92	True	Reputation collapse (< 15)
56	0a98dacb	1780978686	82399.17	mall	gourmet	automated	spot	all-equity	5	5500	80195.15	0.00	14.06	63	True	Reputation collapse (< 15)
57	0a98dacb	1780978687	103604.89	mall	gourmet	automated	spot	all-equity	5	5500	99816.48	0.00	14.68	119	True	Reputation collapse (< 15)
58	0a98dacb	1780978688	111181.26	mall	gourmet	automated	spot	all-equity	5	5500	106732.71	0.00	7.00	182	True	Reputation collapse (< 15)
59	0a98dacb	1780978689	69969.44	mall	gourmet	automated	spot	all-equity	5	5500	66772.87	0.00	14.00	124	True	Reputation collapse (< 15)
60	0a98dacb	1780978690	80186.20	mall	gourmet	automated	spot	all-equity	5	5500	77222.80	0.00	14.32	105	True	Reputation collapse (< 15)
61	0a98dacb	1780978691	140868.87	mall	gourmet	automated	spot	all-equity	5	5500	136451.75	0.00	12.86	122	True	Reputation collapse (< 15)
62	0a98dacb	1780978692	111880.14	mall	gourmet	automated	spot	all-equity	5	5500	108125.82	0.00	14.64	106	True	Reputation collapse (< 15)
63	0a98dacb	1780978693	97279.88	mall	gourmet	automated	spot	all-equity	5	5500	93334.21	0.00	14.00	146	True	Reputation collapse (< 15)
64	0a98dacb	1780978694	109827.56	mall	gourmet	automated	spot	all-equity	5	5500	107186.50	0.00	14.00	56	True	Reputation collapse (< 15)
65	0a98dacb	1780978695	110801.53	mall	gourmet	automated	spot	all-equity	5	5500	107228.07	0.00	14.00	105	True	Reputation collapse (< 15)
66	0a98dacb	1780978696	64186.30	mall	gourmet	automated	spot	all-equity	5	5500	60428.77	0.00	14.50	161	True	Reputation collapse (< 15)
67	0a98dacb	1780978697	74602.50	mall	gourmet	automated	spot	all-equity	5	5500	71490.88	0.00	14.00	118	True	Reputation collapse (< 15)
68	0a98dacb	1780978698	100130.02	mall	gourmet	automated	spot	all-equity	5	5500	96990.48	0.00	14.68	90	True	Reputation collapse (< 15)
69	0a98dacb	1780978699	93434.72	mall	gourmet	automated	spot	all-equity	5	5500	90499.19	0.00	12.64	92	True	Reputation collapse (< 15)
70	0a98dacb	1780978700	110228.86	mall	gourmet	automated	spot	all-equity	5	5500	106189.98	0.00	14.02	128	True	Reputation collapse (< 15)
71	0a98dacb	1780978701	111032.70	mall	gourmet	automated	spot	all-equity	5	5500	108362.05	0.00	14.58	56	True	Reputation collapse (< 15)
72	0a98dacb	1780978702	89074.31	mall	gourmet	automated	spot	all-equity	5	5500	85385.15	0.00	14.50	127	True	Reputation collapse (< 15)
73	0a98dacb	1780978703	100250.90	mall	gourmet	automated	spot	all-equity	5	5500	97015.64	0.00	14.50	92	True	Reputation collapse (< 15)
74	0a98dacb	1780978704	145222.52	mall	gourmet	automated	spot	all-equity	5	5500	139826.38	0.00	14.38	159	True	Reputation collapse (< 15)
75	0a98dacb	1780978705	85707.94	mall	gourmet	automated	spot	all-equity	5	5500	83090.26	0.00	5.52	122	True	Reputation collapse (< 15)
76	0a98dacb	1780978706	125654.32	mall	gourmet	automated	spot	all-equity	5	5500	121469.93	0.00	14.50	119	True	Reputation collapse (< 15)
77	0a98dacb	1780978707	108095.61	mall	gourmet	automated	spot	all-equity	5	5500	105526.37	0.00	13.20	61	True	Reputation collapse (< 15)
78	0a98dacb	1780978708	109526.05	mall	gourmet	automated	spot	all-equity	5	5500	106280.25	0.00	14.50	84	True	Reputation collapse (< 15)
79	0a98dacb	1780978709	88962.69	mall	gourmet	automated	spot	all-equity	5	5500	86157.03	0.00	14.50	84	True	Reputation collapse (< 15)
80	0a98dacb	1780978710	108018.43	mall	gourmet	automated	spot	all-equity	5	5500	103526.15	0.00	14.98	147	True	Reputation collapse (< 15)
81	0a98dacb	1780978711	107682.20	mall	gourmet	automated	spot	all-equity	5	5500	104405.36	0.00	14.00	91	True	Reputation collapse (< 15)
82	0a98dacb	1780978712	97577.90	mall	gourmet	automated	spot	all-equity	5	5500	93085.77	0.00	14.00	168	True	Reputation collapse (< 15)
83	0a98dacb	1780978713	96554.10	mall	gourmet	automated	spot	all-equity	5	5500	94223.13	0.00	14.50	50	True	Reputation collapse (< 15)
84	0a98dacb	1780978714	97654.17	mall	gourmet	automated	spot	all-equity	5	5500	94966.15	0.00	14.68	70	True	Reputation collapse (< 15)
85	0a98dacb	1780978715	70958.23	mall	gourmet	automated	spot	all-equity	5	5500	68344.26	0.00	7.50	122	True	Reputation collapse (< 15)
86	0a98dacb	1780978716	98401.78	mall	gourmet	automated	spot	all-equity	5	5500	95145.91	0.00	14.52	98	True	Reputation collapse (< 15)
87	0a98dacb	1780978717	102275.88	mall	gourmet	automated	spot	all-equity	5	5500	98772.38	0.00	14.04	107	True	Reputation collapse (< 15)
88	0a98dacb	1780978718	114569.21	mall	gourmet	automated	spot	all-equity	5	5500	109603.65	0.00	14.50	168	True	Reputation collapse (< 15)
89	0a98dacb	1780978719	90914.16	mall	gourmet	automated	spot	all-equity	5	5500	87889.31	0.00	14.00	92	True	Reputation collapse (< 15)
90	0a98dacb	1780978720	109451.04	mall	gourmet	automated	spot	all-equity	5	5500	106196.51	0.00	13.00	92	True	Reputation collapse (< 15)
91	0a98dacb	1780978721	101868.65	mall	gourmet	automated	spot	all-equity	5	5500	99425.67	0.00	12.50	62	True	Reputation collapse (< 15)
92	0a98dacb	1780978722	102340.72	mall	gourmet	automated	spot	all-equity	5	5500	98918.90	0.00	14.16	104	True	Reputation collapse (< 15)
93	0a98dacb	1780978723	82703.39	mall	gourmet	automated	spot	all-equity	5	5500	79976.49	0.00	14.50	84	True	Reputation collapse (< 15)
94	0a98dacb	1780978724	93340.85	mall	gourmet	automated	spot	all-equity	5	5500	90443.38	0.00	14.00	84	True	Reputation collapse (< 15)
95	0a98dacb	1780978725	87969.08	mall	gourmet	automated	spot	all-equity	5	5500	83827.73	0.00	14.00	155	True	Reputation collapse (< 15)
96	0a98dacb	1780978726	110632.47	mall	gourmet	automated	spot	all-equity	5	5500	107525.24	0.00	14.50	71	True	Reputation collapse (< 15)
97	0a98dacb	1780978727	116874.95	mall	gourmet	automated	spot	all-equity	5	5500	112930.92	0.00	14.06	114	True	Reputation collapse (< 15)
98	0a98dacb	1780978728	85099.68	mall	gourmet	automated	spot	all-equity	5	5500	82272.99	0.00	14.00	91	True	Reputation collapse (< 15)
99	0a98dacb	1780978729	136189.65	mall	gourmet	automated	spot	all-equity	5	5500	132234.25	0.00	13.92	96	True	Reputation collapse (< 15)
100	0a98dacb	1780978730	109640.03	mall	gourmet	automated	spot	all-equity	5	5500	106325.77	0.00	14.58	90	True	Reputation collapse (< 15)
101	0a98dacb	1780978731	69663.67	mall	gourmet	automated	spot	all-equity	5	5500	65211.67	0.00	14.50	182	True	Reputation collapse (< 15)
102	0a98dacb	1780978732	124941.94	mall	gourmet	automated	spot	all-equity	5	5500	121137.80	0.00	14.78	102	True	Reputation collapse (< 15)
103	0a98dacb	1780978733	96174.91	mall	gourmet	automated	spot	all-equity	5	5500	92870.86	0.00	14.50	103	True	Reputation collapse (< 15)
104	0a98dacb	1780978734	87344.92	mall	gourmet	automated	spot	all-equity	5	5500	84837.57	0.00	14.74	70	True	Reputation collapse (< 15)
105	0a98dacb	1780978735	103561.15	mall	gourmet	automated	spot	all-equity	5	5500	99810.27	0.00	14.00	119	True	Reputation collapse (< 15)
106	0a98dacb	1780978736	85826.35	mall	gourmet	automated	spot	all-equity	5	5500	82256.08	0.00	14.50	126	True	Reputation collapse (< 15)
107	0a98dacb	1780978737	125596.10	mall	gourmet	automated	spot	all-equity	5	5500	122416.89	0.00	8.56	92	True	Reputation collapse (< 15)
108	0a98dacb	1780978738	118078.37	mall	gourmet	automated	spot	all-equity	5	5500	114311.72	0.00	14.50	104	True	Reputation collapse (< 15)
109	0a98dacb	1780978739	74409.09	mall	gourmet	automated	spot	all-equity	5	5500	70456.20	0.00	14.52	161	True	Reputation collapse (< 15)
110	0a98dacb	1780978740	111408.75	mall	gourmet	automated	spot	all-equity	5	5500	107211.76	0.00	14.74	133	True	Reputation collapse (< 15)
111	0a98dacb	1780978741	93814.04	mall	gourmet	automated	spot	all-equity	5	5500	90733.96	0.00	13.96	96	True	Reputation collapse (< 15)
112	0a98dacb	1780978742	98385.34	mall	gourmet	automated	spot	all-equity	5	5500	94719.46	0.00	14.50	115	True	Reputation collapse (< 15)
113	0a98dacb	1780978743	70149.37	mall	gourmet	automated	spot	all-equity	5	5500	66377.63	0.00	14.00	152	True	Reputation collapse (< 15)
114	0a98dacb	1780978744	90395.82	mall	gourmet	automated	spot	all-equity	5	5500	86314.86	0.00	14.50	148	True	Reputation collapse (< 15)
115	0a98dacb	1780978745	96287.92	mall	gourmet	automated	spot	all-equity	5	5500	93768.23	0.00	13.50	63	True	Reputation collapse (< 15)
116	0a98dacb	1780978746	121283.85	mall	gourmet	automated	spot	all-equity	5	5500	117584.06	0.00	14.00	97	True	Reputation collapse (< 15)
117	0a98dacb	1780978747	105273.86	mall	gourmet	automated	spot	all-equity	5	5500	100895.50	0.00	14.50	150	True	Reputation collapse (< 15)
118	0a98dacb	1780978748	84607.94	mall	gourmet	automated	spot	all-equity	5	5500	79964.65	0.00	14.98	182	True	Reputation collapse (< 15)
119	0a98dacb	1780978749	92831.86	mall	gourmet	automated	spot	all-equity	5	5500	88992.09	0.00	14.00	140	True	Reputation collapse (< 15)
120	0a98dacb	1780978750	78984.71	mall	gourmet	automated	spot	all-equity	5	5500	75425.21	0.00	14.50	133	True	Reputation collapse (< 15)
121	0a98dacb	1780978751	107828.54	mall	gourmet	automated	spot	all-equity	5	5500	104689.40	0.00	6.50	122	True	Reputation collapse (< 15)
122	0a98dacb	1780978752	115308.89	mall	gourmet	automated	spot	all-equity	5	5500	111082.72	0.00	14.88	128	True	Reputation collapse (< 15)
123	0a98dacb	1780978753	98319.49	mall	gourmet	automated	spot	all-equity	5	5500	94335.30	0.00	14.58	132	True	Reputation collapse (< 15)
124	0a98dacb	1780978754	96259.78	mall	gourmet	automated	spot	all-equity	5	5500	92451.90	0.00	14.82	126	True	Reputation collapse (< 15)
125	0a98dacb	1780978755	93799.41	mall	gourmet	automated	spot	all-equity	5	5500	90812.62	0.00	14.50	91	True	Reputation collapse (< 15)
126	0a98dacb	1780978756	90340.92	mall	gourmet	automated	spot	all-equity	5	5500	86859.43	0.00	14.00	118	True	Reputation collapse (< 15)
127	0a98dacb	1780978757	102490.66	mall	gourmet	automated	spot	all-equity	5	5500	99588.10	0.00	14.14	70	True	Reputation collapse (< 15)
128	0a98dacb	1780978758	67774.69	mall	gourmet	automated	spot	all-equity	5	5500	64303.90	0.00	14.50	142	True	Reputation collapse (< 15)
129	0a98dacb	1780978759	114332.08	mall	gourmet	automated	spot	all-equity	5	5500	111419.55	0.00	14.86	63	True	Reputation collapse (< 15)
130	0a98dacb	1780978760	121858.93	mall	gourmet	automated	spot	all-equity	5	5500	116484.04	0.00	14.00	188	True	Reputation collapse (< 15)
131	0a98dacb	1780978761	100070.99	mall	gourmet	automated	spot	all-equity	5	5500	96309.07	0.00	14.72	119	True	Reputation collapse (< 15)
132	0a98dacb	1780978762	105377.78	mall	gourmet	automated	spot	all-equity	5	5500	102758.33	0.00	12.96	62	True	Reputation collapse (< 15)
133	0a98dacb	1780978763	89985.29	mall	gourmet	automated	spot	all-equity	5	5500	86648.08	0.00	14.50	113	True	Reputation collapse (< 15)
134	0a98dacb	1780978764	87539.79	mall	gourmet	automated	spot	all-equity	5	5500	84813.51	0.00	14.52	78	True	Reputation collapse (< 15)
135	0a98dacb	1780978765	97323.66	mall	gourmet	automated	spot	all-equity	5	5500	93496.31	0.00	14.80	124	True	Reputation collapse (< 15)
136	0a98dacb	1780978766	108873.97	mall	gourmet	automated	spot	all-equity	5	5500	105241.30	0.00	14.72	105	True	Reputation collapse (< 15)
137	0a98dacb	1780978767	78336.03	mall	gourmet	automated	spot	all-equity	5	5500	75459.68	0.00	14.50	98	True	Reputation collapse (< 15)
138	0a98dacb	1780978768	104697.98	mall	gourmet	automated	spot	all-equity	5	5500	100941.00	0.00	14.88	119	True	Reputation collapse (< 15)
139	0a98dacb	1780978769	109935.80	mall	gourmet	automated	spot	all-equity	5	5500	106448.50	0.00	14.50	97	True	Reputation collapse (< 15)
140	0a98dacb	1780978770	103097.52	mall	gourmet	automated	spot	all-equity	5	5500	99925.55	0.00	13.00	92	True	Reputation collapse (< 15)
141	0a98dacb	1780978771	79335.20	mall	gourmet	automated	spot	all-equity	5	5500	76230.67	0.00	13.50	110	True	Reputation collapse (< 15)
142	0a98dacb	1780978772	113341.16	mall	gourmet	automated	spot	all-equity	5	5500	110129.55	0.00	5.68	122	True	Reputation collapse (< 15)
143	0a98dacb	1780978773	124417.41	mall	gourmet	automated	spot	all-equity	5	5500	120044.31	0.00	14.82	126	True	Reputation collapse (< 15)
144	0a98dacb	1780978774	125046.77	mall	gourmet	automated	spot	all-equity	5	5500	119967.76	0.00	14.50	161	True	Reputation collapse (< 15)
145	0a98dacb	1780978775	103475.07	mall	gourmet	automated	spot	all-equity	5	5500	99051.64	0.00	14.50	154	True	Reputation collapse (< 15)
146	0a98dacb	1780978776	107431.77	mall	gourmet	automated	spot	all-equity	5	5500	104783.84	0.00	13.08	62	True	Reputation collapse (< 15)
147	0a98dacb	1780978777	112660.07	mall	gourmet	automated	spot	all-equity	5	5500	108467.86	0.00	14.50	131	True	Reputation collapse (< 15)
148	0a98dacb	1780978778	88755.11	mall	gourmet	automated	spot	all-equity	5	5500	86175.95	0.00	9.90	92	True	Reputation collapse (< 15)
149	0a98dacb	1780978779	104966.08	mall	gourmet	automated	spot	all-equity	5	5500	101254.26	0.00	14.66	110	True	Reputation collapse (< 15)
150	0a98dacb	1780978780	64110.78	mall	gourmet	automated	spot	all-equity	5	5500	61113.44	0.00	13.50	122	True	Reputation collapse (< 15)
151	0a98dacb	1780978781	106257.71	mall	gourmet	automated	spot	all-equity	5	5500	102551.70	0.00	14.50	105	True	Reputation collapse (< 15)
152	0a98dacb	1780978782	75916.40	mall	gourmet	automated	spot	all-equity	5	5500	72296.85	0.00	14.50	140	True	Reputation collapse (< 15)
153	0a98dacb	1780978783	90802.05	mall	gourmet	automated	spot	all-equity	5	5500	87201.56	0.00	14.70	119	True	Reputation collapse (< 15)
154	0a98dacb	1780978784	118879.17	mall	gourmet	automated	spot	all-equity	5	5500	114225.84	0.00	14.42	147	True	Reputation collapse (< 15)
155	0a98dacb	1780978785	98916.47	mall	gourmet	automated	spot	all-equity	5	5500	95181.60	0.00	14.00	126	True	Reputation collapse (< 15)
156	0a98dacb	1780978786	104284.17	mall	gourmet	automated	spot	all-equity	5	5500	100644.80	0.00	14.50	108	True	Reputation collapse (< 15)
157	0a98dacb	1780978787	76872.79	mall	gourmet	automated	spot	all-equity	5	5500	73571.58	0.00	13.62	125	True	Reputation collapse (< 15)
158	0a98dacb	1780978788	78472.76	mall	gourmet	automated	spot	all-equity	5	5500	75183.33	0.00	14.50	120	True	Reputation collapse (< 15)
159	0a98dacb	1780978789	111015.06	mall	gourmet	automated	spot	all-equity	5	5500	108479.56	0.00	5.00	92	True	Reputation collapse (< 15)
160	0a98dacb	1780978790	92274.48	mall	gourmet	automated	spot	all-equity	5	5500	88918.72	0.00	14.50	111	True	Reputation collapse (< 15)
161	0a98dacb	1780978791	76020.90	mall	gourmet	automated	spot	all-equity	5	5500	72017.48	0.00	14.50	161	True	Reputation collapse (< 15)
162	0a98dacb	1780978792	90026.96	mall	gourmet	automated	spot	all-equity	5	5500	86927.03	0.00	14.50	100	True	Reputation collapse (< 15)
163	0a98dacb	1780978793	111456.29	mall	gourmet	automated	spot	all-equity	5	5500	107063.20	0.00	12.50	152	True	Reputation collapse (< 15)
164	0a98dacb	1780978794	91432.70	mall	gourmet	automated	spot	all-equity	5	5500	87636.46	0.00	14.00	133	True	Reputation collapse (< 15)
165	0a98dacb	1780978795	88692.02	mall	gourmet	automated	spot	all-equity	5	5500	85797.95	0.00	14.20	90	True	Reputation collapse (< 15)
166	0a98dacb	1780978796	103886.30	mall	gourmet	automated	spot	all-equity	5	5500	100456.50	0.00	14.58	98	True	Reputation collapse (< 15)
167	0a98dacb	1780978797	115569.18	mall	gourmet	automated	spot	all-equity	5	5500	112196.57	0.00	13.72	91	True	Reputation collapse (< 15)
168	0a98dacb	1780978798	92841.63	mall	gourmet	automated	spot	all-equity	5	5500	89730.65	0.00	14.40	92	True	Reputation collapse (< 15)
169	0a98dacb	1780978799	91709.37	mall	gourmet	automated	spot	all-equity	5	5500	88563.76	0.00	14.92	97	True	Reputation collapse (< 15)
170	0a98dacb	1780978800	86814.85	mall	gourmet	automated	spot	all-equity	5	5500	83399.24	0.00	14.50	118	True	Reputation collapse (< 15)
171	0a98dacb	1780978801	114087.73	mall	gourmet	automated	spot	all-equity	5	5500	109782.97	0.00	14.00	140	True	Reputation collapse (< 15)
172	0a98dacb	1780978802	119056.33	mall	gourmet	automated	spot	all-equity	5	5500	116193.64	0.00	7.08	92	True	Reputation collapse (< 15)
173	0a98dacb	1780978803	92736.76	mall	gourmet	automated	spot	all-equity	5	5500	89257.48	0.00	14.18	113	True	Reputation collapse (< 15)
174	0a98dacb	1780978804	111229.22	mall	gourmet	automated	spot	all-equity	5	5500	108170.44	0.00	10.26	92	True	Reputation collapse (< 15)
175	0a98dacb	1780978805	97919.22	mall	gourmet	automated	spot	all-equity	5	5500	94102.71	0.00	14.00	126	True	Reputation collapse (< 15)
176	0a98dacb	1780978806	124845.62	mall	gourmet	automated	spot	all-equity	5	5500	120677.16	0.00	14.98	112	True	Reputation collapse (< 15)
177	0a98dacb	1780978807	117756.38	mall	gourmet	automated	spot	all-equity	5	5500	113963.30	0.00	14.74	105	True	Reputation collapse (< 15)
178	0a98dacb	1780978808	92375.74	mall	gourmet	automated	spot	all-equity	5	5500	87501.88	0.00	14.50	182	True	Reputation collapse (< 15)
179	0a98dacb	1780978809	89244.40	mall	gourmet	automated	spot	all-equity	5	5500	85203.53	0.00	14.76	148	True	Reputation collapse (< 15)
180	0a98dacb	1780978810	109225.34	mall	gourmet	automated	spot	all-equity	5	5500	105059.87	0.00	14.50	133	True	Reputation collapse (< 15)
181	0a98dacb	1780978811	107533.03	mall	gourmet	automated	spot	all-equity	5	5500	104803.22	0.00	14.10	64	True	Reputation collapse (< 15)
182	0a98dacb	1780978812	96637.81	mall	gourmet	automated	spot	all-equity	5	5500	93396.47	0.00	13.78	102	True	Reputation collapse (< 15)
183	0a98dacb	1780978813	100639.99	mall	gourmet	automated	spot	all-equity	5	5500	97274.03	0.00	9.50	122	True	Reputation collapse (< 15)
184	0a98dacb	1780978814	73174.05	mall	gourmet	automated	spot	all-equity	5	5500	69352.57	0.00	14.98	148	True	Reputation collapse (< 15)
185	0a98dacb	1780978815	80078.65	mall	gourmet	automated	spot	all-equity	5	5500	76857.50	0.00	14.50	113	True	Reputation collapse (< 15)
186	0a98dacb	1780978816	106154.82	mall	gourmet	automated	spot	all-equity	5	5500	102313.73	0.00	14.50	119	True	Reputation collapse (< 15)
187	0a98dacb	1780978817	107040.65	mall	gourmet	automated	spot	all-equity	5	5500	102983.69	0.00	14.50	133	True	Reputation collapse (< 15)
188	0a98dacb	1780978818	102191.96	mall	gourmet	automated	spot	all-equity	5	5500	99707.82	0.00	12.56	62	True	Reputation collapse (< 15)
189	0a98dacb	1780978819	97925.70	mall	gourmet	automated	spot	all-equity	5	5500	94356.65	0.00	14.52	112	True	Reputation collapse (< 15)
190	0a98dacb	1780978820	89519.74	mall	gourmet	automated	spot	all-equity	5	5500	87458.66	0.00	13.00	50	True	Reputation collapse (< 15)
191	0a98dacb	1780978821	91602.36	mall	gourmet	automated	spot	all-equity	5	5500	88141.35	0.00	14.00	118	True	Reputation collapse (< 15)
192	0a98dacb	1780978822	112257.42	mall	gourmet	automated	spot	all-equity	5	5500	108432.31	0.00	14.00	112	True	Reputation collapse (< 15)
193	0a98dacb	1780978823	104336.10	mall	gourmet	automated	spot	all-equity	5	5500	100407.73	0.00	14.70	125	True	Reputation collapse (< 15)
194	0a98dacb	1780978824	79975.27	mall	gourmet	automated	spot	all-equity	5	5500	76890.00	0.00	14.00	113	True	Reputation collapse (< 15)
195	0a98dacb	1780978825	101207.24	mall	gourmet	automated	spot	all-equity	5	5500	98128.43	0.00	12.50	92	True	Reputation collapse (< 15)
196	0a98dacb	1780978826	93614.30	mall	gourmet	automated	spot	all-equity	5	5500	90265.04	0.00	14.50	111	True	Reputation collapse (< 15)
197	0a98dacb	1780978827	91857.51	mall	gourmet	automated	spot	all-equity	5	5500	88971.98	0.00	13.22	92	True	Reputation collapse (< 15)
198	0a98dacb	1780978828	113278.77	mall	gourmet	automated	spot	all-equity	5	5500	109417.01	0.00	12.00	122	True	Reputation collapse (< 15)
199	0a98dacb	1780978829	116116.85	mall	gourmet	automated	spot	all-equity	5	5500	110797.19	0.00	14.50	189	True	Reputation collapse (< 15)
0	7aa77b90	1780978634	79734.02	mall	gourmet	automated	spot	all-equity	5	5500	76446.47	0.00	14.24	116	True	Reputation collapse (< 15)
1	7aa77b90	1780978635	139024.33	mall	gourmet	automated	spot	all-equity	5	5500	133226.41	0.00	14.50	185	True	Reputation collapse (< 15)
2	7aa77b90	1780978636	87979.49	mall	gourmet	automated	spot	all-equity	5	5500	84375.84	0.00	13.22	137	True	Reputation collapse (< 15)
3	7aa77b90	1780978637	118698.03	mall	gourmet	automated	spot	all-equity	5	5500	116114.91	0.00	4.50	92	True	Reputation collapse (< 15)
4	7aa77b90	1780978638	95756.52	mall	gourmet	automated	spot	all-equity	5	5500	92551.86	0.00	14.68	92	True	Reputation collapse (< 15)
5	7aa77b90	1780978639	113419.21	mall	gourmet	automated	spot	all-equity	5	5500	109475.01	0.00	14.48	118	True	Reputation collapse (< 15)
6	7aa77b90	1780978640	86819.55	mall	gourmet	automated	spot	all-equity	5	5500	82718.46	0.00	14.52	153	True	Reputation collapse (< 15)
7	7aa77b90	1780978641	105400.16	mall	gourmet	automated	spot	all-equity	5	5500	101672.14	0.00	14.50	112	True	Reputation collapse (< 15)
8	7aa77b90	1780978642	109608.32	mall	gourmet	automated	spot	all-equity	5	5500	105784.65	0.00	13.26	122	True	Reputation collapse (< 15)
9	7aa77b90	1780978643	80897.11	mall	gourmet	automated	spot	all-equity	5	5500	77999.76	0.00	14.00	99	True	Reputation collapse (< 15)
10	7aa77b90	1780978644	103765.02	mall	gourmet	automated	spot	all-equity	5	5500	100065.99	0.00	14.70	112	True	Reputation collapse (< 15)
11	7aa77b90	1780978645	75638.14	mall	gourmet	automated	spot	all-equity	5	5500	72237.34	0.00	14.76	125	True	Reputation collapse (< 15)
12	7aa77b90	1780978646	107685.43	mall	gourmet	automated	spot	all-equity	5	5500	104796.40	0.00	14.50	70	True	Reputation collapse (< 15)
13	7aa77b90	1780978647	83155.77	mall	gourmet	automated	spot	all-equity	5	5500	80353.27	0.00	13.50	92	True	Reputation collapse (< 15)
14	7aa77b90	1780978648	78855.91	mall	gourmet	automated	spot	all-equity	5	5500	75527.26	0.00	14.70	119	True	Reputation collapse (< 15)
15	7aa77b90	1780978649	104122.17	mall	gourmet	automated	spot	all-equity	5	5500	100873.90	0.00	14.10	92	True	Reputation collapse (< 15)
16	7aa77b90	1780978650	92911.47	mall	gourmet	automated	spot	all-equity	5	5500	89153.98	0.00	14.00	136	True	Reputation collapse (< 15)
17	7aa77b90	1780978651	103136.09	mall	gourmet	automated	spot	all-equity	5	5500	100115.37	0.00	14.50	76	True	Reputation collapse (< 15)
18	7aa77b90	1780978652	117606.92	mall	gourmet	automated	spot	all-equity	5	5500	112905.53	0.00	14.54	153	True	Reputation collapse (< 15)
19	7aa77b90	1780978653	92949.00	mall	gourmet	automated	spot	all-equity	5	5500	89686.70	0.00	14.50	105	True	Reputation collapse (< 15)
20	7aa77b90	1780978654	101127.80	mall	gourmet	automated	spot	all-equity	5	5500	97284.82	0.00	14.18	122	True	Reputation collapse (< 15)
21	7aa77b90	1780978655	94439.77	mall	gourmet	automated	spot	all-equity	5	5500	91793.38	0.00	14.66	70	True	Reputation collapse (< 15)
22	7aa77b90	1780978656	65601.96	mall	gourmet	automated	spot	all-equity	5	5500	61029.35	0.00	14.50	194	True	Reputation collapse (< 15)
23	7aa77b90	1780978657	117032.91	mall	gourmet	automated	spot	all-equity	5	5500	113036.06	0.00	14.50	113	True	Reputation collapse (< 15)
24	7aa77b90	1780978658	105809.23	mall	gourmet	automated	spot	all-equity	5	5500	101260.99	0.00	14.00	162	True	Reputation collapse (< 15)
25	7aa77b90	1780978659	124067.47	mall	gourmet	automated	spot	all-equity	5	5500	120174.43	0.00	14.56	105	True	Reputation collapse (< 15)
26	7aa77b90	1780978660	123840.49	mall	gourmet	automated	spot	all-equity	5	5500	119733.89	0.00	14.00	120	True	Reputation collapse (< 15)
27	7aa77b90	1780978661	87018.89	mall	gourmet	automated	spot	all-equity	5	5500	83937.44	0.00	14.50	99	True	Reputation collapse (< 15)
28	7aa77b90	1780978662	75816.06	mall	gourmet	automated	spot	all-equity	5	5500	72749.85	0.00	14.00	111	True	Reputation collapse (< 15)
29	7aa77b90	1780978663	113387.72	mall	gourmet	automated	spot	all-equity	5	5500	110222.66	0.00	5.00	122	True	Reputation collapse (< 15)
30	7aa77b90	1780978664	117984.60	mall	gourmet	automated	spot	all-equity	5	5500	113542.20	0.00	14.60	140	True	Reputation collapse (< 15)
31	7aa77b90	1780978665	85735.26	mall	gourmet	automated	spot	all-equity	5	5500	82036.63	0.00	14.78	131	True	Reputation collapse (< 15)
32	7aa77b90	1780978666	110179.82	mall	gourmet	automated	spot	all-equity	5	5500	105940.80	0.00	14.52	141	True	Reputation collapse (< 15)
33	7aa77b90	1780978667	110626.55	mall	gourmet	automated	spot	all-equity	5	5500	107587.67	0.00	13.82	69	True	Reputation collapse (< 15)
34	7aa77b90	1780978668	103879.34	mall	gourmet	automated	spot	all-equity	5	5500	99619.56	0.00	14.22	139	True	Reputation collapse (< 15)
35	7aa77b90	1780978669	99066.98	mall	gourmet	automated	spot	all-equity	5	5500	94698.80	0.00	14.50	154	True	Reputation collapse (< 15)
36	7aa77b90	1780978670	113085.06	mall	gourmet	automated	spot	all-equity	5	5500	109153.28	0.00	13.16	122	True	Reputation collapse (< 15)
37	7aa77b90	1780978671	88971.22	mall	gourmet	automated	spot	all-equity	5	5500	85614.01	0.00	14.50	119	True	Reputation collapse (< 15)
38	7aa77b90	1780978672	91175.48	mall	gourmet	automated	spot	all-equity	5	5500	87439.06	0.00	14.26	134	True	Reputation collapse (< 15)
39	7aa77b90	1780978673	96511.95	mall	gourmet	automated	spot	all-equity	5	5500	91918.93	0.00	14.98	171	True	Reputation collapse (< 15)
40	7aa77b90	1780978674	116920.30	mall	gourmet	automated	spot	all-equity	5	5500	113240.42	0.00	14.72	98	True	Reputation collapse (< 15)
41	7aa77b90	1780978675	99481.59	mall	gourmet	automated	spot	all-equity	5	5500	97518.17	0.00	13.54	35	True	Reputation collapse (< 15)
42	7aa77b90	1780978676	105772.11	mall	gourmet	automated	spot	all-equity	5	5500	102063.33	0.00	12.22	122	True	Reputation collapse (< 15)
43	7aa77b90	1780978677	76120.39	mall	gourmet	automated	spot	all-equity	5	5500	73006.39	0.00	14.76	106	True	Reputation collapse (< 15)
44	7aa77b90	1780978678	104213.15	mall	gourmet	automated	spot	all-equity	5	5500	100859.99	0.00	14.50	97	True	Reputation collapse (< 15)
45	7aa77b90	1780978679	113102.97	mall	gourmet	automated	spot	all-equity	5	5500	108898.44	0.00	14.26	133	True	Reputation collapse (< 15)
46	7aa77b90	1780978680	130778.42	mall	gourmet	automated	spot	all-equity	5	5500	126660.76	0.00	14.72	104	True	Reputation collapse (< 15)
47	7aa77b90	1780978681	107430.19	mall	gourmet	automated	spot	all-equity	5	5500	104230.70	0.00	14.50	85	True	Reputation collapse (< 15)
48	7aa77b90	1780978682	95990.39	mall	gourmet	automated	spot	all-equity	5	5500	92150.09	0.00	14.04	133	True	Reputation collapse (< 15)
49	7aa77b90	1780978683	108161.32	mall	gourmet	automated	spot	all-equity	5	5500	103816.77	0.00	14.56	139	True	Reputation collapse (< 15)
50	7aa77b90	1780978684	97852.10	mall	gourmet	automated	spot	all-equity	5	5500	94556.84	0.00	14.06	101	True	Reputation collapse (< 15)
51	7aa77b90	1780978685	97781.66	mall	gourmet	automated	spot	all-equity	5	5500	95027.49	0.00	10.24	92	True	Reputation collapse (< 15)
52	7aa77b90	1780978686	105554.21	mall	gourmet	automated	spot	all-equity	5	5500	102896.17	0.00	14.06	63	True	Reputation collapse (< 15)
53	7aa77b90	1780978687	81869.17	mall	gourmet	automated	spot	all-equity	5	5500	78506.96	0.00	14.68	119	True	Reputation collapse (< 15)
54	7aa77b90	1780978688	94650.28	mall	gourmet	automated	spot	all-equity	5	5500	90525.86	0.00	7.00	182	True	Reputation collapse (< 15)
55	7aa77b90	1780978689	77109.19	mall	gourmet	automated	spot	all-equity	5	5500	73772.62	0.00	14.00	124	True	Reputation collapse (< 15)
56	7aa77b90	1780978690	90719.66	mall	gourmet	automated	spot	all-equity	5	5500	87549.72	0.00	14.32	105	True	Reputation collapse (< 15)
57	7aa77b90	1780978691	107211.32	mall	gourmet	automated	spot	all-equity	5	5500	103454.15	0.00	12.86	122	True	Reputation collapse (< 15)
58	7aa77b90	1780978692	109547.05	mall	gourmet	automated	spot	all-equity	5	5500	105838.47	0.00	14.64	106	True	Reputation collapse (< 15)
59	7aa77b90	1780978693	100879.56	mall	gourmet	automated	spot	all-equity	5	5500	96863.30	0.00	14.00	146	True	Reputation collapse (< 15)
60	7aa77b90	1780978694	119251.17	mall	gourmet	automated	spot	all-equity	5	5500	116425.33	0.00	14.00	56	True	Reputation collapse (< 15)
61	7aa77b90	1780978695	80014.51	mall	gourmet	automated	spot	all-equity	5	5500	77044.72	0.00	14.00	105	True	Reputation collapse (< 15)
62	7aa77b90	1780978696	58254.62	mall	gourmet	automated	spot	all-equity	5	5500	54613.40	0.00	14.50	161	True	Reputation collapse (< 15)
63	7aa77b90	1780978697	72556.86	mall	gourmet	automated	spot	all-equity	5	5500	69485.35	0.00	14.00	118	True	Reputation collapse (< 15)
64	7aa77b90	1780978698	114423.19	mall	gourmet	automated	spot	all-equity	5	5500	111003.39	0.00	14.68	90	True	Reputation collapse (< 15)
65	7aa77b90	1780978699	96011.95	mall	gourmet	automated	spot	all-equity	5	5500	93025.89	0.00	12.64	92	True	Reputation collapse (< 15)
66	7aa77b90	1780978700	115062.30	mall	gourmet	automated	spot	all-equity	5	5500	110928.65	0.00	14.02	128	True	Reputation collapse (< 15)
67	7aa77b90	1780978701	104934.11	mall	gourmet	automated	spot	all-equity	5	5500	102383.04	0.00	14.58	56	True	Reputation collapse (< 15)
68	7aa77b90	1780978702	62387.19	mall	gourmet	automated	spot	all-equity	5	5500	59221.30	0.00	14.50	127	True	Reputation collapse (< 15)
69	7aa77b90	1780978703	91616.09	mall	gourmet	automated	spot	all-equity	5	5500	88550.14	0.00	14.50	92	True	Reputation collapse (< 15)
70	7aa77b90	1780978704	142963.28	mall	gourmet	automated	spot	all-equity	5	5500	137611.44	0.00	14.38	159	True	Reputation collapse (< 15)
71	7aa77b90	1780978705	114009.48	mall	gourmet	automated	spot	all-equity	5	5500	110836.87	0.00	5.52	122	True	Reputation collapse (< 15)
72	7aa77b90	1780978706	91091.76	mall	gourmet	automated	spot	all-equity	5	5500	87585.06	0.00	14.50	119	True	Reputation collapse (< 15)
73	7aa77b90	1780978707	97531.89	mall	gourmet	automated	spot	all-equity	5	5500	95169.78	0.00	13.20	61	True	Reputation collapse (< 15)
74	7aa77b90	1780978708	113737.00	mall	gourmet	automated	spot	all-equity	5	5500	110408.64	0.00	14.50	84	True	Reputation collapse (< 15)
75	7aa77b90	1780978709	100792.04	mall	gourmet	automated	spot	all-equity	5	5500	97754.44	0.00	14.50	84	True	Reputation collapse (< 15)
76	7aa77b90	1780978710	95033.63	mall	gourmet	automated	spot	all-equity	5	5500	90795.95	0.00	14.98	147	True	Reputation collapse (< 15)
77	7aa77b90	1780978711	123964.88	mall	gourmet	automated	spot	all-equity	5	5500	120368.78	0.00	14.00	91	True	Reputation collapse (< 15)
78	7aa77b90	1780978712	68457.82	mall	gourmet	automated	spot	all-equity	5	5500	64536.67	0.00	14.00	168	True	Reputation collapse (< 15)
79	7aa77b90	1780978713	104571.42	mall	gourmet	automated	spot	all-equity	5	5500	102083.24	0.00	14.50	50	True	Reputation collapse (< 15)
80	7aa77b90	1780978714	104692.56	mall	gourmet	automated	spot	all-equity	5	5500	101866.53	0.00	14.68	70	True	Reputation collapse (< 15)
81	7aa77b90	1780978715	84189.61	mall	gourmet	automated	spot	all-equity	5	5500	81316.20	0.00	7.50	122	True	Reputation collapse (< 15)
82	7aa77b90	1780978716	101455.88	mall	gourmet	automated	spot	all-equity	5	5500	98140.13	0.00	14.52	98	True	Reputation collapse (< 15)
83	7aa77b90	1780978717	86182.49	mall	gourmet	automated	spot	all-equity	5	5500	82994.55	0.00	14.04	107	True	Reputation collapse (< 15)
84	7aa77b90	1780978718	85416.51	mall	gourmet	automated	spot	all-equity	5	5500	81022.58	0.00	14.50	168	True	Reputation collapse (< 15)
85	7aa77b90	1780978719	96138.21	mall	gourmet	automated	spot	all-equity	5	5500	93010.93	0.00	14.00	92	True	Reputation collapse (< 15)
86	7aa77b90	1780978720	79824.30	mall	gourmet	automated	spot	all-equity	5	5500	77150.69	0.00	13.00	92	True	Reputation collapse (< 15)
87	7aa77b90	1780978721	94021.09	mall	gourmet	automated	spot	all-equity	5	5500	91731.98	0.00	12.50	62	True	Reputation collapse (< 15)
88	7aa77b90	1780978722	97225.64	mall	gourmet	automated	spot	all-equity	5	5500	93904.12	0.00	14.16	104	True	Reputation collapse (< 15)
89	7aa77b90	1780978723	111204.60	mall	gourmet	automated	spot	all-equity	5	5500	107918.86	0.00	14.50	84	True	Reputation collapse (< 15)
90	7aa77b90	1780978724	112361.46	mall	gourmet	automated	spot	all-equity	5	5500	109091.04	0.00	14.00	84	True	Reputation collapse (< 15)
91	7aa77b90	1780978725	82955.46	mall	gourmet	automated	spot	all-equity	5	5500	78912.42	0.00	14.00	155	True	Reputation collapse (< 15)
92	7aa77b90	1780978726	92730.00	mall	gourmet	automated	spot	all-equity	5	5500	89973.80	0.00	14.50	71	True	Reputation collapse (< 15)
93	7aa77b90	1780978727	58117.16	mall	gourmet	automated	spot	all-equity	5	5500	55325.25	0.00	14.06	114	True	Reputation collapse (< 15)
94	7aa77b90	1780978728	110170.80	mall	gourmet	automated	spot	all-equity	5	5500	106852.52	0.00	14.00	91	True	Reputation collapse (< 15)
95	7aa77b90	1780978729	97716.39	mall	gourmet	automated	spot	all-equity	5	5500	94515.36	0.00	13.92	96	True	Reputation collapse (< 15)
96	7aa77b90	1780978730	126677.37	mall	gourmet	automated	spot	all-equity	5	5500	123029.04	0.00	14.58	90	True	Reputation collapse (< 15)
97	7aa77b90	1780978731	115919.30	mall	gourmet	automated	spot	all-equity	5	5500	110560.33	0.00	14.50	182	True	Reputation collapse (< 15)
98	7aa77b90	1780978732	95206.95	mall	gourmet	automated	spot	all-equity	5	5500	91985.85	0.00	14.78	102	True	Reputation collapse (< 15)
99	7aa77b90	1780978733	92040.53	mall	gourmet	automated	spot	all-equity	5	5500	88817.56	0.00	14.50	103	True	Reputation collapse (< 15)
100	7aa77b90	1780978734	117227.94	mall	gourmet	automated	spot	all-equity	5	5500	114134.64	0.00	14.74	70	True	Reputation collapse (< 15)
101	7aa77b90	1780978735	82274.79	mall	gourmet	automated	spot	all-equity	5	5500	78941.29	0.00	14.00	119	True	Reputation collapse (< 15)
102	7aa77b90	1780978736	115266.09	mall	gourmet	automated	spot	all-equity	5	5500	111118.57	0.00	14.50	126	True	Reputation collapse (< 15)
103	7aa77b90	1780978737	115265.74	mall	gourmet	automated	spot	all-equity	5	5500	112289.09	0.00	8.56	92	True	Reputation collapse (< 15)
104	7aa77b90	1780978738	99479.37	mall	gourmet	automated	spot	all-equity	5	5500	96077.41	0.00	14.50	104	True	Reputation collapse (< 15)
105	7aa77b90	1780978739	78736.03	mall	gourmet	automated	spot	all-equity	5	5500	74698.30	0.00	14.52	161	True	Reputation collapse (< 15)
106	7aa77b90	1780978740	102657.85	mall	gourmet	automated	spot	all-equity	5	5500	98632.45	0.00	14.74	133	True	Reputation collapse (< 15)
107	7aa77b90	1780978741	89296.09	mall	gourmet	automated	spot	all-equity	5	5500	86304.60	0.00	13.96	96	True	Reputation collapse (< 15)
108	7aa77b90	1780978742	76289.55	mall	gourmet	automated	spot	all-equity	5	5500	73056.92	0.00	14.50	115	True	Reputation collapse (< 15)
109	7aa77b90	1780978743	80003.26	mall	gourmet	automated	spot	all-equity	5	5500	76038.31	0.00	14.00	152	True	Reputation collapse (< 15)
110	7aa77b90	1780978744	120188.06	mall	gourmet	automated	spot	all-equity	5	5500	115522.94	0.00	14.50	148	True	Reputation collapse (< 15)
111	7aa77b90	1780978745	111829.99	mall	gourmet	automated	spot	all-equity	5	5500	109005.55	0.00	13.50	63	True	Reputation collapse (< 15)
112	7aa77b90	1780978746	90800.75	mall	gourmet	automated	spot	all-equity	5	5500	87698.67	0.00	14.00	97	True	Reputation collapse (< 15)
113	7aa77b90	1780978747	74264.47	mall	gourmet	automated	spot	all-equity	5	5500	70494.14	0.00	14.50	150	True	Reputation collapse (< 15)
114	7aa77b90	1780978748	105572.68	mall	gourmet	automated	spot	all-equity	5	5500	100518.31	0.00	14.98	182	True	Reputation collapse (< 15)
115	7aa77b90	1780978749	95166.78	mall	gourmet	automated	spot	all-equity	5	5500	91281.22	0.00	14.00	140	True	Reputation collapse (< 15)
116	7aa77b90	1780978750	122071.04	mall	gourmet	automated	spot	all-equity	5	5500	117666.71	0.00	14.50	133	True	Reputation collapse (< 15)
117	7aa77b90	1780978751	117217.76	mall	gourmet	automated	spot	all-equity	5	5500	113894.52	0.00	6.50	122	True	Reputation collapse (< 15)
118	7aa77b90	1780978752	121796.15	mall	gourmet	automated	spot	all-equity	5	5500	117442.78	0.00	14.88	128	True	Reputation collapse (< 15)
119	7aa77b90	1780978753	85041.81	mall	gourmet	automated	spot	all-equity	5	5500	81317.96	0.00	14.58	132	True	Reputation collapse (< 15)
120	7aa77b90	1780978754	103214.39	mall	gourmet	automated	spot	all-equity	5	5500	99270.14	0.00	14.82	126	True	Reputation collapse (< 15)
121	7aa77b90	1780978755	91852.75	mall	gourmet	automated	spot	all-equity	5	5500	88904.12	0.00	14.50	91	True	Reputation collapse (< 15)
122	7aa77b90	1780978756	131297.01	mall	gourmet	automated	spot	all-equity	5	5500	127012.46	0.00	14.00	118	True	Reputation collapse (< 15)
123	7aa77b90	1780978757	96587.35	mall	gourmet	automated	spot	all-equity	5	5500	93800.54	0.00	14.14	70	True	Reputation collapse (< 15)
124	7aa77b90	1780978758	93397.72	mall	gourmet	automated	spot	all-equity	5	5500	89424.52	0.00	14.50	142	True	Reputation collapse (< 15)
125	7aa77b90	1780978759	101057.79	mall	gourmet	automated	spot	all-equity	5	5500	98405.55	0.00	14.86	63	True	Reputation collapse (< 15)
126	7aa77b90	1780978760	108007.13	mall	gourmet	automated	spot	all-equity	5	5500	102903.84	0.00	14.00	188	True	Reputation collapse (< 15)
127	7aa77b90	1780978761	99561.65	mall	gourmet	automated	spot	all-equity	5	5500	95809.72	0.00	14.72	119	True	Reputation collapse (< 15)
128	7aa77b90	1780978762	110743.76	mall	gourmet	automated	spot	all-equity	5	5500	108019.09	0.00	12.96	62	True	Reputation collapse (< 15)
129	7aa77b90	1780978763	118570.83	mall	gourmet	automated	spot	all-equity	5	5500	114673.12	0.00	14.50	113	True	Reputation collapse (< 15)
130	7aa77b90	1780978764	105479.27	mall	gourmet	automated	spot	all-equity	5	5500	102401.23	0.00	14.52	78	True	Reputation collapse (< 15)
131	7aa77b90	1780978765	93123.62	mall	gourmet	automated	spot	all-equity	5	5500	89378.62	0.00	14.80	124	True	Reputation collapse (< 15)
132	7aa77b90	1780978766	96331.57	mall	gourmet	automated	spot	all-equity	5	5500	92944.84	0.00	14.72	105	True	Reputation collapse (< 15)
133	7aa77b90	1780978767	95316.75	mall	gourmet	automated	spot	all-equity	5	5500	92107.44	0.00	14.50	98	True	Reputation collapse (< 15)
134	7aa77b90	1780978768	108202.66	mall	gourmet	automated	spot	all-equity	5	5500	104376.95	0.00	14.88	119	True	Reputation collapse (< 15)
135	7aa77b90	1780978769	89428.65	mall	gourmet	automated	spot	all-equity	5	5500	86343.45	0.00	14.50	97	True	Reputation collapse (< 15)
136	7aa77b90	1780978770	107913.26	mall	gourmet	automated	spot	all-equity	5	5500	104646.87	0.00	13.00	92	True	Reputation collapse (< 15)
137	7aa77b90	1780978771	109781.85	mall	gourmet	automated	spot	all-equity	5	5500	106080.32	0.00	13.50	110	True	Reputation collapse (< 15)
138	7aa77b90	1780978772	115443.41	mall	gourmet	automated	spot	all-equity	5	5500	112190.58	0.00	5.68	122	True	Reputation collapse (< 15)
139	7aa77b90	1780978773	111168.60	mall	gourmet	automated	spot	all-equity	5	5500	107055.28	0.00	14.82	126	True	Reputation collapse (< 15)
140	7aa77b90	1780978774	99650.07	mall	gourmet	automated	spot	all-equity	5	5500	95069.04	0.00	14.50	161	True	Reputation collapse (< 15)
141	7aa77b90	1780978775	145186.57	mall	gourmet	automated	spot	all-equity	5	5500	139945.27	0.00	14.50	154	True	Reputation collapse (< 15)
142	7aa77b90	1780978776	109606.92	mall	gourmet	automated	spot	all-equity	5	5500	106916.34	0.00	13.08	62	True	Reputation collapse (< 15)
143	7aa77b90	1780978777	119301.20	mall	gourmet	automated	spot	all-equity	5	5500	114978.78	0.00	14.50	131	True	Reputation collapse (< 15)
144	7aa77b90	1780978778	110225.74	mall	gourmet	automated	spot	all-equity	5	5500	107225.59	0.00	9.90	92	True	Reputation collapse (< 15)
145	7aa77b90	1780978779	115174.58	mall	gourmet	automated	spot	all-equity	5	5500	111262.60	0.00	14.66	110	True	Reputation collapse (< 15)
146	7aa77b90	1780978780	103971.05	mall	gourmet	automated	spot	all-equity	5	5500	100192.14	0.00	13.50	122	True	Reputation collapse (< 15)
147	7aa77b90	1780978781	103243.97	mall	gourmet	automated	spot	all-equity	5	5500	99597.05	0.00	14.50	105	True	Reputation collapse (< 15)
148	7aa77b90	1780978782	78982.82	mall	gourmet	automated	spot	all-equity	5	5500	75303.14	0.00	14.50	140	True	Reputation collapse (< 15)
149	7aa77b90	1780978783	136328.85	mall	gourmet	automated	spot	all-equity	5	5500	131835.69	0.00	14.70	119	True	Reputation collapse (< 15)
150	7aa77b90	1780978784	107837.71	mall	gourmet	automated	spot	all-equity	5	5500	103400.89	0.00	14.42	147	True	Reputation collapse (< 15)
151	7aa77b90	1780978785	86894.08	mall	gourmet	automated	spot	all-equity	5	5500	83394.94	0.00	14.00	126	True	Reputation collapse (< 15)
152	7aa77b90	1780978786	120637.43	mall	gourmet	automated	spot	all-equity	5	5500	116677.41	0.00	14.50	108	True	Reputation collapse (< 15)
153	7aa77b90	1780978787	82949.00	mall	gourmet	automated	spot	all-equity	5	5500	79528.65	0.00	13.62	125	True	Reputation collapse (< 15)
154	7aa77b90	1780978788	88075.45	mall	gourmet	automated	spot	all-equity	5	5500	84597.73	0.00	14.50	120	True	Reputation collapse (< 15)
155	7aa77b90	1780978789	103028.50	mall	gourmet	automated	spot	all-equity	5	5500	100649.60	0.00	5.00	92	True	Reputation collapse (< 15)
156	7aa77b90	1780978790	87708.41	mall	gourmet	automated	spot	all-equity	5	5500	84442.18	0.00	14.50	111	True	Reputation collapse (< 15)
157	7aa77b90	1780978791	113729.12	mall	gourmet	automated	spot	all-equity	5	5500	108986.32	0.00	14.50	161	True	Reputation collapse (< 15)
158	7aa77b90	1780978792	95554.79	mall	gourmet	automated	spot	all-equity	5	5500	92346.47	0.00	14.50	100	True	Reputation collapse (< 15)
159	7aa77b90	1780978793	99203.58	mall	gourmet	automated	spot	all-equity	5	5500	95050.74	0.00	12.50	152	True	Reputation collapse (< 15)
160	7aa77b90	1780978794	69838.53	mall	gourmet	automated	spot	all-equity	5	5500	66465.70	0.00	14.00	133	True	Reputation collapse (< 15)
161	7aa77b90	1780978795	91449.19	mall	gourmet	automated	spot	all-equity	5	5500	88501.05	0.00	14.20	90	True	Reputation collapse (< 15)
162	7aa77b90	1780978796	86557.82	mall	gourmet	automated	spot	all-equity	5	5500	83467.80	0.00	14.58	98	True	Reputation collapse (< 15)
163	7aa77b90	1780978797	100511.95	mall	gourmet	automated	spot	all-equity	5	5500	97434.58	0.00	13.72	91	True	Reputation collapse (< 15)
164	7aa77b90	1780978798	93953.40	mall	gourmet	automated	spot	all-equity	5	5500	90820.63	0.00	14.40	92	True	Reputation collapse (< 15)
165	7aa77b90	1780978799	103390.30	mall	gourmet	automated	spot	all-equity	5	5500	100015.65	0.00	14.92	97	True	Reputation collapse (< 15)
166	7aa77b90	1780978800	118510.89	mall	gourmet	automated	spot	all-equity	5	5500	114473.79	0.00	14.50	118	True	Reputation collapse (< 15)
167	7aa77b90	1780978801	92732.65	mall	gourmet	automated	spot	all-equity	5	5500	88846.62	0.00	14.00	140	True	Reputation collapse (< 15)
168	7aa77b90	1780978802	90935.76	mall	gourmet	automated	spot	all-equity	5	5500	88624.45	0.00	7.08	92	True	Reputation collapse (< 15)
169	7aa77b90	1780978803	95942.48	mall	gourmet	automated	spot	all-equity	5	5500	92400.35	0.00	14.18	113	True	Reputation collapse (< 15)
170	7aa77b90	1780978804	95327.03	mall	gourmet	automated	spot	all-equity	5	5500	92580.06	0.00	10.26	92	True	Reputation collapse (< 15)
171	7aa77b90	1780978805	94920.38	mall	gourmet	automated	spot	all-equity	5	5500	91162.67	0.00	14.00	126	True	Reputation collapse (< 15)
172	7aa77b90	1780978806	102471.71	mall	gourmet	automated	spot	all-equity	5	5500	98741.95	0.00	14.98	112	True	Reputation collapse (< 15)
173	7aa77b90	1780978807	103059.73	mall	gourmet	automated	spot	all-equity	5	5500	99554.82	0.00	14.74	105	True	Reputation collapse (< 15)
174	7aa77b90	1780978808	136483.37	mall	gourmet	automated	spot	all-equity	5	5500	130744.65	0.00	14.50	182	True	Reputation collapse (< 15)
175	7aa77b90	1780978809	84237.73	mall	gourmet	automated	spot	all-equity	5	5500	80295.03	0.00	14.76	148	True	Reputation collapse (< 15)
176	7aa77b90	1780978810	116377.48	mall	gourmet	automated	spot	all-equity	5	5500	112071.77	0.00	14.50	133	True	Reputation collapse (< 15)
177	7aa77b90	1780978811	112575.26	mall	gourmet	automated	spot	all-equity	5	5500	109746.58	0.00	14.10	64	True	Reputation collapse (< 15)
178	7aa77b90	1780978812	89804.36	mall	gourmet	automated	spot	all-equity	5	5500	86697.01	0.00	13.78	102	True	Reputation collapse (< 15)
179	7aa77b90	1780978813	90198.22	mall	gourmet	automated	spot	all-equity	5	5500	87037.00	0.00	9.50	122	True	Reputation collapse (< 15)
180	7aa77b90	1780978814	82635.81	mall	gourmet	automated	spot	all-equity	5	5500	78628.81	0.00	14.98	148	True	Reputation collapse (< 15)
181	7aa77b90	1780978815	94785.38	mall	gourmet	automated	spot	all-equity	5	5500	91275.87	0.00	14.50	113	True	Reputation collapse (< 15)
182	7aa77b90	1780978816	107786.07	mall	gourmet	automated	spot	all-equity	5	5500	103913.00	0.00	14.50	119	True	Reputation collapse (< 15)
183	7aa77b90	1780978817	122386.44	mall	gourmet	automated	spot	all-equity	5	5500	118028.58	0.00	14.50	133	True	Reputation collapse (< 15)
184	7aa77b90	1780978818	103105.58	mall	gourmet	automated	spot	all-equity	5	5500	100603.53	0.00	12.56	62	True	Reputation collapse (< 15)
185	7aa77b90	1780978819	113129.85	mall	gourmet	automated	spot	all-equity	5	5500	109262.68	0.00	14.52	112	True	Reputation collapse (< 15)
186	7aa77b90	1780978820	102075.13	mall	gourmet	automated	spot	all-equity	5	5500	99767.86	0.00	13.00	50	True	Reputation collapse (< 15)
187	7aa77b90	1780978821	92087.48	mall	gourmet	automated	spot	all-equity	5	5500	88616.95	0.00	14.00	118	True	Reputation collapse (< 15)
188	7aa77b90	1780978822	95257.64	mall	gourmet	automated	spot	all-equity	5	5500	91765.86	0.00	14.00	112	True	Reputation collapse (< 15)
189	7aa77b90	1780978823	79211.56	mall	gourmet	automated	spot	all-equity	5	5500	75775.84	0.00	14.70	125	True	Reputation collapse (< 15)
190	7aa77b90	1780978824	94557.30	mall	gourmet	automated	spot	all-equity	5	5500	91186.10	0.00	14.00	113	True	Reputation collapse (< 15)
191	7aa77b90	1780978825	105577.27	mall	gourmet	automated	spot	all-equity	5	5500	102412.77	0.00	12.50	92	True	Reputation collapse (< 15)
192	7aa77b90	1780978826	75606.47	mall	gourmet	automated	spot	all-equity	5	5500	72610.30	0.00	14.50	111	True	Reputation collapse (< 15)
193	7aa77b90	1780978827	107612.76	mall	gourmet	automated	spot	all-equity	5	5500	104418.30	0.00	13.22	92	True	Reputation collapse (< 15)
194	7aa77b90	1780978828	87554.55	mall	gourmet	automated	spot	all-equity	5	5500	84197.18	0.00	12.00	122	True	Reputation collapse (< 15)
195	7aa77b90	1780978829	88038.80	mall	gourmet	automated	spot	all-equity	5	5500	83269.69	0.00	14.50	189	True	Reputation collapse (< 15)
196	7aa77b90	1780978830	89457.48	mall	gourmet	automated	spot	all-equity	5	5500	85588.75	0.00	14.50	141	True	Reputation collapse (< 15)
197	7aa77b90	1780978831	94214.98	mall	gourmet	automated	spot	all-equity	5	5500	91946.91	0.00	14.52	50	True	Reputation collapse (< 15)
198	7aa77b90	1780978832	107584.96	mall	gourmet	automated	spot	all-equity	5	5500	104119.32	0.00	14.50	98	True	Reputation collapse (< 15)
199	7aa77b90	1780978833	124164.18	mall	gourmet	automated	spot	all-equity	5	5500	120559.99	0.00	13.00	92	True	Reputation collapse (< 15)
0	e2e0f83a	1780978642	-151042.48	office	gourmet	manual	direct	max-debt	5	10000	-19912.88	136600.00	54.50	2	True	Bankruptcy: deeply negative cash
1	e2e0f83a	1780978643	-152660.95	office	gourmet	manual	spot	max-debt	5	10000	-20877.88	136600.00	48.00	2	True	Bankruptcy: deeply negative cash
2	e2e0f83a	1780978644	-117306.31	mall	sweet	manual	coop	leveraged	5	10000	-7785.82	114200.00	38.50	35	True	Bankruptcy: deeply negative cash
3	e2e0f83a	1780978645	-175882.12	university	sweet	automated	coop	max-debt	5	10000	-44902.55	136600.00	56.00	2	True	Bankruptcy: deeply negative cash
4	e2e0f83a	1780978646	-70789.16	office	everyday	manual	coop	balanced	5	10000	-8714.28	67800.00	47.00	108	True	Bankruptcy: deeply negative cash
5	e2e0f83a	1780978647	13.57	office	sweet	specialized	coop	all-equity	5	10000	-5337.22	0.00	17.00	288	True	Bankruptcy: deeply negative cash
6	e2e0f83a	1780978648	-149477.44	mall	gourmet	manual	direct	max-debt	5	10000	-17297.60	136600.00	44.00	2	True	Bankruptcy: deeply negative cash
7	e2e0f83a	1780978649	46176.30	mall	everyday	specialized	coop	all-equity	5	10000	43443.25	0.00	12.50	122	True	Reputation collapse (< 15)
8	e2e0f83a	1780978650	-129182.99	office	speed	specialized	coop	leveraged	5	10000	-17044.76	117100.00	49.50	2	True	Bankruptcy: deeply negative cash
9	e2e0f83a	1780978651	-152255.78	suburban	everyday	manual	spot	max-debt	5	10000	-20469.24	136600.00	48.00	2	True	Bankruptcy: deeply negative cash
10	e2e0f83a	1780978652	-171160.04	urban	gourmet	specialized	monthly	max-debt	5	10000	-39631.53	136600.00	50.50	2	True	Bankruptcy: deeply negative cash
11	e2e0f83a	1780978653	-168695.52	office	everyday	specialized	direct	max-debt	5	10000	-37362.39	136600.00	52.50	2	True	Bankruptcy: deeply negative cash
12	e2e0f83a	1780978654	-69278.82	suburban	gourmet	automated	spot	balanced	5	10000	-7468.89	69600.00	67.00	62	True	Bankruptcy: deeply negative cash
13	e2e0f83a	1780978655	-167500.70	university	speed	specialized	spot	max-debt	5	10000	-35814.52	136600.00	49.00	2	True	Bankruptcy: deeply negative cash
14	e2e0f83a	1780978656	-2314.85	urban	sweet	specialized	monthly	all-equity	5	10000	-7912.20	0.00	18.60	255	True	Bankruptcy: deeply negative cash
15	e2e0f83a	1780978657	-177807.49	suburban	gourmet	automated	direct	max-debt	5	10000	-47019.58	136600.00	58.00	2	True	Bankruptcy: deeply negative cash
16	e2e0f83a	1780978658	-179714.83	urban	everyday	automated	direct	max-debt	5	10000	-48983.47	136600.00	58.50	2	True	Bankruptcy: deeply negative cash
17	e2e0f83a	1780978659	-120814.60	suburban	everyday	manual	spot	leveraged	5	10000	-9010.58	117100.00	51.50	14	True	Bankruptcy: deeply negative cash
18	e2e0f83a	1780978660	57589.96	university	everyday	automated	direct	all-equity	5	10000	54420.91	0.00	14.38	135	True	Reputation collapse (< 15)
19	e2e0f83a	1780978661	48914.66	urban	gourmet	specialized	coop	all-equity	5	10000	43916.23	0.00	14.00	220	True	Reputation collapse (< 15)
20	e2e0f83a	1780978662	-67260.32	university	sweet	specialized	direct	balanced	5	10000	-5181.30	66000.00	17.50	139	True	Bankruptcy: deeply negative cash
21	e2e0f83a	1780978663	90652.00	university	gourmet	manual	spot	all-equity	5	10000	87101.94	0.00	5.50	182	True	Reputation collapse (< 15)
22	e2e0f83a	1780978664	-64901.85	suburban	sweet	automated	direct	balanced	5	10000	-5236.85	67800.00	65.00	99	True	Bankruptcy: deeply negative cash
23	e2e0f83a	1780978665	-1366.78	urban	sweet	automated	direct	all-equity	5	10000	-6629.79	0.00	22.50	212	True	Bankruptcy: deeply negative cash
24	e2e0f83a	1780978666	-117895.35	urban	everyday	manual	monthly	leveraged	5	10000	-6111.94	117100.00	51.00	13	True	Bankruptcy: deeply negative cash
25	e2e0f83a	1780978667	-171418.62	urban	gourmet	specialized	spot	max-debt	5	10000	-39738.15	136600.00	49.00	2	True	Bankruptcy: deeply negative cash
26	e2e0f83a	1780978668	-117205.10	office	everyday	manual	monthly	leveraged	5	10000	-5645.04	117100.00	53.50	15	True	Bankruptcy: deeply negative cash
27	e2e0f83a	1780978669	-71371.73	urban	everyday	manual	monthly	balanced	5	10000	-11446.86	66000.00	42.50	122	True	Bankruptcy: deeply negative cash
28	e2e0f83a	1780978670	-167993.71	suburban	sweet	specialized	direct	max-debt	5	10000	-36607.67	136600.00	52.00	2	True	Bankruptcy: deeply negative cash
29	e2e0f83a	1780978671	31181.99	university	everyday	manual	spot	all-equity	5	10000	27368.76	0.00	14.00	219	True	Reputation collapse (< 15)
30	e2e0f83a	1780978672	-117801.00	university	everyday	manual	coop	leveraged	5	10000	-8478.14	114200.00	44.50	32	True	Bankruptcy: deeply negative cash
31	e2e0f83a	1780978673	32615.82	mall	everyday	automated	monthly	all-equity	5	10000	28250.03	0.00	13.50	182	True	Reputation collapse (< 15)
32	e2e0f83a	1780978674	6702.96	suburban	gourmet	specialized	monthly	all-equity	5	10000	-8130.74	0.00	82.50	352	True	Bankruptcy: deeply negative cash
33	e2e0f83a	1780978675	-70185.63	urban	sweet	manual	monthly	balanced	5	10000	-8418.23	66000.00	22.00	122	True	Bankruptcy: deeply negative cash
34	e2e0f83a	1780978676	-118962.51	suburban	everyday	manual	coop	leveraged	5	10000	-10567.94	114200.00	53.50	32	True	Bankruptcy: deeply negative cash
35	e2e0f83a	1780978677	1837.76	urban	sweet	automated	direct	all-equity	5	10000	-5824.02	0.00	46.00	212	True	Bankruptcy: deeply negative cash
36	e2e0f83a	1780978678	-68907.92	mall	speed	manual	monthly	balanced	5	10000	-7115.44	66000.00	20.00	129	True	Bankruptcy: deeply negative cash
37	e2e0f83a	1780978679	-67289.43	suburban	speed	automated	monthly	balanced	5	10000	-5121.34	69600.00	63.00	78	True	Bankruptcy: deeply negative cash
38	e2e0f83a	1780978680	31545.41	urban	sweet	specialized	monthly	all-equity	5	10000	27513.28	0.00	13.50	182	True	Reputation collapse (< 15)
39	e2e0f83a	1780978681	-72679.84	mall	everyday	specialized	spot	balanced	5	10000	-5376.18	71400.00	35.50	45	True	Bankruptcy: deeply negative cash
40	e2e0f83a	1780978682	5861.88	university	sweet	manual	spot	all-equity	5	10000	2055.35	0.00	12.50	242	True	Reputation collapse (< 15)
41	e2e0f83a	1780978683	-126833.22	mall	sweet	specialized	monthly	leveraged	5	10000	-14752.65	117100.00	50.00	2	True	Bankruptcy: deeply negative cash
42	e2e0f83a	1780978684	-126511.54	university	everyday	specialized	direct	leveraged	5	10000	-14623.37	117100.00	52.00	2	True	Bankruptcy: deeply negative cash
43	e2e0f83a	1780978685	-167166.67	mall	sweet	specialized	spot	max-debt	5	10000	-35185.80	136600.00	46.00	2	True	Bankruptcy: deeply negative cash
44	e2e0f83a	1780978686	-138554.23	office	sweet	automated	coop	leveraged	5	10000	-26722.09	117100.00	52.50	2	True	Bankruptcy: deeply negative cash
45	e2e0f83a	1780978687	-176627.87	university	gourmet	automated	monthly	max-debt	5	10000	-45343.84	136600.00	53.00	2	True	Bankruptcy: deeply negative cash
46	e2e0f83a	1780978688	4665.91	suburban	gourmet	specialized	coop	all-equity	5	10000	-5010.78	0.00	61.22	253	True	Bankruptcy: deeply negative cash
47	e2e0f83a	1780978689	-166992.73	university	gourmet	specialized	coop	max-debt	5	10000	-35060.37	136600.00	46.50	2	True	Bankruptcy: deeply negative cash
48	e2e0f83a	1780978690	-72224.90	suburban	everyday	automated	spot	balanced	5	10000	-6236.33	71400.00	47.88	58	True	Bankruptcy: deeply negative cash
49	e2e0f83a	1780978691	-60578.51	suburban	sweet	specialized	monthly	balanced	5	10000	-5493.24	64200.00	60.50	157	True	Bankruptcy: deeply negative cash
50	e2e0f83a	1780978692	-149591.65	university	sweet	manual	coop	max-debt	5	10000	-18157.35	136600.00	51.50	2	True	Bankruptcy: deeply negative cash
51	e2e0f83a	1780978693	3657.42	suburban	sweet	specialized	spot	all-equity	5	10000	-9960.03	0.00	78.50	325	True	Bankruptcy: deeply negative cash
52	e2e0f83a	1780978694	29439.64	urban	everyday	manual	coop	all-equity	5	10000	24700.84	0.00	14.00	257	True	Reputation collapse (< 15)
53	e2e0f83a	1780978695	-69723.78	urban	everyday	specialized	spot	balanced	5	10000	-5309.91	69600.00	40.00	85	True	Bankruptcy: deeply negative cash
54	e2e0f83a	1780978696	-117245.73	university	everyday	manual	coop	leveraged	5	10000	-5073.65	117100.00	46.50	25	True	Bankruptcy: deeply negative cash
55	e2e0f83a	1780978697	5229.40	university	gourmet	automated	monthly	all-equity	5	10000	-1168.14	0.00	14.50	324	True	Reputation collapse (< 15)
56	e2e0f83a	1780978698	-154647.68	urban	speed	manual	monthly	max-debt	5	10000	-22268.61	136600.00	42.00	2	True	Bankruptcy: deeply negative cash
57	e2e0f83a	1780978699	38789.33	suburban	sweet	automated	coop	all-equity	5	10000	23996.23	0.00	74.50	361	True	Completed 360 days
58	e2e0f83a	1780978700	-1211.50	university	everyday	automated	spot	all-equity	5	10000	-5106.97	0.00	18.52	204	True	Bankruptcy: deeply negative cash
59	e2e0f83a	1780978701	96603.71	mall	gourmet	automated	monthly	all-equity	5	10000	92030.72	0.00	14.50	147	True	Reputation collapse (< 15)
60	e2e0f83a	1780978702	96986.82	mall	gourmet	automated	coop	all-equity	5	10000	90783.36	0.00	14.00	200	True	Reputation collapse (< 15)
61	e2e0f83a	1780978703	-151113.30	office	gourmet	manual	direct	max-debt	5	10000	-19982.31	136600.00	54.50	2	True	Bankruptcy: deeply negative cash
62	e2e0f83a	1780978704	-128704.80	suburban	everyday	specialized	coop	leveraged	5	10000	-16618.73	117100.00	50.00	2	True	Bankruptcy: deeply negative cash
63	e2e0f83a	1780978705	768.78	university	gourmet	automated	direct	all-equity	5	10000	-5100.34	0.00	27.50	245	True	Bankruptcy: deeply negative cash
64	e2e0f83a	1780978706	-179964.56	urban	gourmet	automated	coop	max-debt	5	10000	-48987.12	136600.00	56.00	2	True	Bankruptcy: deeply negative cash
65	e2e0f83a	1780978707	-149871.10	mall	gourmet	manual	direct	max-debt	5	10000	-17684.26	136600.00	44.00	2	True	Bankruptcy: deeply negative cash
66	e2e0f83a	1780978708	-136753.79	mall	everyday	automated	spot	leveraged	5	10000	-25170.76	117100.00	55.00	2	True	Bankruptcy: deeply negative cash
67	e2e0f83a	1780978709	-118859.19	office	sweet	manual	spot	leveraged	5	10000	-6768.22	117100.00	48.00	17	True	Bankruptcy: deeply negative cash
68	e2e0f83a	1780978710	-171630.86	urban	sweet	specialized	spot	max-debt	5	10000	-39946.23	136600.00	49.00	2	True	Bankruptcy: deeply negative cash
69	e2e0f83a	1780978711	-149071.80	mall	everyday	manual	direct	max-debt	5	10000	-17886.20	136600.00	54.00	2	True	Bankruptcy: deeply negative cash
70	e2e0f83a	1780978712	-153693.25	urban	everyday	manual	direct	max-debt	5	10000	-22207.40	136600.00	51.00	2	True	Bankruptcy: deeply negative cash
71	e2e0f83a	1780978713	-129268.47	office	gourmet	specialized	spot	leveraged	5	10000	-17139.79	117100.00	49.50	2	True	Bankruptcy: deeply negative cash
72	e2e0f83a	1780978714	-131974.41	urban	sweet	specialized	monthly	leveraged	5	10000	-18941.69	117100.00	40.50	2	True	Bankruptcy: deeply negative cash
73	e2e0f83a	1780978715	-66516.73	urban	sweet	specialized	spot	balanced	5	10000	-5013.99	67800.00	44.00	106	True	Bankruptcy: deeply negative cash
74	e2e0f83a	1780978716	-128756.47	suburban	sweet	specialized	coop	leveraged	5	10000	-16320.90	117100.00	46.50	2	True	Bankruptcy: deeply negative cash
75	e2e0f83a	1780978717	9471.88	suburban	everyday	manual	direct	all-equity	5	10000	2533.28	0.00	24.68	361	True	Completed 360 days
76	e2e0f83a	1780978718	-117519.58	suburban	everyday	manual	spot	leveraged	5	10000	-5764.74	117100.00	51.50	14	True	Bankruptcy: deeply negative cash
77	e2e0f83a	1780978719	1218.84	urban	speed	manual	direct	all-equity	5	10000	-5150.42	0.00	24.00	273	True	Bankruptcy: deeply negative cash
78	e2e0f83a	1780978720	-169401.84	suburban	gourmet	specialized	spot	max-debt	5	10000	-37416.35	136600.00	46.00	2	True	Bankruptcy: deeply negative cash
79	e2e0f83a	1780978721	-172706.53	urban	everyday	specialized	spot	max-debt	5	10000	-40020.96	136600.00	39.00	2	True	Bankruptcy: deeply negative cash
80	e2e0f83a	1780978722	-71058.52	university	everyday	specialized	direct	balanced	5	10000	-7922.21	67800.00	36.00	92	True	Bankruptcy: deeply negative cash
81	e2e0f83a	1780978723	-70923.14	urban	gourmet	specialized	direct	balanced	5	10000	-5089.01	69600.00	27.00	83	True	Bankruptcy: deeply negative cash
82	e2e0f83a	1780978724	-166210.67	university	speed	specialized	direct	max-debt	5	10000	-34828.22	136600.00	52.00	2	True	Bankruptcy: deeply negative cash
83	e2e0f83a	1780978725	-171465.42	urban	everyday	specialized	spot	max-debt	5	10000	-39833.59	136600.00	49.50	2	True	Bankruptcy: deeply negative cash
84	e2e0f83a	1780978726	-152071.63	suburban	gourmet	manual	coop	max-debt	5	10000	-19687.99	136600.00	42.00	2	True	Bankruptcy: deeply negative cash
85	e2e0f83a	1780978727	-2403.45	urban	speed	automated	coop	all-equity	5	10000	-6434.96	0.00	5.92	242	True	Reputation collapse (< 15)
86	e2e0f83a	1780978728	-178474.40	suburban	everyday	automated	spot	max-debt	5	10000	-47438.12	136600.00	55.50	2	True	Bankruptcy: deeply negative cash
87	e2e0f83a	1780978729	-152036.42	suburban	speed	manual	spot	max-debt	5	10000	-20547.94	136600.00	51.00	2	True	Bankruptcy: deeply negative cash
88	e2e0f83a	1780978730	-117287.17	university	sweet	manual	spot	leveraged	5	10000	-5176.59	117100.00	47.00	22	True	Bankruptcy: deeply negative cash
89	e2e0f83a	1780978731	-68725.67	office	sweet	specialized	direct	balanced	5	10000	-5076.32	69600.00	50.50	83	True	Bankruptcy: deeply negative cash
90	e2e0f83a	1780978732	-168517.03	suburban	everyday	specialized	coop	max-debt	5	10000	-36879.56	136600.00	49.50	2	True	Bankruptcy: deeply negative cash
91	e2e0f83a	1780978733	5405.75	suburban	speed	manual	direct	all-equity	5	10000	-5310.54	0.00	80.50	222	True	Bankruptcy: deeply negative cash
92	e2e0f83a	1780978734	-179100.78	office	everyday	automated	spot	max-debt	5	10000	-48064.33	136600.00	55.50	2	True	Bankruptcy: deeply negative cash
93	e2e0f83a	1780978735	73195.65	mall	sweet	specialized	monthly	all-equity	5	10000	66683.29	0.00	14.50	246	True	Reputation collapse (< 15)
94	e2e0f83a	1780978736	-72758.60	mall	everyday	automated	coop	balanced	5	10000	-5995.48	69600.00	20.00	62	True	Bankruptcy: deeply negative cash
95	e2e0f83a	1780978737	-27822.18	mall	gourmet	manual	monthly	balanced	5	10000	36723.75	67800.00	12.00	92	True	Reputation collapse (< 15)
96	e2e0f83a	1780978738	-167097.02	university	speed	specialized	monthly	max-debt	5	10000	-35515.20	136600.00	50.00	2	True	Bankruptcy: deeply negative cash
97	e2e0f83a	1780978739	-136327.19	university	sweet	automated	coop	leveraged	5	10000	-24795.75	117100.00	55.50	2	True	Bankruptcy: deeply negative cash
98	e2e0f83a	1780978740	-166669.16	university	speed	specialized	direct	max-debt	5	10000	-35278.26	136600.00	52.00	2	True	Bankruptcy: deeply negative cash
99	e2e0f83a	1780978741	-168190.60	suburban	everyday	specialized	direct	max-debt	5	10000	-36800.89	136600.00	52.00	2	True	Bankruptcy: deeply negative cash
100	e2e0f83a	1780978742	1913.37	office	everyday	automated	direct	all-equity	5	10000	-7321.20	0.00	55.50	269	True	Bankruptcy: deeply negative cash
101	e2e0f83a	1780978743	-119975.53	urban	everyday	manual	monthly	leveraged	5	10000	-8094.74	117100.00	50.50	13	True	Bankruptcy: deeply negative cash
102	e2e0f83a	1780978744	-138953.46	office	sweet	automated	spot	leveraged	5	10000	-27572.67	117100.00	57.00	2	True	Bankruptcy: deeply negative cash
103	e2e0f83a	1780978745	-126908.10	university	speed	specialized	coop	leveraged	5	10000	-14771.51	117100.00	49.50	2	True	Bankruptcy: deeply negative cash
104	e2e0f83a	1780978746	104103.99	mall	gourmet	manual	direct	all-equity	5	10000	99672.45	0.00	14.00	153	True	Reputation collapse (< 15)
105	e2e0f83a	1780978747	-128731.14	suburban	gourmet	specialized	coop	leveraged	5	10000	-16595.89	117100.00	49.50	2	True	Bankruptcy: deeply negative cash
106	e2e0f83a	1780978748	1226.12	office	everyday	manual	direct	all-equity	5	10000	-5362.99	0.00	32.50	281	True	Bankruptcy: deeply negative cash
107	e2e0f83a	1780978749	-32011.19	mall	sweet	manual	spot	balanced	5	10000	30345.42	66000.00	9.62	122	True	Reputation collapse (< 15)
108	e2e0f83a	1780978750	-138205.61	suburban	sweet	automated	coop	leveraged	5	10000	-26718.09	117100.00	56.00	2	True	Bankruptcy: deeply negative cash
109	e2e0f83a	1780978751	1254.61	office	speed	automated	direct	all-equity	5	10000	-7822.97	0.00	56.50	242	True	Bankruptcy: deeply negative cash
110	e2e0f83a	1780978752	113461.30	suburban	gourmet	manual	direct	all-equity	5	10000	97573.06	0.00	75.50	361	True	Completed 360 days
111	e2e0f83a	1780978753	48220.37	urban	gourmet	manual	direct	all-equity	5	10000	40436.65	0.00	14.50	340	True	Reputation collapse (< 15)
112	e2e0f83a	1780978754	-169812.59	office	everyday	specialized	spot	max-debt	5	10000	-38130.64	136600.00	49.00	2	True	Bankruptcy: deeply negative cash
113	e2e0f83a	1780978755	8807.97	urban	speed	manual	monthly	all-equity	5	10000	5824.80	0.00	6.00	212	True	Reputation collapse (< 15)
114	e2e0f83a	1780978756	-178500.39	suburban	speed	automated	spot	max-debt	5	10000	-47414.76	136600.00	55.00	2	True	Bankruptcy: deeply negative cash
115	e2e0f83a	1780978757	-2222.20	office	everyday	automated	spot	all-equity	5	10000	-8076.70	0.00	39.88	182	True	Bankruptcy: deeply negative cash
116	e2e0f83a	1780978758	-141149.13	urban	speed	automated	spot	leveraged	5	10000	-29617.44	117100.00	55.50	2	True	Bankruptcy: deeply negative cash
117	e2e0f83a	1780978759	-136453.34	mall	speed	automated	coop	leveraged	5	10000	-23925.49	117100.00	45.50	2	True	Bankruptcy: deeply negative cash
118	e2e0f83a	1780978760	-140802.36	urban	speed	automated	spot	leveraged	5	10000	-29271.41	117100.00	55.50	2	True	Bankruptcy: deeply negative cash
119	e2e0f83a	1780978761	-135817.84	mall	sweet	automated	coop	leveraged	5	10000	-24288.38	117100.00	55.50	2	True	Bankruptcy: deeply negative cash
120	e2e0f83a	1780978762	-1228.66	university	sweet	specialized	spot	all-equity	5	10000	-5354.17	0.00	19.00	199	True	Bankruptcy: deeply negative cash
121	e2e0f83a	1780978763	59086.65	mall	gourmet	specialized	spot	all-equity	5	10000	54516.52	0.00	14.68	169	True	Reputation collapse (< 15)
122	e2e0f83a	1780978764	-168527.11	suburban	speed	specialized	coop	max-debt	5	10000	-36889.79	136600.00	49.50	2	True	Bankruptcy: deeply negative cash
123	e2e0f83a	1780978765	-1853.17	office	sweet	manual	direct	all-equity	5	10000	-9606.46	0.00	31.50	343	True	Bankruptcy: deeply negative cash
124	e2e0f83a	1780978766	-69498.97	urban	gourmet	manual	spot	balanced	5	10000	-8575.25	66000.00	31.50	122	True	Bankruptcy: deeply negative cash
125	e2e0f83a	1780978767	99141.12	mall	everyday	manual	spot	all-equity	5	10000	95477.66	0.00	14.66	119	True	Reputation collapse (< 15)
126	e2e0f83a	1780978768	-71788.71	mall	everyday	specialized	spot	balanced	5	10000	-5132.54	69600.00	18.00	76	True	Bankruptcy: deeply negative cash
127	e2e0f83a	1780978769	-138737.76	office	everyday	automated	monthly	leveraged	5	10000	-27303.98	117100.00	56.50	2	True	Bankruptcy: deeply negative cash
128	e2e0f83a	1780978770	-138457.37	suburban	everyday	automated	monthly	leveraged	5	10000	-27019.28	117100.00	56.50	2	True	Bankruptcy: deeply negative cash
129	e2e0f83a	1780978771	-67450.71	university	gourmet	automated	direct	balanced	5	10000	-7204.54	66000.00	33.00	123	True	Bankruptcy: deeply negative cash
130	e2e0f83a	1780978772	-72691.97	urban	gourmet	specialized	coop	balanced	5	10000	-7593.79	69600.00	32.00	88	True	Bankruptcy: deeply negative cash
131	e2e0f83a	1780978773	1812.63	office	everyday	automated	coop	all-equity	5	10000	-5551.55	0.00	50.00	204	True	Bankruptcy: deeply negative cash
132	e2e0f83a	1780978774	-71270.75	office	speed	specialized	monthly	balanced	5	10000	-6490.52	69600.00	41.50	62	True	Bankruptcy: deeply negative cash
133	e2e0f83a	1780978775	-166794.83	university	everyday	specialized	coop	max-debt	5	10000	-35160.47	136600.00	49.50	2	True	Bankruptcy: deeply negative cash
134	e2e0f83a	1780978776	-168003.80	suburban	gourmet	specialized	direct	max-debt	5	10000	-36617.57	136600.00	52.00	2	True	Bankruptcy: deeply negative cash
135	e2e0f83a	1780978777	89530.12	mall	speed	manual	coop	all-equity	5	10000	85411.40	0.00	14.00	153	True	Reputation collapse (< 15)
136	e2e0f83a	1780978778	-49883.82	mall	sweet	specialized	coop	balanced	5	10000	9757.68	64200.00	14.00	157	True	Reputation collapse (< 15)
137	e2e0f83a	1780978779	7027.49	suburban	gourmet	manual	monthly	all-equity	5	10000	-5292.80	0.00	68.50	332	True	Bankruptcy: deeply negative cash
138	e2e0f83a	1780978780	-68630.08	mall	speed	manual	direct	balanced	5	10000	-5262.76	67800.00	28.50	111	True	Bankruptcy: deeply negative cash
139	e2e0f83a	1780978781	-137607.27	suburban	gourmet	automated	direct	leveraged	5	10000	-26323.47	117100.00	58.00	2	True	Bankruptcy: deeply negative cash
140	e2e0f83a	1780978782	-126950.05	university	gourmet	specialized	coop	leveraged	5	10000	-14517.81	117100.00	46.50	2	True	Bankruptcy: deeply negative cash
141	e2e0f83a	1780978783	-130622.78	urban	speed	specialized	direct	leveraged	5	10000	-18791.61	117100.00	52.50	2	True	Bankruptcy: deeply negative cash
142	e2e0f83a	1780978784	-164710.52	mall	gourmet	specialized	direct	max-debt	5	10000	-33300.98	136600.00	51.50	2	True	Bankruptcy: deeply negative cash
143	e2e0f83a	1780978785	-64716.81	urban	gourmet	manual	monthly	balanced	5	10000	-9838.14	62400.00	40.50	182	True	Bankruptcy: deeply negative cash
144	e2e0f83a	1780978786	-138371.19	suburban	gourmet	automated	spot	leveraged	5	10000	-26837.11	117100.00	55.50	2	True	Bankruptcy: deeply negative cash
145	e2e0f83a	1780978787	-118956.79	urban	everyday	manual	monthly	leveraged	5	10000	-7144.28	117100.00	51.00	13	True	Bankruptcy: deeply negative cash
146	e2e0f83a	1780978788	8051.60	suburban	sweet	automated	direct	all-equity	5	10000	-6936.69	0.00	90.50	332	True	Bankruptcy: deeply negative cash
147	e2e0f83a	1780978789	-177704.88	suburban	gourmet	automated	direct	max-debt	5	10000	-46918.63	136600.00	58.00	2	True	Bankruptcy: deeply negative cash
148	e2e0f83a	1780978790	-167203.27	mall	everyday	specialized	spot	max-debt	5	10000	-35270.17	136600.00	46.50	2	True	Bankruptcy: deeply negative cash
149	e2e0f83a	1780978791	-66629.61	urban	speed	manual	monthly	balanced	5	10000	-8669.94	64200.00	37.00	152	True	Bankruptcy: deeply negative cash
150	e2e0f83a	1780978792	62621.37	mall	speed	specialized	spot	all-equity	5	10000	57375.44	0.00	14.50	200	True	Reputation collapse (< 15)
151	e2e0f83a	1780978793	-70689.72	urban	gourmet	manual	direct	balanced	5	10000	-8424.59	66000.00	19.50	122	True	Bankruptcy: deeply negative cash
152	e2e0f83a	1780978794	14362.55	mall	speed	automated	direct	all-equity	5	10000	8656.82	0.00	14.50	252	True	Reputation collapse (< 15)
153	e2e0f83a	1780978795	41414.47	university	gourmet	automated	spot	all-equity	5	10000	36299.93	0.00	14.00	242	True	Reputation collapse (< 15)
154	e2e0f83a	1780978796	2145.18	office	sweet	manual	direct	all-equity	5	10000	-5012.64	0.00	51.50	215	True	Bankruptcy: deeply negative cash
155	e2e0f83a	1780978797	-68034.20	university	sweet	automated	direct	balanced	5	10000	-7360.98	66000.00	28.50	127	True	Bankruptcy: deeply negative cash
156	e2e0f83a	1780978798	61358.97	university	sweet	automated	spot	all-equity	5	10000	58172.31	0.00	14.92	122	True	Reputation collapse (< 15)
157	e2e0f83a	1780978799	-171139.59	urban	speed	specialized	monthly	max-debt	5	10000	-39309.70	136600.00	47.50	2	True	Bankruptcy: deeply negative cash
158	e2e0f83a	1780978800	-128695.61	office	sweet	specialized	direct	leveraged	5	10000	-16813.64	117100.00	52.00	2	True	Bankruptcy: deeply negative cash
159	e2e0f83a	1780978801	16052.64	urban	speed	specialized	monthly	all-equity	5	10000	12445.64	0.00	14.00	179	True	Reputation collapse (< 15)
160	e2e0f83a	1780978802	-126247.85	mall	sweet	specialized	monthly	leveraged	5	10000	-14169.13	117100.00	50.00	2	True	Bankruptcy: deeply negative cash
161	e2e0f83a	1780978803	-151606.32	suburban	sweet	manual	coop	max-debt	5	10000	-19869.77	136600.00	48.50	2	True	Bankruptcy: deeply negative cash
162	e2e0f83a	1780978804	-118068.20	mall	gourmet	manual	spot	leveraged	5	10000	-11182.73	111300.00	29.00	69	True	Bankruptcy: deeply negative cash
163	e2e0f83a	1780978805	-67594.03	office	sweet	specialized	direct	balanced	5	10000	-6571.93	67800.00	53.50	104	True	Bankruptcy: deeply negative cash
164	e2e0f83a	1780978806	-153305.08	urban	sweet	manual	coop	max-debt	5	10000	-21929.16	136600.00	52.00	2	True	Bankruptcy: deeply negative cash
165	e2e0f83a	1780978807	-138309.09	office	everyday	automated	direct	leveraged	5	10000	-26772.13	117100.00	55.50	2	True	Bankruptcy: deeply negative cash
166	e2e0f83a	1780978808	-71241.19	mall	speed	manual	spot	balanced	5	10000	-9268.32	66000.00	20.40	122	True	Bankruptcy: deeply negative cash
167	e2e0f83a	1780978809	2113.20	office	gourmet	specialized	monthly	all-equity	5	10000	-5927.41	0.00	47.50	252	True	Bankruptcy: deeply negative cash
168	e2e0f83a	1780978810	-136575.95	university	gourmet	automated	coop	leveraged	5	10000	-25039.28	117100.00	55.50	2	True	Bankruptcy: deeply negative cash
169	e2e0f83a	1780978811	-138597.19	suburban	everyday	automated	direct	leveraged	5	10000	-26358.41	117100.00	48.50	2	True	Bankruptcy: deeply negative cash
170	e2e0f83a	1780978812	27083.69	suburban	sweet	automated	coop	all-equity	5	10000	11719.73	0.00	89.00	361	True	Completed 360 days
171	e2e0f83a	1780978813	-71827.03	mall	speed	specialized	spot	balanced	5	10000	-8525.00	67800.00	27.50	97	True	Bankruptcy: deeply negative cash
172	e2e0f83a	1780978814	8670.56	urban	gourmet	specialized	direct	all-equity	5	10000	5158.12	0.00	14.34	182	True	Reputation collapse (< 15)
173	e2e0f83a	1780978815	-129039.62	suburban	sweet	specialized	monthly	leveraged	5	10000	-16951.08	117100.00	50.00	2	True	Bankruptcy: deeply negative cash
174	e2e0f83a	1780978816	-175473.87	mall	everyday	automated	coop	max-debt	5	10000	-44402.66	136600.00	55.00	2	True	Bankruptcy: deeply negative cash
175	e2e0f83a	1780978817	138147.55	mall	gourmet	manual	coop	all-equity	5	10000	132442.41	0.00	14.42	173	True	Reputation collapse (< 15)
176	e2e0f83a	1780978818	16622.84	university	speed	manual	spot	all-equity	5	10000	12720.45	0.00	14.00	212	True	Reputation collapse (< 15)
177	e2e0f83a	1780978819	-151358.51	office	sweet	manual	direct	max-debt	5	10000	-19928.78	136600.00	51.50	2	True	Bankruptcy: deeply negative cash
178	e2e0f83a	1780978820	-178589.01	office	everyday	automated	coop	max-debt	5	10000	-47550.84	136600.00	55.50	2	True	Bankruptcy: deeply negative cash
179	e2e0f83a	1780978821	-167858.78	suburban	gourmet	specialized	direct	max-debt	5	10000	-36524.94	136600.00	52.50	2	True	Bankruptcy: deeply negative cash
180	e2e0f83a	1780978822	-129832.06	office	sweet	specialized	spot	leveraged	5	10000	-17398.93	117100.00	46.50	2	True	Bankruptcy: deeply negative cash
181	e2e0f83a	1780978823	-54671.45	mall	sweet	manual	coop	balanced	5	10000	10169.02	67800.00	14.50	98	True	Reputation collapse (< 15)
182	e2e0f83a	1780978824	-169182.80	office	everyday	specialized	monthly	max-debt	5	10000	-37597.16	136600.00	50.00	2	True	Bankruptcy: deeply negative cash
183	e2e0f83a	1780978825	-66802.67	university	gourmet	specialized	monthly	balanced	5	10000	-5010.29	66000.00	20.00	141	True	Bankruptcy: deeply negative cash
184	e2e0f83a	1780978826	-138499.14	office	gourmet	automated	coop	leveraged	5	10000	-26668.43	117100.00	52.50	2	True	Bankruptcy: deeply negative cash
185	e2e0f83a	1780978827	-131338.55	urban	sweet	specialized	direct	leveraged	5	10000	-18457.70	117100.00	42.00	2	True	Bankruptcy: deeply negative cash
186	e2e0f83a	1780978828	-131084.78	urban	everyday	specialized	monthly	leveraged	5	10000	-19001.41	117100.00	50.00	2	True	Bankruptcy: deeply negative cash
187	e2e0f83a	1780978829	1268.34	suburban	speed	specialized	monthly	all-equity	5	10000	-8908.59	0.00	57.00	310	True	Bankruptcy: deeply negative cash
188	e2e0f83a	1780978830	-65303.10	office	speed	manual	direct	balanced	5	10000	-6549.34	66000.00	57.00	122	True	Bankruptcy: deeply negative cash
189	e2e0f83a	1780978831	-138111.00	suburban	sweet	automated	direct	leveraged	5	10000	-25879.71	117100.00	48.50	2	True	Bankruptcy: deeply negative cash
190	e2e0f83a	1780978832	-175726.24	university	sweet	automated	direct	max-debt	5	10000	-44942.06	136600.00	58.00	2	True	Bankruptcy: deeply negative cash
191	e2e0f83a	1780978833	-65053.12	mall	sweet	automated	direct	balanced	5	10000	-6048.50	64200.00	16.50	162	True	Bankruptcy: deeply negative cash
192	e2e0f83a	1780978834	-62342.49	suburban	sweet	manual	coop	balanced	5	10000	-9196.83	62400.00	63.00	182	True	Bankruptcy: deeply negative cash
193	e2e0f83a	1780978835	-61806.06	mall	sweet	manual	direct	balanced	5	10000	-5202.64	62400.00	23.50	186	True	Bankruptcy: deeply negative cash
194	e2e0f83a	1780978836	-73129.40	urban	everyday	specialized	monthly	balanced	5	10000	-8760.58	69600.00	45.50	62	True	Bankruptcy: deeply negative cash
195	e2e0f83a	1780978837	-40327.73	mall	everyday	manual	coop	balanced	5	10000	21274.72	66000.00	14.50	147	True	Reputation collapse (< 15)
196	e2e0f83a	1780978838	-138383.25	suburban	speed	automated	monthly	leveraged	5	10000	-26595.64	117100.00	53.00	2	True	Bankruptcy: deeply negative cash
197	e2e0f83a	1780978839	-70548.30	university	speed	manual	coop	balanced	5	10000	-8936.84	66000.00	26.50	129	True	Bankruptcy: deeply negative cash
198	e2e0f83a	1780978840	-72566.64	urban	gourmet	specialized	direct	balanced	5	10000	-11267.35	66000.00	27.50	122	True	Bankruptcy: deeply negative cash
199	e2e0f83a	1780978841	-128840.90	suburban	sweet	specialized	monthly	leveraged	5	10000	-16456.26	117100.00	47.00	2	True	Bankruptcy: deeply negative cash
0	945c4bc7	1780978669	-63319.05	suburban	everyday	manual	monthly	balanced	5	10000	-5018.53	66000.00	59.00	125	True	Bankruptcy: deeply negative cash
1	945c4bc7	1780978670	37.00	office	everyday	specialized	coop	all-equity	5	10000	-5083.56	0.00	32.00	207	True	Bankruptcy: deeply negative cash
2	945c4bc7	1780978671	21403.01	urban	speed	specialized	coop	all-equity	5	10000	16739.02	0.00	13.50	242	True	Reputation collapse (< 15)
3	945c4bc7	1780978672	-166552.62	university	speed	specialized	direct	max-debt	5	10000	-35164.18	136600.00	52.00	2	True	Bankruptcy: deeply negative cash
4	945c4bc7	1780978673	-136736.27	university	sweet	automated	spot	leveraged	5	10000	-25154.04	117100.00	55.00	2	True	Bankruptcy: deeply negative cash
5	945c4bc7	1780978674	-67010.83	suburban	gourmet	manual	direct	balanced	5	10000	-9640.55	66000.00	66.50	122	True	Bankruptcy: deeply negative cash
6	945c4bc7	1780978675	-70088.47	office	everyday	automated	coop	balanced	5	10000	-5208.10	69600.00	40.50	63	True	Bankruptcy: deeply negative cash
7	945c4bc7	1780978676	-116164.72	university	gourmet	manual	direct	leveraged	5	10000	-7298.56	114200.00	49.00	32	True	Bankruptcy: deeply negative cash
8	945c4bc7	1780978677	-69967.51	suburban	sweet	specialized	direct	balanced	5	10000	-12583.33	66000.00	67.00	122	True	Bankruptcy: deeply negative cash
9	945c4bc7	1780978678	1276.90	urban	gourmet	specialized	monthly	all-equity	5	10000	-5337.16	0.00	30.50	238	True	Bankruptcy: deeply negative cash
10	945c4bc7	1780978679	42153.78	office	gourmet	automated	coop	all-equity	5	10000	27998.04	0.00	73.50	361	True	Completed 360 days
11	945c4bc7	1780978680	4772.79	office	gourmet	manual	direct	all-equity	5	10000	-5800.61	0.00	56.00	343	True	Bankruptcy: deeply negative cash
12	945c4bc7	1780978681	6843.22	suburban	speed	specialized	monthly	all-equity	5	10000	-5089.70	0.00	84.00	248	True	Bankruptcy: deeply negative cash
13	945c4bc7	1780978682	-67822.73	office	sweet	specialized	direct	balanced	5	10000	-5421.75	67800.00	42.50	92	True	Bankruptcy: deeply negative cash
14	945c4bc7	1780978683	-70681.34	mall	gourmet	specialized	monthly	balanced	5	10000	-5352.99	69600.00	30.00	79	True	Bankruptcy: deeply negative cash
15	945c4bc7	1780978684	-138569.78	office	everyday	automated	coop	leveraged	5	10000	-27031.81	117100.00	55.50	2	True	Bankruptcy: deeply negative cash
16	945c4bc7	1780978685	-166678.43	mall	speed	specialized	coop	max-debt	5	10000	-34744.03	136600.00	46.50	2	True	Bankruptcy: deeply negative cash
17	945c4bc7	1780978686	-167296.31	university	everyday	specialized	monthly	max-debt	5	10000	-35410.58	136600.00	47.00	2	True	Bankruptcy: deeply negative cash
18	945c4bc7	1780978687	-178228.96	suburban	sweet	automated	coop	max-debt	5	10000	-46891.78	136600.00	52.50	2	True	Bankruptcy: deeply negative cash
19	945c4bc7	1780978688	-149123.21	mall	sweet	manual	coop	max-debt	5	10000	-17695.42	136600.00	51.50	2	True	Bankruptcy: deeply negative cash
20	945c4bc7	1780978689	-57142.72	mall	gourmet	automated	spot	balanced	5	10000	7577.21	67800.00	10.50	92	True	Reputation collapse (< 15)
21	945c4bc7	1780978690	-64649.51	suburban	everyday	manual	direct	balanced	5	10000	-5355.38	66000.00	49.90	127	True	Bankruptcy: deeply negative cash
22	945c4bc7	1780978691	-180110.92	urban	sweet	automated	monthly	max-debt	5	10000	-49183.55	136600.00	56.50	2	True	Bankruptcy: deeply negative cash
23	945c4bc7	1780978692	-166308.60	university	sweet	specialized	direct	max-debt	5	10000	-34924.94	136600.00	52.00	2	True	Bankruptcy: deeply negative cash
24	945c4bc7	1780978693	-176725.06	university	everyday	automated	spot	max-debt	5	10000	-45642.33	136600.00	55.00	2	True	Bankruptcy: deeply negative cash
25	945c4bc7	1780978694	-4586.91	office	speed	automated	direct	all-equity	5	10000	-8963.91	0.00	28.00	182	True	Bankruptcy: deeply negative cash
26	945c4bc7	1780978695	-66629.29	suburban	gourmet	specialized	spot	balanced	5	10000	-5795.44	67800.00	55.50	92	True	Bankruptcy: deeply negative cash
27	945c4bc7	1780978696	-138031.24	office	gourmet	automated	direct	leveraged	5	10000	-26750.35	117100.00	58.00	2	True	Bankruptcy: deeply negative cash
28	945c4bc7	1780978697	-151502.62	office	speed	manual	direct	max-debt	5	10000	-20314.98	136600.00	54.00	2	True	Bankruptcy: deeply negative cash
29	945c4bc7	1780978698	-70027.10	urban	gourmet	manual	coop	balanced	5	10000	-10490.89	64200.00	23.00	152	True	Bankruptcy: deeply negative cash
30	945c4bc7	1780978699	-64184.25	suburban	speed	manual	monthly	balanced	5	10000	-5940.06	66000.00	59.00	122	True	Bankruptcy: deeply negative cash
31	945c4bc7	1780978700	-71781.99	urban	gourmet	specialized	spot	balanced	5	10000	-5529.98	69600.00	25.34	70	True	Bankruptcy: deeply negative cash
32	945c4bc7	1780978701	-166401.33	university	speed	specialized	direct	max-debt	5	10000	-34721.38	136600.00	49.00	2	True	Bankruptcy: deeply negative cash
33	945c4bc7	1780978702	5447.74	suburban	speed	automated	coop	all-equity	5	10000	-5029.02	0.00	76.50	208	True	Bankruptcy: deeply negative cash
34	945c4bc7	1780978703	-70863.81	university	gourmet	automated	spot	balanced	5	10000	-8844.84	67800.00	44.56	92	True	Bankruptcy: deeply negative cash
35	945c4bc7	1780978704	2648.77	suburban	sweet	specialized	monthly	all-equity	5	10000	-5482.66	0.00	34.74	308	True	Bankruptcy: deeply negative cash
36	945c4bc7	1780978705	-140527.27	urban	speed	automated	coop	leveraged	5	10000	-28745.03	117100.00	53.00	2	True	Bankruptcy: deeply negative cash
37	945c4bc7	1780978706	-139824.94	urban	gourmet	automated	direct	leveraged	5	10000	-28593.47	117100.00	58.50	2	True	Bankruptcy: deeply negative cash
38	945c4bc7	1780978707	-153722.99	office	sweet	manual	spot	max-debt	5	10000	-21233.17	136600.00	41.00	2	True	Bankruptcy: deeply negative cash
39	945c4bc7	1780978708	-126224.54	mall	sweet	specialized	direct	leveraged	5	10000	-14340.21	117100.00	52.00	2	True	Bankruptcy: deeply negative cash
40	945c4bc7	1780978709	45469.17	mall	everyday	automated	coop	all-equity	5	10000	41751.84	0.00	14.50	153	True	Reputation collapse (< 15)
41	945c4bc7	1780978710	-69713.09	university	sweet	automated	coop	balanced	5	10000	-5366.88	69600.00	43.00	77	True	Bankruptcy: deeply negative cash
42	945c4bc7	1780978711	-135443.43	mall	everyday	automated	direct	leveraged	5	10000	-24156.60	117100.00	58.00	2	True	Bankruptcy: deeply negative cash
43	945c4bc7	1780978712	-69686.00	office	everyday	specialized	monthly	balanced	5	10000	-6245.79	67800.00	33.50	92	True	Bankruptcy: deeply negative cash
44	945c4bc7	1780978713	10523.18	office	gourmet	specialized	monthly	all-equity	5	10000	7391.59	0.00	14.00	182	True	Reputation collapse (< 15)
45	945c4bc7	1780978714	-151359.27	suburban	gourmet	manual	monthly	max-debt	5	10000	-20025.16	136600.00	52.50	2	True	Bankruptcy: deeply negative cash
46	945c4bc7	1780978715	-178928.23	office	everyday	automated	spot	max-debt	5	10000	-47894.64	136600.00	55.50	2	True	Bankruptcy: deeply negative cash
47	945c4bc7	1780978716	58705.33	mall	speed	specialized	spot	all-equity	5	10000	54581.69	0.00	14.00	156	True	Reputation collapse (< 15)
48	945c4bc7	1780978717	-114264.43	suburban	gourmet	manual	direct	leveraged	5	10000	-5201.51	114200.00	46.00	32	True	Bankruptcy: deeply negative cash
49	945c4bc7	1780978718	-46597.44	mall	sweet	manual	coop	balanced	5	10000	13288.77	64200.00	13.00	152	True	Reputation collapse (< 15)
50	945c4bc7	1780978719	-68020.40	office	speed	manual	spot	balanced	5	10000	-5008.81	69600.00	56.50	83	True	Bankruptcy: deeply negative cash
51	945c4bc7	1780978720	-127961.37	university	everyday	specialized	spot	leveraged	5	10000	-15474.28	117100.00	46.00	2	True	Bankruptcy: deeply negative cash
52	945c4bc7	1780978721	-57094.82	mall	sweet	specialized	spot	balanced	5	10000	10011.78	69600.00	14.50	62	True	Reputation collapse (< 15)
53	945c4bc7	1780978722	-170561.36	urban	sweet	specialized	monthly	max-debt	5	10000	-39037.27	136600.00	50.50	2	True	Bankruptcy: deeply negative cash
54	945c4bc7	1780978723	-72538.75	suburban	sweet	specialized	monthly	balanced	5	10000	-9235.33	69600.00	51.50	87	True	Bankruptcy: deeply negative cash
55	945c4bc7	1780978724	-136932.88	university	speed	automated	spot	leveraged	5	10000	-25052.67	117100.00	52.00	2	True	Bankruptcy: deeply negative cash
56	945c4bc7	1780978725	-137672.03	office	gourmet	automated	direct	leveraged	5	10000	-26441.50	117100.00	58.50	2	True	Bankruptcy: deeply negative cash
57	945c4bc7	1780978726	2143.00	office	everyday	manual	direct	all-equity	5	10000	-5145.92	0.00	55.50	201	True	Bankruptcy: deeply negative cash
58	945c4bc7	1780978727	-72039.70	urban	speed	automated	monthly	balanced	5	10000	-6680.51	71400.00	54.50	48	True	Bankruptcy: deeply negative cash
59	945c4bc7	1780978728	-138243.02	suburban	everyday	automated	spot	leveraged	5	10000	-26711.09	117100.00	55.50	2	True	Bankruptcy: deeply negative cash
60	945c4bc7	1780978729	-149077.50	mall	sweet	manual	coop	max-debt	5	10000	-17645.43	136600.00	51.50	2	True	Bankruptcy: deeply negative cash
61	945c4bc7	1780978730	-138206.62	suburban	everyday	automated	monthly	leveraged	5	10000	-26717.13	117100.00	56.00	2	True	Bankruptcy: deeply negative cash
62	945c4bc7	1780978731	-138220.82	suburban	gourmet	automated	monthly	leveraged	5	10000	-26736.39	117100.00	56.00	2	True	Bankruptcy: deeply negative cash
63	945c4bc7	1780978732	-1200.85	office	speed	manual	direct	all-equity	5	10000	-5017.84	0.00	18.00	248	True	Bankruptcy: deeply negative cash
64	945c4bc7	1780978733	-118735.91	university	everyday	manual	direct	leveraged	5	10000	-9689.32	114200.00	47.50	32	True	Bankruptcy: deeply negative cash
65	945c4bc7	1780978734	-69686.48	university	gourmet	manual	direct	balanced	5	10000	-8864.38	64200.00	12.50	152	True	Reputation collapse (< 15)
66	945c4bc7	1780978735	-65772.80	office	gourmet	specialized	monthly	balanced	5	10000	-8005.87	66000.00	57.50	146	True	Bankruptcy: deeply negative cash
67	945c4bc7	1780978736	-136981.39	mall	gourmet	automated	spot	leveraged	5	10000	-24405.93	117100.00	45.00	2	True	Bankruptcy: deeply negative cash
68	945c4bc7	1780978737	-149850.84	mall	sweet	manual	spot	max-debt	5	10000	-18324.82	136600.00	50.50	2	True	Bankruptcy: deeply negative cash
69	945c4bc7	1780978738	-136505.21	mall	sweet	automated	spot	leveraged	5	10000	-24925.01	117100.00	55.00	2	True	Bankruptcy: deeply negative cash
70	945c4bc7	1780978739	-112392.15	mall	gourmet	manual	monthly	leveraged	5	10000	-6075.97	111300.00	35.00	64	True	Bankruptcy: deeply negative cash
71	945c4bc7	1780978740	-131888.55	urban	sweet	specialized	spot	leveraged	5	10000	-19699.23	117100.00	49.00	2	True	Bankruptcy: deeply negative cash
72	945c4bc7	1780978741	-361.01	office	everyday	manual	direct	all-equity	5	10000	-7727.30	0.00	45.50	242	True	Bankruptcy: deeply negative cash
73	945c4bc7	1780978742	-135967.28	mall	gourmet	automated	coop	leveraged	5	10000	-24436.93	117100.00	55.50	2	True	Bankruptcy: deeply negative cash
74	945c4bc7	1780978743	-136795.89	university	speed	automated	monthly	leveraged	5	10000	-25308.20	117100.00	56.00	2	True	Bankruptcy: deeply negative cash
75	945c4bc7	1780978744	6160.82	suburban	gourmet	automated	coop	all-equity	5	10000	-5342.57	0.00	71.50	270	True	Bankruptcy: deeply negative cash
76	945c4bc7	1780978745	1477.13	suburban	sweet	automated	spot	all-equity	5	10000	-8195.15	0.00	64.00	219	True	Bankruptcy: deeply negative cash
77	945c4bc7	1780978746	-64168.19	suburban	gourmet	specialized	direct	balanced	5	10000	-5104.72	66000.00	46.08	134	True	Bankruptcy: deeply negative cash
78	945c4bc7	1780978747	-69991.84	office	everyday	specialized	coop	balanced	5	10000	-7755.44	67800.00	44.62	92	True	Bankruptcy: deeply negative cash
79	945c4bc7	1780978748	-104774.42	urban	gourmet	manual	coop	leveraged	5	10000	-9234.12	102600.00	33.00	153	True	Bankruptcy: deeply negative cash
80	945c4bc7	1780978749	-127770.64	university	everyday	specialized	coop	leveraged	5	10000	-14636.04	117100.00	39.50	2	True	Bankruptcy: deeply negative cash
81	945c4bc7	1780978750	46461.91	university	sweet	automated	coop	all-equity	5	10000	43487.61	0.00	14.00	135	True	Reputation collapse (< 15)
82	945c4bc7	1780978751	281.60	urban	gourmet	specialized	direct	all-equity	5	10000	-5074.76	0.00	15.50	259	True	Bankruptcy: deeply negative cash
83	945c4bc7	1780978752	-180304.39	urban	gourmet	automated	monthly	max-debt	5	10000	-49373.40	136600.00	56.50	2	True	Bankruptcy: deeply negative cash
84	945c4bc7	1780978753	-175960.48	mall	speed	automated	spot	max-debt	5	10000	-44836.06	136600.00	54.50	2	True	Bankruptcy: deeply negative cash
85	945c4bc7	1780978754	-118242.97	university	gourmet	manual	spot	leveraged	5	10000	-9004.30	114200.00	45.00	32	True	Bankruptcy: deeply negative cash
86	945c4bc7	1780978755	8073.37	suburban	sweet	manual	coop	all-equity	5	10000	-3215.87	0.00	59.08	361	True	Completed 360 days
87	945c4bc7	1780978756	-175797.01	mall	everyday	automated	monthly	max-debt	5	10000	-44815.54	136600.00	56.00	2	True	Bankruptcy: deeply negative cash
88	945c4bc7	1780978757	-73022.79	urban	gourmet	specialized	direct	balanced	5	10000	-10910.82	67800.00	44.10	92	True	Bankruptcy: deeply negative cash
89	945c4bc7	1780978758	-116731.63	mall	everyday	manual	direct	leveraged	5	10000	-6523.49	114200.00	34.68	32	True	Bankruptcy: deeply negative cash
90	945c4bc7	1780978759	-180698.26	urban	sweet	automated	spot	max-debt	5	10000	-49669.00	136600.00	55.50	2	True	Bankruptcy: deeply negative cash
91	945c4bc7	1780978760	-69232.78	office	sweet	manual	coop	balanced	5	10000	-7381.51	67800.00	50.50	92	True	Bankruptcy: deeply negative cash
92	945c4bc7	1780978761	-67622.49	suburban	sweet	automated	spot	balanced	5	10000	-6442.64	67800.00	50.00	92	True	Bankruptcy: deeply negative cash
93	945c4bc7	1780978762	-136815.62	university	gourmet	automated	spot	leveraged	5	10000	-25237.35	117100.00	55.00	2	True	Bankruptcy: deeply negative cash
94	945c4bc7	1780978763	-171870.77	urban	speed	specialized	spot	max-debt	5	10000	-40432.78	136600.00	51.50	2	True	Bankruptcy: deeply negative cash
95	945c4bc7	1780978764	-170912.30	urban	gourmet	specialized	monthly	max-debt	5	10000	-39381.16	136600.00	50.50	2	True	Bankruptcy: deeply negative cash
96	945c4bc7	1780978765	-150135.81	university	speed	manual	coop	max-debt	5	10000	-18696.36	136600.00	51.50	2	True	Bankruptcy: deeply negative cash
97	945c4bc7	1780978766	-131140.57	urban	everyday	specialized	coop	leveraged	5	10000	-19008.69	117100.00	49.50	2	True	Bankruptcy: deeply negative cash
98	945c4bc7	1780978767	-168685.32	office	gourmet	specialized	direct	max-debt	5	10000	-37298.02	136600.00	52.00	2	True	Bankruptcy: deeply negative cash
99	945c4bc7	1780978768	498.59	university	sweet	automated	coop	all-equity	5	10000	-6257.41	0.00	37.50	242	True	Bankruptcy: deeply negative cash
100	945c4bc7	1780978769	35117.23	urban	sweet	manual	monthly	all-equity	5	10000	30061.54	0.00	12.00	242	True	Reputation collapse (< 15)
101	945c4bc7	1780978770	-130955.10	urban	gourmet	specialized	monthly	leveraged	5	10000	-18931.32	117100.00	50.50	2	True	Bankruptcy: deeply negative cash
102	945c4bc7	1780978771	-139504.20	urban	gourmet	automated	direct	leveraged	5	10000	-28276.78	117100.00	58.50	2	True	Bankruptcy: deeply negative cash
103	945c4bc7	1780978772	-166905.95	mall	sweet	specialized	spot	max-debt	5	10000	-35223.60	136600.00	49.00	2	True	Bankruptcy: deeply negative cash
104	945c4bc7	1780978773	-67798.80	suburban	everyday	automated	monthly	balanced	5	10000	-5458.12	69600.00	63.50	65	True	Bankruptcy: deeply negative cash
105	945c4bc7	1780978774	-175560.43	mall	speed	automated	coop	max-debt	5	10000	-44587.52	136600.00	56.00	2	True	Bankruptcy: deeply negative cash
106	945c4bc7	1780978775	-168707.50	suburban	speed	specialized	monthly	max-debt	5	10000	-37119.23	136600.00	50.00	2	True	Bankruptcy: deeply negative cash
107	945c4bc7	1780978776	93570.37	mall	sweet	manual	coop	all-equity	5	10000	90353.24	0.00	14.00	112	True	Reputation collapse (< 15)
108	945c4bc7	1780978777	-68535.02	mall	sweet	automated	monthly	balanced	5	10000	-8251.01	66000.00	32.00	122	True	Bankruptcy: deeply negative cash
109	945c4bc7	1780978778	-178486.99	suburban	everyday	automated	monthly	max-debt	5	10000	-47497.17	136600.00	56.00	2	True	Bankruptcy: deeply negative cash
110	945c4bc7	1780978779	-177370.75	suburban	gourmet	automated	direct	max-debt	5	10000	-46585.17	136600.00	58.00	2	True	Bankruptcy: deeply negative cash
111	945c4bc7	1780978780	-64998.39	suburban	sweet	manual	direct	balanced	5	10000	-5140.11	67800.00	64.50	116	True	Bankruptcy: deeply negative cash
112	945c4bc7	1780978781	-178778.84	office	everyday	automated	coop	max-debt	5	10000	-47791.68	136600.00	56.00	2	True	Bankruptcy: deeply negative cash
113	945c4bc7	1780978782	-149551.49	mall	everyday	manual	coop	max-debt	5	10000	-18119.40	136600.00	51.50	2	True	Bankruptcy: deeply negative cash
114	945c4bc7	1780978783	76672.11	mall	sweet	automated	spot	all-equity	5	10000	72371.08	0.00	14.50	134	True	Reputation collapse (< 15)
115	945c4bc7	1780978784	-68976.30	urban	sweet	automated	direct	balanced	5	10000	-5098.21	69600.00	44.00	81	True	Bankruptcy: deeply negative cash
116	945c4bc7	1780978785	-67235.28	suburban	speed	specialized	direct	balanced	5	10000	-6897.82	67800.00	61.00	92	True	Bankruptcy: deeply negative cash
117	945c4bc7	1780978786	-771.57	suburban	gourmet	specialized	spot	all-equity	5	10000	-9904.96	0.00	55.06	257	True	Bankruptcy: deeply negative cash
118	945c4bc7	1780978787	-169090.24	suburban	everyday	specialized	spot	max-debt	5	10000	-37404.45	136600.00	49.00	2	True	Bankruptcy: deeply negative cash
119	945c4bc7	1780978788	-69473.51	university	everyday	automated	direct	balanced	5	10000	-5026.21	69600.00	44.00	67	True	Bankruptcy: deeply negative cash
120	945c4bc7	1780978789	-71002.48	mall	everyday	specialized	spot	balanced	5	10000	-5450.62	69600.00	29.00	74	True	Bankruptcy: deeply negative cash
121	945c4bc7	1780978790	-166175.51	mall	gourmet	specialized	monthly	max-debt	5	10000	-34353.29	136600.00	47.50	2	True	Bankruptcy: deeply negative cash
122	945c4bc7	1780978791	-115513.28	mall	speed	manual	coop	leveraged	5	10000	-5670.12	114200.00	36.00	35	True	Bankruptcy: deeply negative cash
123	945c4bc7	1780978792	-116855.28	urban	sweet	manual	direct	leveraged	5	10000	-5067.45	117100.00	51.00	14	True	Bankruptcy: deeply negative cash
124	945c4bc7	1780978793	60900.45	university	everyday	specialized	coop	all-equity	5	10000	57915.58	0.00	14.50	130	True	Reputation collapse (< 15)
125	945c4bc7	1780978794	47416.91	university	gourmet	specialized	monthly	all-equity	5	10000	41274.46	0.00	14.00	297	True	Reputation collapse (< 15)
126	945c4bc7	1780978795	-130675.94	urban	speed	specialized	direct	leveraged	5	10000	-18543.90	117100.00	49.50	2	True	Bankruptcy: deeply negative cash
127	945c4bc7	1780978796	92456.58	suburban	sweet	automated	direct	all-equity	5	10000	74938.77	0.00	92.50	361	True	Completed 360 days
128	945c4bc7	1780978797	-137741.08	suburban	gourmet	automated	direct	leveraged	5	10000	-26505.45	117100.00	58.50	2	True	Bankruptcy: deeply negative cash
129	945c4bc7	1780978798	-46674.42	mall	gourmet	automated	coop	balanced	5	10000	15138.90	66000.00	14.00	125	True	Reputation collapse (< 15)
130	945c4bc7	1780978799	-180633.83	urban	everyday	automated	monthly	max-debt	5	10000	-49402.45	136600.00	53.50	2	True	Bankruptcy: deeply negative cash
131	945c4bc7	1780978800	-70320.10	urban	speed	automated	coop	balanced	5	10000	-6773.09	69600.00	47.00	83	True	Bankruptcy: deeply negative cash
132	945c4bc7	1780978801	-170284.82	office	speed	specialized	spot	max-debt	5	10000	-38597.71	136600.00	49.00	2	True	Bankruptcy: deeply negative cash
133	945c4bc7	1780978802	-311.14	urban	gourmet	automated	coop	all-equity	5	10000	-6597.22	0.00	26.00	242	True	Bankruptcy: deeply negative cash
134	945c4bc7	1780978803	-136506.63	university	gourmet	automated	monthly	leveraged	5	10000	-24724.97	117100.00	53.00	2	True	Bankruptcy: deeply negative cash
135	945c4bc7	1780978804	-126058.75	mall	sweet	specialized	direct	leveraged	5	10000	-14177.68	117100.00	52.00	2	True	Bankruptcy: deeply negative cash
136	945c4bc7	1780978805	-167301.78	university	speed	specialized	coop	max-debt	5	10000	-35664.87	136600.00	49.50	2	True	Bankruptcy: deeply negative cash
137	945c4bc7	1780978806	-127980.75	suburban	speed	specialized	direct	leveraged	5	10000	-16143.99	117100.00	52.50	2	True	Bankruptcy: deeply negative cash
138	945c4bc7	1780978807	-75237.02	office	everyday	specialized	coop	balanced	5	10000	-9816.87	69600.00	36.14	73	True	Bankruptcy: deeply negative cash
139	945c4bc7	1780978808	26977.76	urban	gourmet	automated	direct	all-equity	5	10000	18460.13	0.00	16.50	361	True	Completed 360 days
140	945c4bc7	1780978809	1760.57	office	speed	specialized	monthly	all-equity	5	10000	-5047.30	0.00	50.50	186	True	Bankruptcy: deeply negative cash
141	945c4bc7	1780978810	-166350.34	mall	everyday	specialized	direct	max-debt	5	10000	-34963.91	136600.00	52.00	2	True	Bankruptcy: deeply negative cash
142	945c4bc7	1780978811	-67862.28	office	gourmet	manual	monthly	balanced	5	10000	-7996.61	66000.00	43.50	122	True	Bankruptcy: deeply negative cash
143	945c4bc7	1780978812	38983.62	suburban	speed	specialized	spot	all-equity	5	10000	25605.37	0.00	69.50	361	True	Completed 360 days
144	945c4bc7	1780978813	67727.80	university	everyday	specialized	direct	all-equity	5	10000	64416.29	0.00	14.06	144	True	Reputation collapse (< 15)
145	945c4bc7	1780978814	92933.13	mall	gourmet	specialized	spot	all-equity	5	10000	88479.20	0.00	14.00	140	True	Reputation collapse (< 15)
146	945c4bc7	1780978815	-68451.19	urban	sweet	manual	coop	balanced	5	10000	-5150.17	67800.00	27.50	112	True	Bankruptcy: deeply negative cash
147	945c4bc7	1780978816	-116093.56	mall	everyday	manual	coop	leveraged	5	10000	-8151.97	111300.00	21.00	62	True	Bankruptcy: deeply negative cash
148	945c4bc7	1780978817	-128526.35	office	everyday	specialized	direct	leveraged	5	10000	-16691.36	117100.00	52.50	2	True	Bankruptcy: deeply negative cash
149	945c4bc7	1780978818	-137173.18	university	everyday	automated	spot	leveraged	5	10000	-25288.26	117100.00	52.00	2	True	Bankruptcy: deeply negative cash
150	945c4bc7	1780978819	-116142.45	mall	speed	manual	coop	leveraged	5	10000	-6439.21	114200.00	38.00	32	True	Bankruptcy: deeply negative cash
151	945c4bc7	1780978820	-166045.41	mall	gourmet	specialized	direct	max-debt	5	10000	-34658.54	136600.00	52.00	2	True	Bankruptcy: deeply negative cash
152	945c4bc7	1780978821	1111.01	office	everyday	automated	spot	all-equity	5	10000	-5090.97	0.00	41.02	194	True	Bankruptcy: deeply negative cash
153	945c4bc7	1780978822	-118364.23	mall	everyday	manual	spot	leveraged	5	10000	-5726.74	117100.00	40.50	24	True	Bankruptcy: deeply negative cash
154	945c4bc7	1780978823	-66771.49	urban	speed	manual	direct	balanced	5	10000	-5241.34	67800.00	46.50	116	True	Bankruptcy: deeply negative cash
155	945c4bc7	1780978824	-70876.52	urban	speed	automated	coop	balanced	5	10000	-5019.49	71400.00	48.50	57	True	Bankruptcy: deeply negative cash
156	945c4bc7	1780978825	38225.93	urban	gourmet	automated	spot	all-equity	5	10000	33669.07	0.00	11.50	182	True	Reputation collapse (< 15)
157	945c4bc7	1780978826	-176057.03	mall	everyday	automated	monthly	max-debt	5	10000	-44776.34	136600.00	53.00	2	True	Bankruptcy: deeply negative cash
158	945c4bc7	1780978827	-129065.69	suburban	speed	specialized	direct	leveraged	5	10000	-16178.24	117100.00	42.00	2	True	Bankruptcy: deeply negative cash
159	945c4bc7	1780978828	72769.94	mall	speed	manual	coop	all-equity	5	10000	69425.87	0.00	9.00	152	True	Reputation collapse (< 15)
160	945c4bc7	1780978829	-70907.00	university	sweet	specialized	coop	balanced	5	10000	-7301.27	67800.00	30.00	96	True	Bankruptcy: deeply negative cash
161	945c4bc7	1780978830	-71813.89	mall	sweet	specialized	monthly	balanced	5	10000	-7722.31	67800.00	22.50	92	True	Bankruptcy: deeply negative cash
162	945c4bc7	1780978831	-150340.93	mall	everyday	manual	monthly	max-debt	5	10000	-17956.46	136600.00	42.00	2	True	Bankruptcy: deeply negative cash
163	945c4bc7	1780978832	97529.29	mall	speed	manual	direct	all-equity	5	10000	91997.68	0.00	14.42	212	True	Reputation collapse (< 15)
164	945c4bc7	1780978833	31797.59	mall	speed	specialized	coop	all-equity	5	10000	27956.51	0.00	14.00	175	True	Reputation collapse (< 15)
165	945c4bc7	1780978834	-119465.37	urban	everyday	manual	monthly	leveraged	5	10000	-7202.21	117100.00	46.50	13	True	Bankruptcy: deeply negative cash
166	945c4bc7	1780978835	-136144.82	mall	speed	automated	coop	leveraged	5	10000	-24609.12	117100.00	55.50	2	True	Bankruptcy: deeply negative cash
167	945c4bc7	1780978836	-68550.94	university	everyday	manual	monthly	balanced	5	10000	-5252.53	67800.00	30.50	105	True	Bankruptcy: deeply negative cash
168	945c4bc7	1780978837	-69465.61	office	everyday	specialized	coop	balanced	5	10000	-5071.20	69600.00	44.00	77	True	Bankruptcy: deeply negative cash
169	945c4bc7	1780978838	-72970.31	office	everyday	specialized	spot	balanced	5	10000	-8258.27	69600.00	43.50	63	True	Bankruptcy: deeply negative cash
170	945c4bc7	1780978839	-177936.40	suburban	gourmet	automated	direct	max-debt	5	10000	-47151.75	136600.00	58.00	2	True	Bankruptcy: deeply negative cash
171	945c4bc7	1780978840	-59670.05	urban	sweet	manual	coop	balanced	5	10000	361.81	64200.00	14.00	157	True	Reputation collapse (< 15)
172	945c4bc7	1780978841	73668.92	university	everyday	specialized	direct	all-equity	5	10000	71361.74	0.00	13.00	92	True	Reputation collapse (< 15)
173	945c4bc7	1780978842	-131094.24	urban	gourmet	specialized	monthly	leveraged	5	10000	-18765.24	117100.00	47.50	2	True	Bankruptcy: deeply negative cash
174	945c4bc7	1780978843	-69880.89	office	speed	manual	spot	balanced	5	10000	-5675.58	69600.00	48.00	67	True	Bankruptcy: deeply negative cash
175	945c4bc7	1780978844	-170780.99	urban	sweet	specialized	coop	max-debt	5	10000	-39199.30	136600.00	50.00	2	True	Bankruptcy: deeply negative cash
176	945c4bc7	1780978845	-129768.04	office	gourmet	specialized	spot	leveraged	5	10000	-17580.55	117100.00	49.00	2	True	Bankruptcy: deeply negative cash
177	945c4bc7	1780978846	-167257.52	university	gourmet	specialized	direct	max-debt	5	10000	-34874.51	136600.00	42.00	2	True	Bankruptcy: deeply negative cash
178	945c4bc7	1780978847	-176430.58	university	sweet	automated	spot	max-debt	5	10000	-45304.60	136600.00	54.50	2	True	Bankruptcy: deeply negative cash
179	945c4bc7	1780978848	-150236.16	mall	sweet	manual	spot	max-debt	5	10000	-17812.75	136600.00	41.50	2	True	Bankruptcy: deeply negative cash
180	945c4bc7	1780978849	-117280.49	mall	everyday	manual	monthly	leveraged	5	10000	-7535.44	114200.00	37.00	36	True	Bankruptcy: deeply negative cash
181	945c4bc7	1780978850	-129342.54	office	everyday	specialized	coop	leveraged	5	10000	-17201.36	117100.00	49.50	2	True	Bankruptcy: deeply negative cash
182	945c4bc7	1780978851	-68525.95	office	everyday	specialized	spot	balanced	5	10000	-5018.72	69600.00	49.50	90	True	Bankruptcy: deeply negative cash
183	945c4bc7	1780978852	1919.69	office	sweet	manual	coop	all-equity	5	10000	-5143.48	0.00	24.50	332	True	Bankruptcy: deeply negative cash
184	945c4bc7	1780978853	-151919.05	office	sweet	manual	coop	max-debt	5	10000	-20236.79	136600.00	49.00	2	True	Bankruptcy: deeply negative cash
185	945c4bc7	1780978854	-135640.60	mall	everyday	automated	coop	leveraged	5	10000	-24108.55	117100.00	55.50	2	True	Bankruptcy: deeply negative cash
186	945c4bc7	1780978855	-69895.15	office	speed	automated	spot	balanced	5	10000	-7197.47	69600.00	60.50	62	True	Bankruptcy: deeply negative cash
187	945c4bc7	1780978856	-169953.37	office	everyday	specialized	spot	max-debt	5	10000	-38262.77	136600.00	49.00	2	True	Bankruptcy: deeply negative cash
188	945c4bc7	1780978857	-136250.68	mall	gourmet	automated	spot	leveraged	5	10000	-24626.81	117100.00	54.50	2	True	Bankruptcy: deeply negative cash
189	945c4bc7	1780978858	-67183.16	office	sweet	manual	monthly	balanced	5	10000	-6464.94	67800.00	56.50	103	True	Bankruptcy: deeply negative cash
190	945c4bc7	1780978859	-70508.71	urban	gourmet	manual	coop	balanced	5	10000	-9315.74	66000.00	28.00	122	True	Bankruptcy: deeply negative cash
191	945c4bc7	1780978860	-149996.47	university	speed	manual	monthly	max-debt	5	10000	-18809.13	136600.00	54.00	2	True	Bankruptcy: deeply negative cash
192	945c4bc7	1780978861	-165918.60	mall	speed	specialized	direct	max-debt	5	10000	-34534.03	136600.00	52.00	2	True	Bankruptcy: deeply negative cash
193	945c4bc7	1780978862	-67239.24	office	everyday	manual	spot	balanced	5	10000	-5512.44	67800.00	49.62	104	True	Bankruptcy: deeply negative cash
194	945c4bc7	1780978863	-66349.22	mall	sweet	manual	direct	balanced	5	10000	-5142.21	66000.00	23.50	145	True	Bankruptcy: deeply negative cash
195	945c4bc7	1780978864	-137842.51	office	speed	automated	direct	leveraged	5	10000	-26614.52	117100.00	58.50	2	True	Bankruptcy: deeply negative cash
196	945c4bc7	1780978865	-141127.83	urban	sweet	automated	monthly	leveraged	5	10000	-28700.30	117100.00	46.50	2	True	Bankruptcy: deeply negative cash
197	945c4bc7	1780978866	-138253.47	office	gourmet	automated	monthly	leveraged	5	10000	-26823.13	117100.00	56.50	2	True	Bankruptcy: deeply negative cash
198	945c4bc7	1780978867	-118129.58	suburban	sweet	manual	direct	leveraged	5	10000	-9937.83	114200.00	55.50	32	True	Bankruptcy: deeply negative cash
199	945c4bc7	1780978868	-3886.43	urban	speed	automated	coop	all-equity	5	10000	-9557.22	0.00	25.00	212	True	Bankruptcy: deeply negative cash
0	57c9a78c	1780978700	-119113.26	suburban	everyday	manual	spot	leveraged	5	10000	-7479.32	117100.00	53.00	13	True	Bankruptcy: deeply negative cash
1	57c9a78c	1780978701	1932.24	suburban	everyday	manual	spot	all-equity	5	10000	-5025.09	0.00	42.04	240	True	Bankruptcy: deeply negative cash
2	57c9a78c	1780978702	-119339.06	suburban	everyday	manual	spot	leveraged	5	10000	-7610.64	117100.00	52.00	15	True	Bankruptcy: deeply negative cash
3	57c9a78c	1780978703	-69052.82	suburban	everyday	manual	spot	balanced	5	10000	-5625.25	69600.00	53.50	76	True	Bankruptcy: deeply negative cash
4	57c9a78c	1780978704	-120030.89	suburban	everyday	manual	spot	leveraged	5	10000	-8335.37	117100.00	52.50	14	True	Bankruptcy: deeply negative cash
5	57c9a78c	1780978705	-117891.36	suburban	everyday	manual	spot	leveraged	5	10000	-5938.55	117100.00	49.50	15	True	Bankruptcy: deeply negative cash
6	57c9a78c	1780978706	-119657.09	suburban	everyday	manual	spot	leveraged	5	10000	-7902.33	117100.00	52.00	13	True	Bankruptcy: deeply negative cash
7	57c9a78c	1780978707	-64697.52	suburban	everyday	manual	spot	balanced	5	10000	-5321.14	66000.00	49.50	124	True	Bankruptcy: deeply negative cash
8	57c9a78c	1780978708	-68093.31	suburban	everyday	manual	spot	balanced	5	10000	-7131.24	67800.00	58.00	92	True	Bankruptcy: deeply negative cash
9	57c9a78c	1780978709	-152444.60	suburban	everyday	manual	spot	max-debt	5	10000	-20654.00	136600.00	48.00	2	True	Bankruptcy: deeply negative cash
10	57c9a78c	1780978710	-68410.41	suburban	everyday	manual	spot	balanced	5	10000	-8226.76	67800.00	59.00	118	True	Bankruptcy: deeply negative cash
11	57c9a78c	1780978711	56715.33	suburban	everyday	manual	spot	all-equity	5	10000	41044.87	0.00	88.00	361	True	Completed 360 days
12	57c9a78c	1780978712	-68298.25	suburban	everyday	manual	spot	balanced	5	10000	-8176.62	67800.00	60.50	121	True	Bankruptcy: deeply negative cash
13	57c9a78c	1780978713	-67490.71	suburban	everyday	manual	spot	balanced	5	10000	-6980.09	66000.00	35.50	139	True	Bankruptcy: deeply negative cash
14	57c9a78c	1780978714	-151998.45	suburban	everyday	manual	spot	max-debt	5	10000	-20559.92	136600.00	51.50	2	True	Bankruptcy: deeply negative cash
15	57c9a78c	1780978715	6360.39	suburban	everyday	manual	spot	all-equity	5	10000	-5260.52	0.00	75.50	270	True	Bankruptcy: deeply negative cash
16	57c9a78c	1780978716	-120810.37	suburban	everyday	manual	spot	leveraged	5	10000	-8859.52	117100.00	50.00	15	True	Bankruptcy: deeply negative cash
17	57c9a78c	1780978717	-70478.69	suburban	everyday	manual	spot	balanced	5	10000	-6549.40	67800.00	26.04	108	True	Bankruptcy: deeply negative cash
18	57c9a78c	1780978718	-117805.89	suburban	everyday	manual	spot	leveraged	5	10000	-6045.45	117100.00	51.50	14	True	Bankruptcy: deeply negative cash
19	57c9a78c	1780978719	-152280.08	suburban	everyday	manual	spot	max-debt	5	10000	-20792.89	136600.00	51.00	2	True	Bankruptcy: deeply negative cash
20	57c9a78c	1780978720	-152483.80	suburban	everyday	manual	spot	max-debt	5	10000	-20694.31	136600.00	48.00	2	True	Bankruptcy: deeply negative cash
21	57c9a78c	1780978721	-64536.89	suburban	everyday	manual	spot	balanced	5	10000	-5281.10	66000.00	48.00	136	True	Bankruptcy: deeply negative cash
22	57c9a78c	1780978722	6146.02	suburban	everyday	manual	spot	all-equity	5	10000	-5167.17	0.00	74.00	265	True	Bankruptcy: deeply negative cash
23	57c9a78c	1780978723	-152296.11	suburban	everyday	manual	spot	max-debt	5	10000	-20508.07	136600.00	48.00	2	True	Bankruptcy: deeply negative cash
24	57c9a78c	1780978724	-66760.23	suburban	everyday	manual	spot	balanced	5	10000	-6666.89	66000.00	42.50	122	True	Bankruptcy: deeply negative cash
25	57c9a78c	1780978725	-151864.46	suburban	everyday	manual	spot	max-debt	5	10000	-20428.02	136600.00	51.50	2	True	Bankruptcy: deeply negative cash
26	57c9a78c	1780978726	2560.61	suburban	everyday	manual	spot	all-equity	5	10000	-5062.18	0.00	54.50	198	True	Bankruptcy: deeply negative cash
27	57c9a78c	1780978727	-152124.86	suburban	everyday	manual	spot	max-debt	5	10000	-20689.73	136600.00	51.50	2	True	Bankruptcy: deeply negative cash
28	57c9a78c	1780978728	-120355.34	suburban	everyday	manual	spot	leveraged	5	10000	-8824.80	117100.00	54.00	15	True	Bankruptcy: deeply negative cash
29	57c9a78c	1780978729	-117786.89	suburban	everyday	manual	spot	leveraged	5	10000	-6236.09	117100.00	53.50	14	True	Bankruptcy: deeply negative cash
30	57c9a78c	1780978730	-116351.85	suburban	everyday	manual	spot	leveraged	5	10000	-5020.15	117100.00	55.50	15	True	Bankruptcy: deeply negative cash
31	57c9a78c	1780978731	-66760.70	suburban	everyday	manual	spot	balanced	5	10000	-5177.32	67800.00	50.00	106	True	Bankruptcy: deeply negative cash
32	57c9a78c	1780978732	-153074.09	suburban	everyday	manual	spot	max-debt	5	10000	-20585.05	136600.00	41.00	2	True	Bankruptcy: deeply negative cash
33	57c9a78c	1780978733	-117523.54	suburban	everyday	manual	spot	leveraged	5	10000	-5882.24	117100.00	52.50	15	True	Bankruptcy: deeply negative cash
34	57c9a78c	1780978734	-151989.86	suburban	everyday	manual	spot	max-debt	5	10000	-20502.47	136600.00	51.00	2	True	Bankruptcy: deeply negative cash
35	57c9a78c	1780978735	-67948.33	suburban	everyday	manual	spot	balanced	5	10000	-9643.85	66000.00	60.00	122	True	Bankruptcy: deeply negative cash
36	57c9a78c	1780978736	-151998.37	suburban	everyday	manual	spot	max-debt	5	10000	-20559.30	136600.00	51.50	2	True	Bankruptcy: deeply negative cash
37	57c9a78c	1780978737	-71781.47	suburban	everyday	manual	spot	balanced	5	10000	-10117.82	67800.00	50.50	92	True	Bankruptcy: deeply negative cash
38	57c9a78c	1780978738	6238.15	suburban	everyday	manual	spot	all-equity	5	10000	-6905.70	0.00	87.50	302	True	Bankruptcy: deeply negative cash
39	57c9a78c	1780978739	-121037.65	suburban	everyday	manual	spot	leveraged	5	10000	-9499.61	117100.00	54.00	15	True	Bankruptcy: deeply negative cash
40	57c9a78c	1780978740	-117234.06	suburban	everyday	manual	spot	leveraged	5	10000	-5538.39	117100.00	52.00	15	True	Bankruptcy: deeply negative cash
41	57c9a78c	1780978741	-62398.75	suburban	everyday	manual	spot	balanced	5	10000	-5116.09	66000.00	68.00	122	True	Bankruptcy: deeply negative cash
42	57c9a78c	1780978742	-152431.16	suburban	everyday	manual	spot	max-debt	5	10000	-20940.83	136600.00	51.00	2	True	Bankruptcy: deeply negative cash
43	57c9a78c	1780978743	-117148.57	suburban	everyday	manual	spot	leveraged	5	10000	-5368.45	117100.00	51.00	15	True	Bankruptcy: deeply negative cash
44	57c9a78c	1780978744	-70940.04	suburban	everyday	manual	spot	balanced	5	10000	-8294.40	69600.00	60.00	85	True	Bankruptcy: deeply negative cash
45	57c9a78c	1780978745	-152040.34	suburban	everyday	manual	spot	max-debt	5	10000	-20551.96	136600.00	51.00	2	True	Bankruptcy: deeply negative cash
46	57c9a78c	1780978746	16225.74	suburban	everyday	manual	spot	all-equity	5	10000	2402.74	0.00	74.02	361	True	Completed 360 days
47	57c9a78c	1780978747	-152174.50	suburban	everyday	manual	spot	max-debt	5	10000	-20738.21	136600.00	51.50	2	True	Bankruptcy: deeply negative cash
48	57c9a78c	1780978748	-69156.45	suburban	everyday	manual	spot	balanced	5	10000	-9953.07	66000.00	51.50	122	True	Bankruptcy: deeply negative cash
49	57c9a78c	1780978749	4819.94	suburban	everyday	manual	spot	all-equity	5	10000	-5255.06	0.00	67.00	243	True	Bankruptcy: deeply negative cash
50	57c9a78c	1780978750	-118257.19	suburban	everyday	manual	spot	leveraged	5	10000	-6709.84	117100.00	53.50	15	True	Bankruptcy: deeply negative cash
51	57c9a78c	1780978751	-152400.18	suburban	everyday	manual	spot	max-debt	5	10000	-20961.43	136600.00	51.50	2	True	Bankruptcy: deeply negative cash
52	57c9a78c	1780978752	-118355.14	suburban	everyday	manual	spot	leveraged	5	10000	-6697.24	117100.00	52.50	15	True	Bankruptcy: deeply negative cash
53	57c9a78c	1780978753	-119362.81	suburban	everyday	manual	spot	leveraged	5	10000	-7770.23	117100.00	53.50	14	True	Bankruptcy: deeply negative cash
54	57c9a78c	1780978754	-152346.27	suburban	everyday	manual	spot	max-debt	5	10000	-20857.24	136600.00	51.00	2	True	Bankruptcy: deeply negative cash
55	57c9a78c	1780978755	-119511.93	suburban	everyday	manual	spot	leveraged	5	10000	-6791.20	117100.00	42.00	15	True	Bankruptcy: deeply negative cash
56	57c9a78c	1780978756	-152042.22	suburban	everyday	manual	spot	max-debt	5	10000	-20553.28	136600.00	51.00	2	True	Bankruptcy: deeply negative cash
57	57c9a78c	1780978757	-152310.96	suburban	everyday	manual	spot	max-debt	5	10000	-20823.16	136600.00	51.00	2	True	Bankruptcy: deeply negative cash
58	57c9a78c	1780978758	3505.52	suburban	everyday	manual	spot	all-equity	5	10000	-5207.99	0.00	58.50	221	True	Bankruptcy: deeply negative cash
59	57c9a78c	1780978759	-119623.55	suburban	everyday	manual	spot	leveraged	5	10000	-6864.62	117100.00	41.50	16	True	Bankruptcy: deeply negative cash
60	57c9a78c	1780978760	-151906.75	suburban	everyday	manual	spot	max-debt	5	10000	-20469.48	136600.00	51.50	2	True	Bankruptcy: deeply negative cash
61	57c9a78c	1780978761	7347.10	suburban	everyday	manual	spot	all-equity	5	10000	-5438.86	0.00	82.00	283	True	Bankruptcy: deeply negative cash
62	57c9a78c	1780978762	3952.65	suburban	everyday	manual	spot	all-equity	5	10000	-8491.52	0.00	80.50	272	True	Bankruptcy: deeply negative cash
63	57c9a78c	1780978763	-67493.98	suburban	everyday	manual	spot	balanced	5	10000	-8777.38	66000.00	51.50	122	True	Bankruptcy: deeply negative cash
64	57c9a78c	1780978764	-152056.51	suburban	everyday	manual	spot	max-debt	5	10000	-20567.46	136600.00	51.00	2	True	Bankruptcy: deeply negative cash
65	57c9a78c	1780978765	-152399.95	suburban	everyday	manual	spot	max-debt	5	10000	-20910.05	136600.00	51.00	2	True	Bankruptcy: deeply negative cash
66	57c9a78c	1780978766	-67361.08	suburban	everyday	manual	spot	balanced	5	10000	-5445.85	67800.00	45.02	110	True	Bankruptcy: deeply negative cash
67	57c9a78c	1780978767	-68457.39	suburban	everyday	manual	spot	balanced	5	10000	-7468.54	67800.00	57.50	92	True	Bankruptcy: deeply negative cash
68	57c9a78c	1780978768	6234.74	suburban	everyday	manual	spot	all-equity	5	10000	-5162.83	0.00	68.00	307	True	Bankruptcy: deeply negative cash
69	57c9a78c	1780978769	-72786.96	suburban	everyday	manual	spot	balanced	5	10000	-14861.68	66000.00	64.00	122	True	Bankruptcy: deeply negative cash
70	57c9a78c	1780978770	-152569.56	suburban	everyday	manual	spot	max-debt	5	10000	-21080.34	136600.00	51.00	2	True	Bankruptcy: deeply negative cash
71	57c9a78c	1780978771	-118773.46	suburban	everyday	manual	spot	leveraged	5	10000	-6900.63	117100.00	50.50	14	True	Bankruptcy: deeply negative cash
72	57c9a78c	1780978772	1758.03	suburban	everyday	manual	spot	all-equity	5	10000	-9625.70	0.00	73.50	279	True	Bankruptcy: deeply negative cash
73	57c9a78c	1780978773	-118133.07	suburban	everyday	manual	spot	leveraged	5	10000	-6376.73	117100.00	51.50	14	True	Bankruptcy: deeply negative cash
74	57c9a78c	1780978774	-68628.71	suburban	everyday	manual	spot	balanced	5	10000	-8825.23	67800.00	62.50	121	True	Bankruptcy: deeply negative cash
75	57c9a78c	1780978775	3849.89	suburban	everyday	manual	spot	all-equity	5	10000	-5357.18	0.00	70.00	203	True	Bankruptcy: deeply negative cash
76	57c9a78c	1780978776	42123.21	suburban	everyday	manual	spot	all-equity	5	10000	29353.71	0.00	65.50	361	True	Completed 360 days
77	57c9a78c	1780978777	-121070.50	suburban	everyday	manual	spot	leveraged	5	10000	-9261.46	117100.00	51.50	15	True	Bankruptcy: deeply negative cash
78	57c9a78c	1780978778	-68076.72	suburban	everyday	manual	spot	balanced	5	10000	-7806.14	67800.00	62.00	92	True	Bankruptcy: deeply negative cash
79	57c9a78c	1780978779	2877.12	suburban	everyday	manual	spot	all-equity	5	10000	-8467.40	0.00	67.00	296	True	Bankruptcy: deeply negative cash
80	57c9a78c	1780978780	-119941.01	suburban	everyday	manual	spot	leveraged	5	10000	-8100.25	117100.00	51.00	15	True	Bankruptcy: deeply negative cash
81	57c9a78c	1780978781	-64519.57	suburban	everyday	manual	spot	balanced	5	10000	-6046.52	66000.00	54.50	129	True	Bankruptcy: deeply negative cash
82	57c9a78c	1780978782	-258.81	suburban	everyday	manual	spot	all-equity	5	10000	-9589.43	0.00	66.00	219	True	Bankruptcy: deeply negative cash
83	57c9a78c	1780978783	-118850.87	suburban	everyday	manual	spot	leveraged	5	10000	-7070.91	117100.00	51.50	13	True	Bankruptcy: deeply negative cash
84	57c9a78c	1780978784	-151801.22	suburban	everyday	manual	spot	max-debt	5	10000	-20268.69	136600.00	50.50	2	True	Bankruptcy: deeply negative cash
85	57c9a78c	1780978785	-66254.01	suburban	everyday	manual	spot	balanced	5	10000	-5248.65	67800.00	55.50	95	True	Bankruptcy: deeply negative cash
86	57c9a78c	1780978786	-120512.76	suburban	everyday	manual	spot	leveraged	5	10000	-8819.75	117100.00	52.50	15	True	Bankruptcy: deeply negative cash
87	57c9a78c	1780978787	-65176.12	suburban	everyday	manual	spot	balanced	5	10000	-5155.12	67800.00	65.00	104	True	Bankruptcy: deeply negative cash
88	57c9a78c	1780978788	-69360.13	suburban	everyday	manual	spot	balanced	5	10000	-6412.34	67800.00	39.10	92	True	Bankruptcy: deeply negative cash
89	57c9a78c	1780978789	-152389.22	suburban	everyday	manual	spot	max-debt	5	10000	-20901.85	136600.00	51.00	2	True	Bankruptcy: deeply negative cash
90	57c9a78c	1780978790	4100.64	suburban	everyday	manual	spot	all-equity	5	10000	-5387.23	0.00	62.00	253	True	Bankruptcy: deeply negative cash
91	57c9a78c	1780978791	-61070.25	suburban	everyday	manual	spot	balanced	5	10000	-5037.56	64200.00	56.00	164	True	Bankruptcy: deeply negative cash
92	57c9a78c	1780978792	-152417.33	suburban	everyday	manual	spot	max-debt	5	10000	-20627.09	136600.00	48.00	2	True	Bankruptcy: deeply negative cash
93	57c9a78c	1780978793	6006.07	suburban	everyday	manual	spot	all-equity	5	10000	-5172.66	0.00	75.50	259	True	Bankruptcy: deeply negative cash
94	57c9a78c	1780978794	-119217.39	suburban	everyday	manual	spot	leveraged	5	10000	-7480.60	117100.00	52.00	14	True	Bankruptcy: deeply negative cash
95	57c9a78c	1780978795	-119813.30	suburban	everyday	manual	spot	leveraged	5	10000	-7825.49	117100.00	49.50	15	True	Bankruptcy: deeply negative cash
96	57c9a78c	1780978796	768.65	suburban	everyday	manual	spot	all-equity	5	10000	-8588.15	0.00	68.50	212	True	Bankruptcy: deeply negative cash
97	57c9a78c	1780978797	-69011.71	suburban	everyday	manual	spot	balanced	5	10000	-5520.45	67800.00	30.84	109	True	Bankruptcy: deeply negative cash
98	57c9a78c	1780978798	5009.85	suburban	everyday	manual	spot	all-equity	5	10000	-5014.33	0.00	68.50	244	True	Bankruptcy: deeply negative cash
99	57c9a78c	1780978799	-120240.49	suburban	everyday	manual	spot	leveraged	5	10000	-8396.35	117100.00	51.00	15	True	Bankruptcy: deeply negative cash
100	57c9a78c	1780978800	-68498.23	suburban	everyday	manual	spot	balanced	5	10000	-5063.30	67800.00	30.52	107	True	Bankruptcy: deeply negative cash
101	57c9a78c	1780978801	-152587.68	suburban	everyday	manual	spot	max-debt	5	10000	-21098.20	136600.00	51.00	2	True	Bankruptcy: deeply negative cash
102	57c9a78c	1780978802	-151927.91	suburban	everyday	manual	spot	max-debt	5	10000	-20441.20	136600.00	51.00	2	True	Bankruptcy: deeply negative cash
103	57c9a78c	1780978803	-118652.96	suburban	everyday	manual	spot	leveraged	5	10000	-6641.38	117100.00	49.00	15	True	Bankruptcy: deeply negative cash
104	57c9a78c	1780978804	-118412.82	suburban	everyday	manual	spot	leveraged	5	10000	-6695.38	117100.00	52.00	14	True	Bankruptcy: deeply negative cash
105	57c9a78c	1780978805	-152375.47	suburban	everyday	manual	spot	max-debt	5	10000	-20886.58	136600.00	51.00	2	True	Bankruptcy: deeply negative cash
106	57c9a78c	1780978806	-151831.67	suburban	everyday	manual	spot	max-debt	5	10000	-20395.87	136600.00	51.50	2	True	Bankruptcy: deeply negative cash
107	57c9a78c	1780978807	-120793.17	suburban	everyday	manual	spot	leveraged	5	10000	-8835.17	117100.00	50.00	15	True	Bankruptcy: deeply negative cash
108	57c9a78c	1780978808	4656.35	suburban	everyday	manual	spot	all-equity	5	10000	-5028.20	0.00	62.00	254	True	Bankruptcy: deeply negative cash
109	57c9a78c	1780978809	5180.17	suburban	everyday	manual	spot	all-equity	5	10000	-5439.17	0.00	77.00	222	True	Bankruptcy: deeply negative cash
110	57c9a78c	1780978810	-71129.97	suburban	everyday	manual	spot	balanced	5	10000	-8267.06	69600.00	56.00	89	True	Bankruptcy: deeply negative cash
111	57c9a78c	1780978811	-152824.24	suburban	everyday	manual	spot	max-debt	5	10000	-20388.77	136600.00	41.50	2	True	Bankruptcy: deeply negative cash
112	57c9a78c	1780978812	-152525.71	suburban	everyday	manual	spot	max-debt	5	10000	-21035.84	136600.00	51.00	2	True	Bankruptcy: deeply negative cash
113	57c9a78c	1780978813	-152404.24	suburban	everyday	manual	spot	max-debt	5	10000	-20614.08	136600.00	48.00	2	True	Bankruptcy: deeply negative cash
114	57c9a78c	1780978814	-68296.36	suburban	everyday	manual	spot	balanced	5	10000	-7936.98	67800.00	65.00	92	True	Bankruptcy: deeply negative cash
115	57c9a78c	1780978815	-152410.03	suburban	everyday	manual	spot	max-debt	5	10000	-20919.75	136600.00	51.00	2	True	Bankruptcy: deeply negative cash
116	57c9a78c	1780978816	-152023.98	suburban	everyday	manual	spot	max-debt	5	10000	-20590.83	136600.00	51.50	2	True	Bankruptcy: deeply negative cash
117	57c9a78c	1780978817	-151998.37	suburban	everyday	manual	spot	max-debt	5	10000	-20510.46	136600.00	51.00	2	True	Bankruptcy: deeply negative cash
118	57c9a78c	1780978818	-65601.64	suburban	everyday	manual	spot	balanced	5	10000	-5287.41	67800.00	60.50	107	True	Bankruptcy: deeply negative cash
119	57c9a78c	1780978819	-121379.64	suburban	everyday	manual	spot	leveraged	5	10000	-9794.51	117100.00	53.50	15	True	Bankruptcy: deeply negative cash
120	57c9a78c	1780978820	-152109.46	suburban	everyday	manual	spot	max-debt	5	10000	-20619.55	136600.00	51.00	2	True	Bankruptcy: deeply negative cash
121	57c9a78c	1780978821	-67764.24	suburban	everyday	manual	spot	balanced	5	10000	-5145.39	69600.00	59.50	91	True	Bankruptcy: deeply negative cash
122	57c9a78c	1780978822	-65998.62	suburban	everyday	manual	spot	balanced	5	10000	-8012.70	66000.00	61.00	122	True	Bankruptcy: deeply negative cash
123	57c9a78c	1780978823	-71039.64	suburban	everyday	manual	spot	balanced	5	10000	-8204.45	67800.00	38.72	100	True	Bankruptcy: deeply negative cash
124	57c9a78c	1780978824	3425.23	suburban	everyday	manual	spot	all-equity	5	10000	-5169.20	0.00	52.26	257	True	Bankruptcy: deeply negative cash
125	57c9a78c	1780978825	550.91	suburban	everyday	manual	spot	all-equity	5	10000	-9108.38	0.00	57.00	275	True	Bankruptcy: deeply negative cash
126	57c9a78c	1780978826	-152292.91	suburban	everyday	manual	spot	max-debt	5	10000	-20505.11	136600.00	48.00	2	True	Bankruptcy: deeply negative cash
127	57c9a78c	1780978827	-119862.02	suburban	everyday	manual	spot	leveraged	5	10000	-7085.41	117100.00	41.50	15	True	Bankruptcy: deeply negative cash
128	57c9a78c	1780978828	-152383.88	suburban	everyday	manual	spot	max-debt	5	10000	-20594.11	136600.00	48.00	2	True	Bankruptcy: deeply negative cash
129	57c9a78c	1780978829	-64245.11	suburban	everyday	manual	spot	balanced	5	10000	-5398.76	66000.00	54.00	123	True	Bankruptcy: deeply negative cash
130	57c9a78c	1780978830	5753.52	suburban	everyday	manual	spot	all-equity	5	10000	-7661.00	0.00	81.00	316	True	Bankruptcy: deeply negative cash
131	57c9a78c	1780978831	-152834.16	suburban	everyday	manual	spot	max-debt	5	10000	-20398.84	136600.00	41.50	2	True	Bankruptcy: deeply negative cash
132	57c9a78c	1780978832	-118178.44	suburban	everyday	manual	spot	leveraged	5	10000	-6624.26	117100.00	53.50	15	True	Bankruptcy: deeply negative cash
133	57c9a78c	1780978833	-72715.16	suburban	everyday	manual	spot	balanced	5	10000	-14408.51	66000.00	59.50	122	True	Bankruptcy: deeply negative cash
134	57c9a78c	1780978834	1386.27	suburban	everyday	manual	spot	all-equity	5	10000	-7851.49	0.00	56.00	272	True	Bankruptcy: deeply negative cash
135	57c9a78c	1780978835	4220.93	suburban	everyday	manual	spot	all-equity	5	10000	-6928.49	0.00	75.50	272	True	Bankruptcy: deeply negative cash
136	57c9a78c	1780978836	-152341.21	suburban	everyday	manual	spot	max-debt	5	10000	-20552.28	136600.00	48.00	2	True	Bankruptcy: deeply negative cash
137	57c9a78c	1780978837	-119818.36	suburban	everyday	manual	spot	leveraged	5	10000	-7786.42	117100.00	49.00	15	True	Bankruptcy: deeply negative cash
138	57c9a78c	1780978838	27991.72	suburban	everyday	manual	spot	all-equity	5	10000	14395.71	0.00	74.50	361	True	Completed 360 days
139	57c9a78c	1780978839	-118230.23	suburban	everyday	manual	spot	leveraged	5	10000	-6566.99	117100.00	52.50	14	True	Bankruptcy: deeply negative cash
140	57c9a78c	1780978840	5207.13	suburban	everyday	manual	spot	all-equity	5	10000	-5455.05	0.00	75.50	240	True	Bankruptcy: deeply negative cash
141	57c9a78c	1780978841	-152345.49	suburban	everyday	manual	spot	max-debt	5	10000	-20556.65	136600.00	48.00	2	True	Bankruptcy: deeply negative cash
142	57c9a78c	1780978842	-68472.18	suburban	everyday	manual	spot	balanced	5	10000	-6442.47	69600.00	64.00	87	True	Bankruptcy: deeply negative cash
143	57c9a78c	1780978843	-66973.69	suburban	everyday	manual	spot	balanced	5	10000	-6131.35	67800.00	58.50	92	True	Bankruptcy: deeply negative cash
144	57c9a78c	1780978844	7450.09	suburban	everyday	manual	spot	all-equity	5	10000	-5034.02	0.00	89.50	263	True	Bankruptcy: deeply negative cash
145	57c9a78c	1780978845	-65029.18	suburban	everyday	manual	spot	balanced	5	10000	-6048.88	66000.00	52.50	122	True	Bankruptcy: deeply negative cash
146	57c9a78c	1780978846	-152984.48	suburban	everyday	manual	spot	max-debt	5	10000	-20497.20	136600.00	41.00	2	True	Bankruptcy: deeply negative cash
147	57c9a78c	1780978847	1590.35	suburban	everyday	manual	spot	all-equity	5	10000	-7561.99	0.00	56.50	275	True	Bankruptcy: deeply negative cash
148	57c9a78c	1780978848	-67996.03	suburban	everyday	manual	spot	balanced	5	10000	-5214.01	69600.00	61.50	67	True	Bankruptcy: deeply negative cash
149	57c9a78c	1780978849	2259.50	suburban	everyday	manual	spot	all-equity	5	10000	-7738.04	0.00	69.50	242	True	Bankruptcy: deeply negative cash
150	57c9a78c	1780978850	-152184.37	suburban	everyday	manual	spot	max-debt	5	10000	-20692.99	136600.00	51.00	2	True	Bankruptcy: deeply negative cash
151	57c9a78c	1780978851	5612.36	suburban	everyday	manual	spot	all-equity	5	10000	-5023.26	0.00	67.00	267	True	Bankruptcy: deeply negative cash
152	57c9a78c	1780978852	-119278.65	suburban	everyday	manual	spot	leveraged	5	10000	-7600.43	117100.00	52.50	15	True	Bankruptcy: deeply negative cash
153	57c9a78c	1780978853	4623.87	suburban	everyday	manual	spot	all-equity	5	10000	-5027.51	0.00	62.00	248	True	Bankruptcy: deeply negative cash
154	57c9a78c	1780978854	-120091.05	suburban	everyday	manual	spot	leveraged	5	10000	-7362.31	117100.00	42.00	15	True	Bankruptcy: deeply negative cash
155	57c9a78c	1780978855	-119689.14	suburban	everyday	manual	spot	leveraged	5	10000	-7742.39	117100.00	50.00	14	True	Bankruptcy: deeply negative cash
156	57c9a78c	1780978856	-152174.61	suburban	everyday	manual	spot	max-debt	5	10000	-20683.07	136600.00	51.00	2	True	Bankruptcy: deeply negative cash
157	57c9a78c	1780978857	-76413.64	suburban	everyday	manual	spot	balanced	5	10000	-14673.74	67800.00	49.00	92	True	Bankruptcy: deeply negative cash
158	57c9a78c	1780978858	-118271.22	suburban	everyday	manual	spot	leveraged	5	10000	-6964.27	117100.00	56.00	15	True	Bankruptcy: deeply negative cash
159	57c9a78c	1780978859	-118473.98	suburban	everyday	manual	spot	leveraged	5	10000	-6614.43	117100.00	50.50	15	True	Bankruptcy: deeply negative cash
160	57c9a78c	1780978860	-152203.78	suburban	everyday	manual	spot	max-debt	5	10000	-20913.80	136600.00	53.00	2	True	Bankruptcy: deeply negative cash
161	57c9a78c	1780978861	-152436.87	suburban	everyday	manual	spot	max-debt	5	10000	-20646.60	136600.00	48.00	2	True	Bankruptcy: deeply negative cash
162	57c9a78c	1780978862	-68923.95	suburban	everyday	manual	spot	balanced	5	10000	-5855.80	69600.00	56.00	87	True	Bankruptcy: deeply negative cash
163	57c9a78c	1780978863	3331.49	suburban	everyday	manual	spot	all-equity	5	10000	-5511.04	0.00	57.52	239	True	Bankruptcy: deeply negative cash
164	57c9a78c	1780978864	33911.40	suburban	everyday	manual	spot	all-equity	5	10000	21311.51	0.00	66.00	361	True	Completed 360 days
165	57c9a78c	1780978865	-119843.07	suburban	everyday	manual	spot	leveraged	5	10000	-7115.95	117100.00	42.00	14	True	Bankruptcy: deeply negative cash
166	57c9a78c	1780978866	5891.67	suburban	everyday	manual	spot	all-equity	5	10000	-5080.07	0.00	69.06	278	True	Bankruptcy: deeply negative cash
167	57c9a78c	1780978867	-151898.05	suburban	everyday	manual	spot	max-debt	5	10000	-20461.13	136600.00	51.50	2	True	Bankruptcy: deeply negative cash
168	57c9a78c	1780978868	5426.67	suburban	everyday	manual	spot	all-equity	5	10000	-6020.91	0.00	69.50	302	True	Bankruptcy: deeply negative cash
169	57c9a78c	1780978869	-66766.59	suburban	everyday	manual	spot	balanced	5	10000	-5263.58	67800.00	49.00	110	True	Bankruptcy: deeply negative cash
170	57c9a78c	1780978870	-68105.02	suburban	everyday	manual	spot	balanced	5	10000	-5462.03	69600.00	59.50	89	True	Bankruptcy: deeply negative cash
171	57c9a78c	1780978871	-2223.75	suburban	everyday	manual	spot	all-equity	5	10000	-10690.95	0.00	56.00	233	True	Bankruptcy: deeply negative cash
172	57c9a78c	1780978872	-67008.77	suburban	everyday	manual	spot	balanced	5	10000	-5215.97	67800.00	48.00	104	True	Bankruptcy: deeply negative cash
173	57c9a78c	1780978873	-120420.37	suburban	everyday	manual	spot	leveraged	5	10000	-7647.70	117100.00	41.50	16	True	Bankruptcy: deeply negative cash
174	57c9a78c	1780978874	-117408.36	suburban	everyday	manual	spot	leveraged	5	10000	-5756.07	117100.00	52.50	14	True	Bankruptcy: deeply negative cash
175	57c9a78c	1780978875	5107.14	suburban	everyday	manual	spot	all-equity	5	10000	-5303.10	0.00	66.50	262	True	Bankruptcy: deeply negative cash
176	57c9a78c	1780978876	-71991.99	suburban	everyday	manual	spot	balanced	5	10000	-8881.11	69600.00	55.50	91	True	Bankruptcy: deeply negative cash
177	57c9a78c	1780978877	-66154.62	suburban	everyday	manual	spot	balanced	5	10000	-6753.20	67800.00	72.00	92	True	Bankruptcy: deeply negative cash
178	57c9a78c	1780978878	1831.22	suburban	everyday	manual	spot	all-equity	5	10000	-5027.35	0.00	46.50	216	True	Bankruptcy: deeply negative cash
179	57c9a78c	1780978879	-119390.87	suburban	everyday	manual	spot	leveraged	5	10000	-7613.30	117100.00	51.50	15	True	Bankruptcy: deeply negative cash
180	57c9a78c	1780978880	3510.15	suburban	everyday	manual	spot	all-equity	5	10000	-5026.38	0.00	66.00	198	True	Bankruptcy: deeply negative cash
181	57c9a78c	1780978881	3008.32	suburban	everyday	manual	spot	all-equity	5	10000	-5061.26	0.00	53.00	230	True	Bankruptcy: deeply negative cash
182	57c9a78c	1780978882	28009.21	suburban	everyday	manual	spot	all-equity	5	10000	13500.18	0.00	76.00	361	True	Completed 360 days
183	57c9a78c	1780978883	-152225.42	suburban	everyday	manual	spot	max-debt	5	10000	-20739.30	136600.00	51.00	2	True	Bankruptcy: deeply negative cash
184	57c9a78c	1780978884	-71320.20	suburban	everyday	manual	spot	balanced	5	10000	-8615.72	69600.00	57.50	90	True	Bankruptcy: deeply negative cash
185	57c9a78c	1780978885	-118437.37	suburban	everyday	manual	spot	leveraged	5	10000	-6775.36	117100.00	52.50	15	True	Bankruptcy: deeply negative cash
186	57c9a78c	1780978886	968.10	suburban	everyday	manual	spot	all-equity	5	10000	-5417.81	0.00	36.00	241	True	Bankruptcy: deeply negative cash
187	57c9a78c	1780978887	-152196.83	suburban	everyday	manual	spot	max-debt	5	10000	-20710.91	136600.00	51.00	2	True	Bankruptcy: deeply negative cash
188	57c9a78c	1780978888	-119753.69	suburban	everyday	manual	spot	leveraged	5	10000	-7774.39	117100.00	49.50	14	True	Bankruptcy: deeply negative cash
189	57c9a78c	1780978889	-68791.06	suburban	everyday	manual	spot	balanced	5	10000	-5298.94	69600.00	54.00	86	True	Bankruptcy: deeply negative cash
190	57c9a78c	1780978890	-65564.23	suburban	everyday	manual	spot	balanced	5	10000	-5409.77	67800.00	62.50	102	True	Bankruptcy: deeply negative cash
191	57c9a78c	1780978891	4250.85	suburban	everyday	manual	spot	all-equity	5	10000	-7500.91	0.00	76.50	272	True	Bankruptcy: deeply negative cash
192	57c9a78c	1780978892	4671.42	suburban	everyday	manual	spot	all-equity	5	10000	-5094.35	0.00	76.50	188	True	Bankruptcy: deeply negative cash
193	57c9a78c	1780978893	-65351.25	suburban	everyday	manual	spot	balanced	5	10000	-5086.79	67800.00	60.50	107	True	Bankruptcy: deeply negative cash
194	57c9a78c	1780978894	-66559.41	suburban	everyday	manual	spot	balanced	5	10000	-5048.97	67800.00	48.50	110	True	Bankruptcy: deeply negative cash
195	57c9a78c	1780978895	-152312.55	suburban	everyday	manual	spot	max-debt	5	10000	-20524.18	136600.00	48.00	2	True	Bankruptcy: deeply negative cash
196	57c9a78c	1780978896	8788.60	suburban	everyday	manual	spot	all-equity	5	10000	-5326.89	0.00	88.50	302	True	Bankruptcy: deeply negative cash
197	57c9a78c	1780978897	-2632.08	suburban	everyday	manual	spot	all-equity	5	10000	-10249.52	0.00	54.50	207	True	Bankruptcy: deeply negative cash
198	57c9a78c	1780978898	-120227.41	suburban	everyday	manual	spot	leveraged	5	10000	-8521.09	117100.00	52.50	14	True	Bankruptcy: deeply negative cash
199	57c9a78c	1780978899	-69303.04	suburban	everyday	manual	spot	balanced	5	10000	-8169.59	67800.00	55.00	92	True	Bankruptcy: deeply negative cash
0	e5b88b01	1780978877	-178561.69	suburban	everyday	automated	spot	max-debt	5	10000	-47523.34	136600.00	55.50	2	True	Bankruptcy: deeply negative cash
1	e5b88b01	1780978878	-73841.43	urban	everyday	automated	coop	balanced	5	10000	-8946.07	69600.00	38.98	62	True	Bankruptcy: deeply negative cash
2	e5b88b01	1780978879	-152889.05	office	everyday	manual	spot	max-debt	5	10000	-21450.70	136600.00	51.50	2	True	Bankruptcy: deeply negative cash
3	e5b88b01	1780978880	-118038.37	university	sweet	manual	spot	leveraged	5	10000	-8509.54	114200.00	42.00	32	True	Bankruptcy: deeply negative cash
4	e5b88b01	1780978881	-176350.52	mall	everyday	automated	spot	max-debt	5	10000	-45268.01	136600.00	55.00	2	True	Bankruptcy: deeply negative cash
5	e5b88b01	1780978882	-70792.85	university	speed	specialized	spot	balanced	5	10000	-5454.42	69600.00	33.50	71	True	Bankruptcy: deeply negative cash
6	e5b88b01	1780978883	3785.53	university	everyday	specialized	direct	all-equity	5	10000	-167.30	0.00	14.00	243	True	Reputation collapse (< 15)
7	e5b88b01	1780978884	-117924.46	university	sweet	manual	coop	leveraged	5	10000	-7759.19	114200.00	36.00	32	True	Bankruptcy: deeply negative cash
8	e5b88b01	1780978885	6814.52	urban	gourmet	automated	direct	all-equity	5	10000	-160.57	0.00	11.00	332	True	Reputation collapse (< 15)
9	e5b88b01	1780978886	5973.03	suburban	sweet	automated	spot	all-equity	5	10000	-5259.73	0.00	74.00	242	True	Bankruptcy: deeply negative cash
10	e5b88b01	1780978887	1088.75	urban	gourmet	manual	coop	all-equity	5	10000	-5309.93	0.00	28.00	245	True	Bankruptcy: deeply negative cash
11	e5b88b01	1780978888	-128913.13	office	sweet	specialized	monthly	leveraged	5	10000	-16783.93	117100.00	49.50	2	True	Bankruptcy: deeply negative cash
12	e5b88b01	1780978889	-126195.27	mall	everyday	specialized	coop	leveraged	5	10000	-14064.81	117100.00	49.50	2	True	Bankruptcy: deeply negative cash
13	e5b88b01	1780978890	-140579.68	urban	sweet	automated	spot	leveraged	5	10000	-29053.10	117100.00	55.50	2	True	Bankruptcy: deeply negative cash
14	e5b88b01	1780978891	96145.98	mall	gourmet	manual	direct	all-equity	5	10000	91578.74	0.00	14.50	169	True	Reputation collapse (< 15)
15	e5b88b01	1780978892	-73131.12	office	sweet	manual	monthly	balanced	5	10000	-10346.52	67800.00	38.00	112	True	Bankruptcy: deeply negative cash
16	e5b88b01	1780978893	-880.55	university	everyday	specialized	monthly	all-equity	5	10000	-5221.73	0.00	21.00	221	True	Bankruptcy: deeply negative cash
17	e5b88b01	1780978894	-71997.99	urban	speed	automated	monthly	balanced	5	10000	-5475.65	71400.00	43.00	42	True	Bankruptcy: deeply negative cash
18	e5b88b01	1780978895	-40033.05	mall	gourmet	manual	direct	balanced	5	10000	21967.31	66000.00	14.50	126	True	Reputation collapse (< 15)
19	e5b88b01	1780978896	-136522.14	mall	speed	automated	spot	leveraged	5	10000	-25138.04	117100.00	57.00	2	True	Bankruptcy: deeply negative cash
20	e5b88b01	1780978897	-178395.37	office	gourmet	automated	monthly	max-debt	5	10000	-47413.40	136600.00	56.00	2	True	Bankruptcy: deeply negative cash
21	e5b88b01	1780978898	-178305.03	suburban	gourmet	automated	monthly	max-debt	5	10000	-47319.13	136600.00	56.00	2	True	Bankruptcy: deeply negative cash
22	e5b88b01	1780978899	-130543.49	urban	sweet	specialized	direct	leveraged	5	10000	-18713.52	117100.00	52.50	2	True	Bankruptcy: deeply negative cash
23	e5b88b01	1780978900	-176243.67	university	sweet	automated	monthly	max-debt	5	10000	-45261.11	136600.00	56.00	2	True	Bankruptcy: deeply negative cash
24	e5b88b01	1780978901	-118556.59	university	sweet	manual	direct	leveraged	5	10000	-9735.80	114200.00	50.00	32	True	Bankruptcy: deeply negative cash
25	e5b88b01	1780978902	-72344.91	mall	speed	specialized	direct	balanced	5	10000	-8566.94	67800.00	24.00	99	True	Bankruptcy: deeply negative cash
26	e5b88b01	1780978903	-135482.31	mall	gourmet	automated	monthly	leveraged	5	10000	-24055.33	117100.00	56.50	2	True	Bankruptcy: deeply negative cash
27	e5b88b01	1780978904	1963.43	suburban	everyday	automated	monthly	all-equity	5	10000	-7956.33	0.00	65.50	231	True	Bankruptcy: deeply negative cash
28	e5b88b01	1780978905	-954.56	university	speed	automated	spot	all-equity	5	10000	-5604.45	0.00	24.00	209	True	Bankruptcy: deeply negative cash
29	e5b88b01	1780978906	-21766.62	mall	gourmet	manual	direct	balanced	5	10000	37262.64	64200.00	14.06	167	True	Reputation collapse (< 15)
30	e5b88b01	1780978907	93918.85	mall	speed	specialized	monthly	all-equity	5	10000	91086.20	0.00	12.00	92	True	Reputation collapse (< 15)
31	e5b88b01	1780978908	1625.95	office	everyday	automated	direct	all-equity	5	10000	-5141.96	0.00	52.00	172	True	Bankruptcy: deeply negative cash
32	e5b88b01	1780978909	-126754.41	university	sweet	specialized	coop	leveraged	5	10000	-14276.99	117100.00	46.00	2	True	Bankruptcy: deeply negative cash
33	e5b88b01	1780978910	-69419.31	office	sweet	specialized	coop	balanced	5	10000	-5395.05	69600.00	49.50	67	True	Bankruptcy: deeply negative cash
34	e5b88b01	1780978911	-119025.58	university	everyday	manual	spot	leveraged	5	10000	-6097.27	117100.00	40.00	16	True	Bankruptcy: deeply negative cash
35	e5b88b01	1780978912	-126715.35	university	sweet	specialized	coop	leveraged	5	10000	-14582.55	117100.00	49.50	2	True	Bankruptcy: deeply negative cash
36	e5b88b01	1780978913	3791.56	suburban	speed	automated	direct	all-equity	5	10000	-5414.99	0.00	65.50	205	True	Bankruptcy: deeply negative cash
37	e5b88b01	1780978914	1559.81	office	everyday	specialized	direct	all-equity	5	10000	-5079.13	0.00	49.50	179	True	Bankruptcy: deeply negative cash
38	e5b88b01	1780978915	-4016.78	suburban	speed	automated	coop	all-equity	5	10000	-12162.09	0.00	60.50	182	True	Bankruptcy: deeply negative cash
39	e5b88b01	1780978916	-65394.84	urban	gourmet	manual	spot	balanced	5	10000	-5033.39	66000.00	30.50	147	True	Bankruptcy: deeply negative cash
40	e5b88b01	1780978917	-428.43	urban	everyday	manual	coop	all-equity	5	10000	-5149.52	0.00	24.50	205	True	Bankruptcy: deeply negative cash
41	e5b88b01	1780978918	-135719.73	university	sweet	automated	direct	leveraged	5	10000	-24441.21	117100.00	58.00	2	True	Bankruptcy: deeply negative cash
42	e5b88b01	1780978919	-149388.16	mall	speed	manual	monthly	max-debt	5	10000	-18002.41	136600.00	52.00	2	True	Bankruptcy: deeply negative cash
43	e5b88b01	1780978920	2946.05	suburban	everyday	automated	coop	all-equity	5	10000	-8000.32	0.00	71.00	255	True	Bankruptcy: deeply negative cash
44	e5b88b01	1780978921	860.43	urban	speed	specialized	monthly	all-equity	5	10000	-5127.50	0.00	26.50	237	True	Bankruptcy: deeply negative cash
45	e5b88b01	1780978922	58744.50	mall	everyday	manual	spot	all-equity	5	10000	54049.34	0.00	14.96	190	True	Reputation collapse (< 15)
46	e5b88b01	1780978923	6763.06	suburban	gourmet	automated	spot	all-equity	5	10000	-5370.70	0.00	70.00	302	True	Bankruptcy: deeply negative cash
47	e5b88b01	1780978924	-66770.13	office	gourmet	manual	monthly	balanced	5	10000	-5014.77	67800.00	47.00	113	True	Bankruptcy: deeply negative cash
48	e5b88b01	1780978925	97602.21	mall	sweet	specialized	direct	all-equity	5	10000	94289.29	0.00	14.00	98	True	Reputation collapse (< 15)
49	e5b88b01	1780978926	91274.39	mall	gourmet	specialized	monthly	all-equity	5	10000	88289.80	0.00	14.50	94	True	Reputation collapse (< 15)
50	e5b88b01	1780978927	-148718.19	mall	everyday	manual	coop	max-debt	5	10000	-17292.46	136600.00	51.50	2	True	Bankruptcy: deeply negative cash
51	e5b88b01	1780978928	1892.00	urban	speed	automated	spot	all-equity	5	10000	-6835.34	0.00	45.00	242	True	Bankruptcy: deeply negative cash
52	e5b88b01	1780978929	1191.02	office	everyday	manual	direct	all-equity	5	10000	-5654.04	0.00	42.00	245	True	Bankruptcy: deeply negative cash
53	e5b88b01	1780978930	-127512.21	mall	speed	specialized	spot	leveraged	5	10000	-15326.35	117100.00	49.00	2	True	Bankruptcy: deeply negative cash
54	e5b88b01	1780978931	-69095.45	university	gourmet	automated	coop	balanced	5	10000	-5311.01	69600.00	45.00	91	True	Bankruptcy: deeply negative cash
55	e5b88b01	1780978932	-70085.75	urban	sweet	automated	direct	balanced	5	10000	-5176.10	69600.00	35.36	78	True	Bankruptcy: deeply negative cash
56	e5b88b01	1780978933	-167284.50	university	everyday	specialized	coop	max-debt	5	10000	-35646.06	136600.00	49.50	2	True	Bankruptcy: deeply negative cash
57	e5b88b01	1780978934	-138150.75	office	sweet	automated	direct	leveraged	5	10000	-26919.04	117100.00	58.50	2	True	Bankruptcy: deeply negative cash
58	e5b88b01	1780978935	-137864.59	suburban	everyday	automated	coop	leveraged	5	10000	-26377.87	117100.00	56.00	2	True	Bankruptcy: deeply negative cash
59	e5b88b01	1780978936	-180217.49	urban	sweet	automated	coop	max-debt	5	10000	-48941.15	136600.00	53.00	2	True	Bankruptcy: deeply negative cash
60	e5b88b01	1780978937	-840.85	university	sweet	specialized	coop	all-equity	5	10000	-5719.89	0.00	25.50	212	True	Bankruptcy: deeply negative cash
61	e5b88b01	1780978938	-125549.92	mall	sweet	specialized	direct	leveraged	5	10000	-13672.77	117100.00	52.00	2	True	Bankruptcy: deeply negative cash
62	e5b88b01	1780978939	-153295.30	urban	everyday	manual	direct	max-debt	5	10000	-22160.75	136600.00	54.50	2	True	Bankruptcy: deeply negative cash
63	e5b88b01	1780978940	-68328.04	office	speed	manual	coop	balanced	5	10000	-8124.48	66000.00	44.10	122	True	Bankruptcy: deeply negative cash
64	e5b88b01	1780978941	-176182.04	mall	gourmet	automated	spot	max-debt	5	10000	-45108.54	136600.00	55.00	2	True	Bankruptcy: deeply negative cash
65	e5b88b01	1780978942	-120492.03	office	gourmet	manual	spot	leveraged	5	10000	-8516.70	117100.00	49.50	14	True	Bankruptcy: deeply negative cash
66	e5b88b01	1780978943	-112759.77	university	sweet	manual	direct	leveraged	5	10000	-6718.05	111300.00	42.00	62	True	Bankruptcy: deeply negative cash
67	e5b88b01	1780978944	-168425.33	suburban	everyday	specialized	direct	max-debt	5	10000	-36737.25	136600.00	49.00	2	True	Bankruptcy: deeply negative cash
68	e5b88b01	1780978945	-181176.96	urban	sweet	automated	spot	max-debt	5	10000	-50097.32	136600.00	55.00	2	True	Bankruptcy: deeply negative cash
69	e5b88b01	1780978946	38987.93	university	gourmet	automated	monthly	all-equity	5	10000	33070.57	0.00	14.50	276	True	Reputation collapse (< 15)
70	e5b88b01	1780978947	-62768.99	suburban	sweet	specialized	coop	balanced	5	10000	-5137.23	66000.00	63.00	122	True	Bankruptcy: deeply negative cash
71	e5b88b01	1780978948	-64074.99	office	gourmet	manual	spot	balanced	5	10000	-5009.98	66000.00	49.50	134	True	Bankruptcy: deeply negative cash
72	e5b88b01	1780978949	-130551.78	urban	speed	specialized	coop	leveraged	5	10000	-18474.94	117100.00	50.00	2	True	Bankruptcy: deeply negative cash
73	e5b88b01	1780978950	-2260.41	urban	speed	automated	spot	all-equity	5	10000	-7217.48	0.00	22.50	182	True	Bankruptcy: deeply negative cash
74	e5b88b01	1780978951	-19263.13	mall	sweet	manual	monthly	balanced	5	10000	41941.32	66000.00	14.50	148	True	Reputation collapse (< 15)
75	e5b88b01	1780978952	30865.40	suburban	speed	specialized	monthly	all-equity	5	10000	16415.14	0.00	75.00	361	True	Completed 360 days
76	e5b88b01	1780978953	66186.15	mall	gourmet	manual	coop	all-equity	5	10000	61580.18	0.00	14.78	189	True	Reputation collapse (< 15)
77	e5b88b01	1780978954	-2407.36	university	gourmet	automated	spot	all-equity	5	10000	-7896.22	0.00	22.50	252	True	Bankruptcy: deeply negative cash
78	e5b88b01	1780978955	924.54	urban	gourmet	manual	monthly	all-equity	5	10000	-5117.62	0.00	24.00	260	True	Bankruptcy: deeply negative cash
79	e5b88b01	1780978956	-154705.49	urban	speed	manual	spot	max-debt	5	10000	-23221.72	136600.00	51.00	2	True	Bankruptcy: deeply negative cash
80	e5b88b01	1780978957	-70258.41	suburban	everyday	manual	spot	balanced	5	10000	-5577.60	69600.00	38.50	90	True	Bankruptcy: deeply negative cash
81	e5b88b01	1780978958	-114575.85	suburban	gourmet	manual	coop	leveraged	5	10000	-5239.16	114200.00	43.00	32	True	Bankruptcy: deeply negative cash
82	e5b88b01	1780978959	-118318.80	urban	sweet	manual	coop	leveraged	5	10000	-6265.18	117100.00	48.50	13	True	Bankruptcy: deeply negative cash
83	e5b88b01	1780978960	-67861.38	mall	sweet	automated	direct	balanced	5	10000	-5240.95	67800.00	32.00	100	True	Bankruptcy: deeply negative cash
84	e5b88b01	1780978961	-171021.92	urban	gourmet	specialized	monthly	max-debt	5	10000	-39490.51	136600.00	50.50	2	True	Bankruptcy: deeply negative cash
85	e5b88b01	1780978962	-137855.87	office	speed	automated	direct	leveraged	5	10000	-26621.74	117100.00	58.50	2	True	Bankruptcy: deeply negative cash
86	e5b88b01	1780978963	64349.99	suburban	sweet	specialized	direct	all-equity	5	10000	50121.39	0.00	66.00	361	True	Completed 360 days
87	e5b88b01	1780978964	-68448.04	office	gourmet	automated	monthly	balanced	5	10000	-5202.16	69600.00	57.04	63	True	Bankruptcy: deeply negative cash
88	e5b88b01	1780978965	712.16	suburban	everyday	automated	coop	all-equity	5	10000	-8565.32	0.00	65.50	212	True	Bankruptcy: deeply negative cash
89	e5b88b01	1780978966	-653.89	urban	speed	specialized	direct	all-equity	5	10000	-5048.43	0.00	20.50	190	True	Bankruptcy: deeply negative cash
90	e5b88b01	1780978967	-1944.69	urban	gourmet	automated	monthly	all-equity	5	10000	-8784.69	0.00	32.50	236	True	Bankruptcy: deeply negative cash
91	e5b88b01	1780978968	-168950.71	office	sweet	specialized	direct	max-debt	5	10000	-37564.27	136600.00	52.00	2	True	Bankruptcy: deeply negative cash
92	e5b88b01	1780978969	-69764.37	mall	everyday	automated	direct	balanced	5	10000	-5325.99	69600.00	34.50	90	True	Bankruptcy: deeply negative cash
93	e5b88b01	1780978970	-70739.18	office	sweet	specialized	coop	balanced	5	10000	-9282.49	67800.00	52.00	92	True	Bankruptcy: deeply negative cash
94	e5b88b01	1780978971	48092.25	urban	gourmet	automated	spot	all-equity	5	10000	42729.41	0.00	14.50	213	True	Reputation collapse (< 15)
95	e5b88b01	1780978972	-64652.09	office	sweet	specialized	coop	balanced	5	10000	-5233.76	66000.00	46.50	122	True	Bankruptcy: deeply negative cash
96	e5b88b01	1780978973	-136429.81	mall	speed	automated	spot	leveraged	5	10000	-24845.74	117100.00	55.00	2	True	Bankruptcy: deeply negative cash
97	e5b88b01	1780978974	-166533.71	mall	sweet	specialized	monthly	max-debt	5	10000	-34655.27	136600.00	47.00	2	True	Bankruptcy: deeply negative cash
98	e5b88b01	1780978975	-168749.25	office	everyday	specialized	direct	max-debt	5	10000	-37115.78	136600.00	49.50	2	True	Bankruptcy: deeply negative cash
99	e5b88b01	1780978976	-166948.78	mall	sweet	specialized	monthly	max-debt	5	10000	-35366.12	136600.00	50.00	2	True	Bankruptcy: deeply negative cash
100	e5b88b01	1780978977	-136098.99	mall	sweet	automated	spot	leveraged	5	10000	-24570.43	117100.00	55.50	2	True	Bankruptcy: deeply negative cash
101	e5b88b01	1780978978	-137910.60	office	speed	automated	direct	leveraged	5	10000	-26626.37	117100.00	58.00	2	True	Bankruptcy: deeply negative cash
102	e5b88b01	1780978979	-167953.03	university	speed	specialized	spot	max-debt	5	10000	-35964.41	136600.00	46.00	2	True	Bankruptcy: deeply negative cash
103	e5b88b01	1780978980	46353.36	suburban	sweet	specialized	direct	all-equity	5	10000	33625.70	0.00	56.50	361	True	Completed 360 days
104	e5b88b01	1780978981	-138172.47	office	everyday	automated	direct	leveraged	5	10000	-26637.83	117100.00	55.50	2	True	Bankruptcy: deeply negative cash
105	e5b88b01	1780978982	-149738.50	university	sweet	manual	monthly	max-debt	5	10000	-18353.55	136600.00	52.00	2	True	Bankruptcy: deeply negative cash
106	e5b88b01	1780978983	2470.12	suburban	sweet	manual	monthly	all-equity	5	10000	-8404.90	0.00	74.00	255	True	Bankruptcy: deeply negative cash
107	e5b88b01	1780978984	-166221.24	mall	everyday	specialized	monthly	max-debt	5	10000	-34642.69	136600.00	50.00	2	True	Bankruptcy: deeply negative cash
108	e5b88b01	1780978985	-154517.32	urban	everyday	manual	spot	max-debt	5	10000	-23080.02	136600.00	51.50	2	True	Bankruptcy: deeply negative cash
109	e5b88b01	1780978986	-154106.97	urban	sweet	manual	spot	max-debt	5	10000	-22678.25	136600.00	51.50	2	True	Bankruptcy: deeply negative cash
110	e5b88b01	1780978987	-140464.94	urban	sweet	automated	coop	leveraged	5	10000	-28985.89	117100.00	56.00	2	True	Bankruptcy: deeply negative cash
111	e5b88b01	1780978988	-166803.48	university	everyday	specialized	direct	max-debt	5	10000	-35417.97	136600.00	52.00	2	True	Bankruptcy: deeply negative cash
112	e5b88b01	1780978989	-118422.28	suburban	sweet	manual	spot	leveraged	5	10000	-6473.94	117100.00	49.50	15	True	Bankruptcy: deeply negative cash
113	e5b88b01	1780978990	-148865.04	mall	gourmet	manual	direct	max-debt	5	10000	-17383.67	136600.00	51.00	2	True	Bankruptcy: deeply negative cash
114	e5b88b01	1780978991	8553.33	suburban	gourmet	manual	spot	all-equity	5	10000	1103.00	0.00	26.56	361	True	Completed 360 days
115	e5b88b01	1780978992	-140109.90	urban	gourmet	automated	coop	leveraged	5	10000	-28580.59	117100.00	55.50	2	True	Bankruptcy: deeply negative cash
116	e5b88b01	1780978993	-138789.51	suburban	gourmet	automated	spot	leveraged	5	10000	-26903.56	117100.00	52.00	2	True	Bankruptcy: deeply negative cash
117	e5b88b01	1780978994	56381.84	suburban	speed	specialized	direct	all-equity	5	10000	41788.93	0.00	79.00	361	True	Completed 360 days
118	e5b88b01	1780978995	-168760.63	suburban	sweet	specialized	coop	max-debt	5	10000	-37177.92	136600.00	50.00	2	True	Bankruptcy: deeply negative cash
119	e5b88b01	1780978996	-116610.57	office	gourmet	manual	direct	leveraged	5	10000	-8334.01	114200.00	54.50	32	True	Bankruptcy: deeply negative cash
120	e5b88b01	1780978997	-76735.91	mall	everyday	automated	spot	balanced	5	10000	-10868.45	69600.00	27.00	68	True	Bankruptcy: deeply negative cash
121	e5b88b01	1780978998	-165693.11	mall	sweet	specialized	direct	max-debt	5	10000	-34312.97	136600.00	52.00	2	True	Bankruptcy: deeply negative cash
122	e5b88b01	1780978999	-138082.27	suburban	sweet	automated	monthly	leveraged	5	10000	-26644.05	117100.00	56.50	2	True	Bankruptcy: deeply negative cash
123	e5b88b01	1780979000	-68500.44	suburban	everyday	specialized	coop	balanced	5	10000	-5876.11	67800.00	39.00	93	True	Bankruptcy: deeply negative cash
124	e5b88b01	1780979001	-127359.16	mall	everyday	specialized	spot	leveraged	5	10000	-14874.15	117100.00	46.00	2	True	Bankruptcy: deeply negative cash
125	e5b88b01	1780979002	-70450.94	university	speed	automated	direct	balanced	5	10000	-7017.13	67800.00	32.00	92	True	Bankruptcy: deeply negative cash
126	e5b88b01	1780979003	-17.02	office	sweet	specialized	spot	all-equity	5	10000	-5050.39	0.00	20.50	245	True	Bankruptcy: deeply negative cash
127	e5b88b01	1780979004	-166334.20	mall	everyday	specialized	monthly	max-debt	5	10000	-34753.44	136600.00	50.00	2	True	Bankruptcy: deeply negative cash
128	e5b88b01	1780979005	-74448.85	university	gourmet	automated	spot	balanced	5	10000	-10650.89	69600.00	44.50	91	True	Bankruptcy: deeply negative cash
129	e5b88b01	1780979006	-117184.92	suburban	gourmet	manual	monthly	leveraged	5	10000	-7995.97	114200.00	45.00	32	True	Bankruptcy: deeply negative cash
130	e5b88b01	1780979007	3266.69	suburban	sweet	automated	spot	all-equity	5	10000	-6883.68	0.00	65.28	239	True	Bankruptcy: deeply negative cash
131	e5b88b01	1780979008	-166418.15	university	speed	specialized	direct	max-debt	5	10000	-35032.00	136600.00	52.00	2	True	Bankruptcy: deeply negative cash
132	e5b88b01	1780979009	-118059.70	office	speed	manual	direct	leveraged	5	10000	-6610.55	117100.00	55.00	14	True	Bankruptcy: deeply negative cash
133	e5b88b01	1780979010	-141333.36	urban	gourmet	automated	monthly	leveraged	5	10000	-28852.78	117100.00	46.00	2	True	Bankruptcy: deeply negative cash
134	e5b88b01	1780979011	4427.86	urban	speed	specialized	monthly	all-equity	5	10000	1137.51	0.00	11.00	182	True	Reputation collapse (< 15)
135	e5b88b01	1780979012	-69735.01	office	gourmet	specialized	monthly	balanced	5	10000	-6052.01	67800.00	31.16	92	True	Bankruptcy: deeply negative cash
136	e5b88b01	1780979013	-72237.38	office	everyday	specialized	spot	balanced	5	10000	-7069.50	69600.00	40.00	62	True	Bankruptcy: deeply negative cash
137	e5b88b01	1780979014	-64926.34	university	everyday	manual	spot	balanced	5	10000	-2228.85	66000.00	14.40	135	True	Reputation collapse (< 15)
138	e5b88b01	1780979015	55004.87	suburban	gourmet	specialized	monthly	all-equity	5	10000	42112.80	0.00	58.56	361	True	Completed 360 days
139	e5b88b01	1780979016	-136028.64	university	everyday	automated	direct	leveraged	5	10000	-24744.42	117100.00	58.00	2	True	Bankruptcy: deeply negative cash
140	e5b88b01	1780979017	-660.97	suburban	everyday	specialized	monthly	all-equity	5	10000	-6721.66	0.00	44.18	181	True	Bankruptcy: deeply negative cash
141	e5b88b01	1780979018	-65255.60	suburban	everyday	automated	monthly	balanced	5	10000	-6371.22	67800.00	72.50	92	True	Bankruptcy: deeply negative cash
142	e5b88b01	1780979019	-176910.41	university	gourmet	automated	spot	max-debt	5	10000	-45829.93	136600.00	55.00	2	True	Bankruptcy: deeply negative cash
143	e5b88b01	1780979020	-70847.57	mall	everyday	automated	monthly	balanced	5	10000	-5995.68	69600.00	31.00	87	True	Bankruptcy: deeply negative cash
144	e5b88b01	1780979021	-153361.82	office	gourmet	manual	spot	max-debt	5	10000	-20927.57	136600.00	41.50	2	True	Bankruptcy: deeply negative cash
145	e5b88b01	1780979022	-65380.11	suburban	speed	manual	direct	balanced	5	10000	-5440.49	67800.00	64.00	102	True	Bankruptcy: deeply negative cash
146	e5b88b01	1780979023	-126171.20	university	speed	specialized	direct	leveraged	5	10000	-14290.06	117100.00	52.00	2	True	Bankruptcy: deeply negative cash
147	e5b88b01	1780979024	12861.24	university	gourmet	manual	monthly	all-equity	5	10000	9301.50	0.00	13.00	242	True	Reputation collapse (< 15)
148	e5b88b01	1780979025	-170471.75	office	sweet	specialized	spot	max-debt	5	10000	-37790.78	136600.00	39.00	2	True	Bankruptcy: deeply negative cash
149	e5b88b01	1780979026	-136431.74	university	speed	automated	monthly	leveraged	5	10000	-24945.68	117100.00	56.00	2	True	Bankruptcy: deeply negative cash
150	e5b88b01	1780979027	43177.96	suburban	sweet	specialized	coop	all-equity	5	10000	29489.28	0.00	74.50	361	True	Completed 360 days
151	e5b88b01	1780979028	-179495.46	office	everyday	automated	spot	max-debt	5	10000	-48157.16	136600.00	52.50	2	True	Bankruptcy: deeply negative cash
152	e5b88b01	1780979029	-149623.96	mall	speed	manual	direct	max-debt	5	10000	-17441.61	136600.00	44.00	2	True	Bankruptcy: deeply negative cash
153	e5b88b01	1780979030	92462.62	mall	gourmet	automated	spot	all-equity	5	10000	87527.58	0.00	14.50	154	True	Reputation collapse (< 15)
154	e5b88b01	1780979031	-126887.53	mall	sweet	specialized	spot	leveraged	5	10000	-14711.77	117100.00	49.00	2	True	Bankruptcy: deeply negative cash
155	e5b88b01	1780979032	-68886.50	mall	everyday	specialized	spot	balanced	5	10000	-5048.18	67800.00	20.50	104	True	Bankruptcy: deeply negative cash
156	e5b88b01	1780979033	-66029.26	office	sweet	manual	coop	balanced	5	10000	-5306.08	67800.00	56.00	106	True	Bankruptcy: deeply negative cash
157	e5b88b01	1780979034	-67258.32	university	speed	manual	direct	balanced	5	10000	-6614.98	66000.00	34.00	127	True	Bankruptcy: deeply negative cash
158	e5b88b01	1780979035	67824.60	urban	sweet	manual	monthly	all-equity	5	10000	62255.07	0.00	14.00	250	True	Reputation collapse (< 15)
159	e5b88b01	1780979036	-136003.62	university	gourmet	automated	direct	leveraged	5	10000	-24419.70	117100.00	55.00	2	True	Bankruptcy: deeply negative cash
160	e5b88b01	1780979037	1411.14	office	gourmet	automated	coop	all-equity	5	10000	-8139.61	0.00	68.50	212	True	Bankruptcy: deeply negative cash
161	e5b88b01	1780979038	-71561.52	urban	speed	specialized	monthly	balanced	5	10000	-7725.97	69600.00	45.00	85	True	Bankruptcy: deeply negative cash
162	e5b88b01	1780979039	1296.25	office	everyday	manual	monthly	all-equity	5	10000	-5197.88	0.00	28.50	318	True	Bankruptcy: deeply negative cash
163	e5b88b01	1780979040	-127903.11	mall	sweet	specialized	spot	leveraged	5	10000	-14720.99	117100.00	39.00	2	True	Bankruptcy: deeply negative cash
164	e5b88b01	1780979041	1260.41	university	sweet	manual	monthly	all-equity	5	10000	-5000.32	0.00	31.00	275	True	Bankruptcy: deeply negative cash
165	e5b88b01	1780979042	-166135.71	mall	gourmet	specialized	direct	max-debt	5	10000	-34752.77	136600.00	52.00	2	True	Bankruptcy: deeply negative cash
166	e5b88b01	1780979043	35394.65	university	gourmet	automated	direct	all-equity	5	10000	31515.81	0.00	14.00	182	True	Reputation collapse (< 15)
167	e5b88b01	1780979044	-69463.41	office	speed	automated	monthly	balanced	5	10000	-5334.43	69600.00	48.00	62	True	Bankruptcy: deeply negative cash
168	e5b88b01	1780979045	-62436.17	mall	speed	manual	coop	balanced	5	10000	-5705.43	62400.00	19.00	196	True	Bankruptcy: deeply negative cash
169	e5b88b01	1780979046	-178394.42	office	everyday	automated	coop	max-debt	5	10000	-47408.55	136600.00	56.00	2	True	Bankruptcy: deeply negative cash
170	e5b88b01	1780979047	-114331.37	urban	gourmet	manual	direct	leveraged	5	10000	-6140.53	114200.00	53.50	32	True	Bankruptcy: deeply negative cash
171	e5b88b01	1780979048	35785.40	urban	speed	manual	spot	all-equity	5	10000	32141.09	0.00	14.50	178	True	Reputation collapse (< 15)
172	e5b88b01	1780979049	-168579.02	suburban	speed	specialized	coop	max-debt	5	10000	-36940.51	136600.00	49.50	2	True	Bankruptcy: deeply negative cash
173	e5b88b01	1780979050	-121654.35	urban	everyday	manual	spot	leveraged	5	10000	-9765.15	117100.00	50.50	12	True	Bankruptcy: deeply negative cash
174	e5b88b01	1780979051	-70903.46	university	speed	manual	spot	balanced	5	10000	-5190.65	69600.00	30.00	87	True	Bankruptcy: deeply negative cash
175	e5b88b01	1780979052	-587.07	university	everyday	manual	coop	all-equity	5	10000	-5179.68	0.00	29.00	194	True	Bankruptcy: deeply negative cash
176	e5b88b01	1780979053	-151428.59	suburban	everyday	manual	monthly	max-debt	5	10000	-20091.60	136600.00	52.50	2	True	Bankruptcy: deeply negative cash
177	e5b88b01	1780979054	-113247.58	office	sweet	manual	direct	leveraged	5	10000	-5037.88	114200.00	54.50	32	True	Bankruptcy: deeply negative cash
178	e5b88b01	1780979055	-175844.32	mall	sweet	automated	monthly	max-debt	5	10000	-44867.09	136600.00	56.00	2	True	Bankruptcy: deeply negative cash
179	e5b88b01	1780979056	-171664.95	urban	everyday	specialized	spot	max-debt	5	10000	-40028.49	136600.00	49.50	2	True	Bankruptcy: deeply negative cash
180	e5b88b01	1780979057	-64086.70	university	gourmet	manual	spot	balanced	5	10000	-5308.07	64200.00	26.00	171	True	Bankruptcy: deeply negative cash
181	e5b88b01	1780979058	-180418.85	urban	speed	automated	coop	max-debt	5	10000	-49438.74	136600.00	56.00	2	True	Bankruptcy: deeply negative cash
182	e5b88b01	1780979059	31228.50	suburban	sweet	automated	direct	all-equity	5	10000	16589.59	0.00	76.00	361	True	Completed 360 days
183	e5b88b01	1780979060	-172.67	office	everyday	manual	coop	all-equity	5	10000	-5064.17	0.00	25.50	240	True	Bankruptcy: deeply negative cash
184	e5b88b01	1780979061	-71048.31	urban	speed	manual	monthly	balanced	5	10000	-5754.05	69600.00	33.00	83	True	Bankruptcy: deeply negative cash
185	e5b88b01	1780979062	-167151.56	university	sweet	specialized	coop	max-debt	5	10000	-35515.55	136600.00	49.50	2	True	Bankruptcy: deeply negative cash
186	e5b88b01	1780979063	77657.25	mall	gourmet	automated	direct	all-equity	5	10000	73670.14	0.00	14.50	140	True	Reputation collapse (< 15)
187	e5b88b01	1780979064	-48734.29	mall	sweet	specialized	direct	balanced	5	10000	15808.63	67800.00	14.00	98	True	Reputation collapse (< 15)
188	e5b88b01	1780979065	-168736.43	suburban	speed	specialized	monthly	max-debt	5	10000	-37202.68	136600.00	50.50	2	True	Bankruptcy: deeply negative cash
189	e5b88b01	1780979066	-150030.03	mall	sweet	manual	spot	max-debt	5	10000	-18547.91	136600.00	51.00	2	True	Bankruptcy: deeply negative cash
190	e5b88b01	1780979067	-70979.38	urban	gourmet	automated	spot	balanced	5	10000	-9113.10	67800.00	39.00	92	True	Bankruptcy: deeply negative cash
191	e5b88b01	1780979068	76542.92	mall	sweet	manual	spot	all-equity	5	10000	72428.43	0.00	14.50	153	True	Reputation collapse (< 15)
192	e5b88b01	1780979069	-168352.08	suburban	everyday	specialized	direct	max-debt	5	10000	-37016.06	136600.00	52.50	2	True	Bankruptcy: deeply negative cash
193	e5b88b01	1780979070	-127581.17	university	sweet	specialized	spot	leveraged	5	10000	-15399.48	117100.00	49.00	2	True	Bankruptcy: deeply negative cash
194	e5b88b01	1780979071	-112539.44	mall	gourmet	manual	spot	leveraged	5	10000	-5813.04	111300.00	30.00	66	True	Bankruptcy: deeply negative cash
195	e5b88b01	1780979072	-149237.02	mall	everyday	manual	monthly	max-debt	5	10000	-17854.05	136600.00	52.00	2	True	Bankruptcy: deeply negative cash
196	e5b88b01	1780979073	-70588.93	suburban	speed	automated	coop	balanced	5	10000	-7994.44	69600.00	62.50	62	True	Bankruptcy: deeply negative cash
197	e5b88b01	1780979074	1666.60	university	sweet	manual	monthly	all-equity	5	10000	-4255.87	0.00	14.50	324	True	Reputation collapse (< 15)
198	e5b88b01	1780979075	-136174.46	university	everyday	automated	coop	leveraged	5	10000	-24640.14	117100.00	55.50	2	True	Bankruptcy: deeply negative cash
199	e5b88b01	1780979076	-70141.24	university	everyday	specialized	direct	balanced	5	10000	-5191.16	67800.00	15.00	108	True	Bankruptcy: deeply negative cash
0	c646a45d	1780979046	-136377.81	university	speed	automated	monthly	leveraged	5	10000	-24892.62	117100.00	56.00	2	True	Bankruptcy: deeply negative cash
1	c646a45d	1780979047	-127804.53	university	everyday	specialized	spot	leveraged	5	10000	-15618.63	117100.00	49.00	2	True	Bankruptcy: deeply negative cash
2	c646a45d	1780979048	-149495.02	mall	sweet	manual	direct	max-debt	5	10000	-17315.38	136600.00	44.00	2	True	Bankruptcy: deeply negative cash
3	c646a45d	1780979049	-117447.34	mall	speed	manual	coop	leveraged	5	10000	-5140.25	117100.00	43.00	27	True	Bankruptcy: deeply negative cash
4	c646a45d	1780979050	-69111.15	urban	sweet	manual	monthly	balanced	5	10000	-5677.15	67800.00	26.50	120	True	Bankruptcy: deeply negative cash
5	c646a45d	1780979051	-166931.78	university	sweet	specialized	direct	max-debt	5	10000	-35241.08	136600.00	49.00	2	True	Bankruptcy: deeply negative cash
6	c646a45d	1780979052	-64041.31	suburban	gourmet	manual	coop	balanced	5	10000	-5814.02	66000.00	57.00	124	True	Bankruptcy: deeply negative cash
7	c646a45d	1780979053	-171462.52	urban	speed	specialized	spot	max-debt	5	10000	-39830.75	136600.00	49.50	2	True	Bankruptcy: deeply negative cash
8	c646a45d	1780979054	2521.41	suburban	everyday	specialized	monthly	all-equity	5	10000	-6842.99	0.00	65.00	235	True	Bankruptcy: deeply negative cash
9	c646a45d	1780979055	-68683.81	university	everyday	manual	direct	balanced	5	10000	-5169.86	67800.00	31.00	112	True	Bankruptcy: deeply negative cash
10	c646a45d	1780979056	-64909.35	office	sweet	manual	monthly	balanced	5	10000	-6580.26	66000.00	60.00	122	True	Bankruptcy: deeply negative cash
11	c646a45d	1780979057	-118691.78	urban	speed	manual	coop	leveraged	5	10000	-6926.14	117100.00	51.50	13	True	Bankruptcy: deeply negative cash
12	c646a45d	1780979058	5084.31	suburban	sweet	automated	monthly	all-equity	5	10000	-5007.28	0.00	63.50	239	True	Bankruptcy: deeply negative cash
13	c646a45d	1780979059	-65926.61	suburban	gourmet	specialized	spot	balanced	5	10000	-6569.21	66000.00	45.50	122	True	Bankruptcy: deeply negative cash
14	c646a45d	1780979060	-68561.02	mall	speed	manual	monthly	balanced	5	10000	-7084.95	66000.00	25.50	122	True	Bankruptcy: deeply negative cash
15	c646a45d	1780979061	-117688.67	university	sweet	manual	spot	leveraged	5	10000	-8764.06	114200.00	48.00	32	True	Bankruptcy: deeply negative cash
16	c646a45d	1780979062	-65466.43	office	sweet	automated	direct	balanced	5	10000	-5568.70	67800.00	62.50	98	True	Bankruptcy: deeply negative cash
17	c646a45d	1780979063	-70123.36	urban	sweet	automated	direct	balanced	5	10000	-5188.81	71400.00	57.50	46	True	Bankruptcy: deeply negative cash
18	c646a45d	1780979064	-139577.11	urban	sweet	automated	direct	leveraged	5	10000	-28348.26	117100.00	58.50	2	True	Bankruptcy: deeply negative cash
19	c646a45d	1780979065	22269.23	suburban	gourmet	manual	coop	all-equity	5	10000	9062.51	0.00	70.76	361	True	Completed 360 days
20	c646a45d	1780979066	-175768.67	mall	speed	automated	coop	max-debt	5	10000	-44739.99	136600.00	55.50	2	True	Bankruptcy: deeply negative cash
21	c646a45d	1780979067	-1041.83	office	everyday	automated	monthly	all-equity	5	10000	-8303.64	0.00	51.50	196	True	Bankruptcy: deeply negative cash
22	c646a45d	1780979068	-72570.90	suburban	everyday	automated	spot	balanced	5	10000	-10200.15	69600.00	58.00	88	True	Bankruptcy: deeply negative cash
23	c646a45d	1780979069	-166203.03	mall	everyday	specialized	direct	max-debt	5	10000	-34772.25	136600.00	51.50	2	True	Bankruptcy: deeply negative cash
24	c646a45d	1780979070	-177738.96	suburban	everyday	automated	direct	max-debt	5	10000	-46701.06	136600.00	55.50	2	True	Bankruptcy: deeply negative cash
25	c646a45d	1780979071	-151907.75	office	everyday	manual	coop	max-debt	5	10000	-20672.78	136600.00	53.50	2	True	Bankruptcy: deeply negative cash
26	c646a45d	1780979072	-178009.53	suburban	gourmet	automated	coop	max-debt	5	10000	-46970.95	136600.00	55.50	2	True	Bankruptcy: deeply negative cash
27	c646a45d	1780979073	48412.37	mall	speed	specialized	monthly	all-equity	5	10000	45432.61	0.00	14.50	119	True	Reputation collapse (< 15)
28	c646a45d	1780979074	-128808.76	suburban	gourmet	specialized	coop	leveraged	5	10000	-16672.16	117100.00	49.50	2	True	Bankruptcy: deeply negative cash
29	c646a45d	1780979075	-171077.96	urban	speed	specialized	monthly	max-debt	5	10000	-39494.73	136600.00	50.00	2	True	Bankruptcy: deeply negative cash
30	c646a45d	1780979076	-44604.79	mall	everyday	manual	spot	balanced	5	10000	19746.09	67800.00	14.00	105	True	Reputation collapse (< 15)
31	c646a45d	1780979077	-70055.41	mall	everyday	automated	coop	balanced	5	10000	-5159.34	69600.00	32.00	79	True	Bankruptcy: deeply negative cash
32	c646a45d	1780979078	-154799.66	urban	gourmet	manual	spot	max-debt	5	10000	-23365.21	136600.00	51.50	2	True	Bankruptcy: deeply negative cash
33	c646a45d	1780979079	-70957.31	urban	sweet	automated	spot	balanced	5	10000	-7300.78	69600.00	50.00	62	True	Bankruptcy: deeply negative cash
34	c646a45d	1780979080	-126262.37	university	sweet	specialized	direct	leveraged	5	10000	-14379.44	117100.00	52.00	2	True	Bankruptcy: deeply negative cash
35	c646a45d	1780979081	4172.38	suburban	everyday	specialized	direct	all-equity	5	10000	-5106.48	0.00	68.00	209	True	Bankruptcy: deeply negative cash
36	c646a45d	1780979082	-52166.61	mall	everyday	manual	spot	balanced	5	10000	10039.43	66000.00	14.50	122	True	Reputation collapse (< 15)
37	c646a45d	1780979083	132764.18	mall	gourmet	automated	coop	all-equity	5	10000	126024.00	0.00	12.50	212	True	Reputation collapse (< 15)
38	c646a45d	1780979084	24.05	urban	speed	automated	monthly	all-equity	5	10000	-5104.32	0.00	22.00	202	True	Bankruptcy: deeply negative cash
39	c646a45d	1780979085	-138105.66	office	gourmet	automated	direct	leveraged	5	10000	-26824.02	117100.00	58.00	2	True	Bankruptcy: deeply negative cash
40	c646a45d	1780979086	83171.37	university	sweet	manual	spot	all-equity	5	10000	79379.81	0.00	14.50	149	True	Reputation collapse (< 15)
41	c646a45d	1780979087	-1902.66	university	sweet	manual	direct	all-equity	5	10000	-6828.57	0.00	32.00	212	True	Bankruptcy: deeply negative cash
42	c646a45d	1780979088	-69896.90	urban	gourmet	automated	direct	balanced	5	10000	-5995.06	69600.00	48.50	62	True	Bankruptcy: deeply negative cash
43	c646a45d	1780979089	-71414.51	mall	everyday	automated	monthly	balanced	5	10000	-8400.21	67800.00	30.50	92	True	Bankruptcy: deeply negative cash
44	c646a45d	1780979090	-166363.20	mall	speed	specialized	direct	max-debt	5	10000	-34980.26	136600.00	52.00	2	True	Bankruptcy: deeply negative cash
45	c646a45d	1780979091	-61737.52	suburban	sweet	manual	monthly	balanced	5	10000	-6705.10	62400.00	42.28	182	True	Bankruptcy: deeply negative cash
46	c646a45d	1780979092	-176626.50	university	gourmet	automated	monthly	max-debt	5	10000	-45342.49	136600.00	53.00	2	True	Bankruptcy: deeply negative cash
47	c646a45d	1780979093	1071.64	suburban	everyday	specialized	monthly	all-equity	5	10000	-5302.60	0.00	37.78	226	True	Bankruptcy: deeply negative cash
48	c646a45d	1780979094	-122721.33	office	speed	manual	spot	leveraged	5	10000	-10750.50	117100.00	50.00	17	True	Bankruptcy: deeply negative cash
49	c646a45d	1780979095	1479.92	office	everyday	manual	coop	all-equity	5	10000	-5641.87	0.00	42.00	259	True	Bankruptcy: deeply negative cash
50	c646a45d	1780979096	-149052.94	mall	everyday	manual	coop	max-debt	5	10000	-17277.69	136600.00	48.00	2	True	Bankruptcy: deeply negative cash
51	c646a45d	1780979097	36703.68	urban	gourmet	specialized	spot	all-equity	5	10000	32638.28	0.00	12.00	182	True	Reputation collapse (< 15)
52	c646a45d	1780979098	-65497.49	urban	sweet	manual	direct	balanced	5	10000	-7669.69	64200.00	36.82	152	True	Bankruptcy: deeply negative cash
53	c646a45d	1780979099	-67251.57	urban	gourmet	specialized	direct	balanced	5	10000	-5088.48	67800.00	41.50	92	True	Bankruptcy: deeply negative cash
54	c646a45d	1780979100	-137787.24	office	gourmet	automated	direct	leveraged	5	10000	-26260.34	117100.00	55.50	2	True	Bankruptcy: deeply negative cash
55	c646a45d	1780979101	-329.54	university	speed	automated	direct	all-equity	5	10000	-5181.73	0.00	24.50	234	True	Bankruptcy: deeply negative cash
56	c646a45d	1780979102	-168882.99	suburban	gourmet	specialized	spot	max-debt	5	10000	-37250.46	136600.00	49.50	2	True	Bankruptcy: deeply negative cash
57	c646a45d	1780979103	-140292.92	urban	everyday	automated	coop	leveraged	5	10000	-28809.04	117100.00	56.00	2	True	Bankruptcy: deeply negative cash
58	c646a45d	1780979104	1788.48	office	everyday	manual	coop	all-equity	5	10000	-5154.89	0.00	39.50	278	True	Bankruptcy: deeply negative cash
59	c646a45d	1780979105	-175386.27	mall	speed	automated	direct	max-debt	5	10000	-44608.58	136600.00	58.00	2	True	Bankruptcy: deeply negative cash
60	c646a45d	1780979106	2866.79	office	speed	automated	monthly	all-equity	5	10000	-5128.26	0.00	58.50	182	True	Bankruptcy: deeply negative cash
61	c646a45d	1780979107	-117519.50	mall	everyday	manual	spot	leveraged	5	10000	-5159.68	117100.00	46.00	10	True	Bankruptcy: deeply negative cash
62	c646a45d	1780979108	42926.30	suburban	sweet	manual	direct	all-equity	5	10000	27799.38	0.00	81.68	361	True	Completed 360 days
63	c646a45d	1780979109	-128694.69	suburban	gourmet	specialized	coop	leveraged	5	10000	-16554.09	117100.00	49.50	2	True	Bankruptcy: deeply negative cash
64	c646a45d	1780979110	50888.91	mall	speed	specialized	spot	all-equity	5	10000	47654.96	0.00	14.00	131	True	Reputation collapse (< 15)
65	c646a45d	1780979111	50364.72	university	speed	manual	monthly	all-equity	5	10000	47562.75	0.00	14.50	132	True	Reputation collapse (< 15)
66	c646a45d	1780979112	-166162.89	mall	everyday	specialized	direct	max-debt	5	10000	-34779.96	136600.00	52.00	2	True	Bankruptcy: deeply negative cash
67	c646a45d	1780979113	-151645.30	office	sweet	manual	monthly	max-debt	5	10000	-20315.29	136600.00	52.50	2	True	Bankruptcy: deeply negative cash
68	c646a45d	1780979114	-117096.57	mall	speed	manual	direct	leveraged	5	10000	-5131.90	117100.00	45.50	31	True	Bankruptcy: deeply negative cash
69	c646a45d	1780979115	-68352.40	office	sweet	automated	spot	balanced	5	10000	-5529.70	69600.00	56.50	77	True	Bankruptcy: deeply negative cash
70	c646a45d	1780979116	-128962.66	suburban	speed	specialized	monthly	leveraged	5	10000	-16875.63	117100.00	50.00	2	True	Bankruptcy: deeply negative cash
71	c646a45d	1780979117	-2400.45	office	sweet	specialized	spot	all-equity	5	10000	-10741.79	0.00	41.00	298	True	Bankruptcy: deeply negative cash
72	c646a45d	1780979118	-117280.25	office	sweet	manual	coop	leveraged	5	10000	-5407.63	117100.00	50.50	14	True	Bankruptcy: deeply negative cash
73	c646a45d	1780979119	-73355.12	urban	everyday	specialized	monthly	balanced	5	10000	-8466.98	69600.00	34.00	89	True	Bankruptcy: deeply negative cash
74	c646a45d	1780979120	-153525.91	urban	everyday	manual	direct	max-debt	5	10000	-22343.17	136600.00	54.00	2	True	Bankruptcy: deeply negative cash
75	c646a45d	1780979121	-117366.37	office	everyday	manual	coop	leveraged	5	10000	-5225.57	117100.00	48.50	15	True	Bankruptcy: deeply negative cash
76	c646a45d	1780979122	-68674.62	suburban	gourmet	automated	spot	balanced	5	10000	-5900.74	69600.00	59.50	62	True	Bankruptcy: deeply negative cash
77	c646a45d	1780979123	-130966.23	urban	sweet	specialized	coop	leveraged	5	10000	-18587.33	117100.00	47.00	2	True	Bankruptcy: deeply negative cash
78	c646a45d	1780979124	2658.35	office	gourmet	specialized	coop	all-equity	5	10000	-5332.20	0.00	44.00	260	True	Bankruptcy: deeply negative cash
79	c646a45d	1780979125	-117253.90	mall	everyday	manual	coop	leveraged	5	10000	-5067.64	117100.00	47.00	16	True	Bankruptcy: deeply negative cash
80	c646a45d	1780979126	-131822.00	urban	everyday	specialized	spot	leveraged	5	10000	-19690.58	117100.00	49.50	2	True	Bankruptcy: deeply negative cash
81	c646a45d	1780979127	-116923.43	urban	sweet	manual	direct	leveraged	5	10000	-5169.77	117100.00	51.00	15	True	Bankruptcy: deeply negative cash
82	c646a45d	1780979128	-151049.25	suburban	everyday	manual	coop	max-debt	5	10000	-19666.76	136600.00	52.00	2	True	Bankruptcy: deeply negative cash
83	c646a45d	1780979129	-150434.79	university	everyday	manual	spot	max-debt	5	10000	-18946.70	136600.00	51.00	2	True	Bankruptcy: deeply negative cash
84	c646a45d	1780979130	-968.13	university	speed	specialized	monthly	all-equity	5	10000	-5448.12	0.00	29.50	177	True	Bankruptcy: deeply negative cash
85	c646a45d	1780979131	-121396.38	office	speed	manual	coop	leveraged	5	10000	-9747.32	117100.00	53.00	17	True	Bankruptcy: deeply negative cash
86	c646a45d	1780979132	-127175.98	university	everyday	specialized	coop	leveraged	5	10000	-15035.66	117100.00	49.50	2	True	Bankruptcy: deeply negative cash
87	c646a45d	1780979133	-131586.97	urban	everyday	specialized	spot	leveraged	5	10000	-19403.56	117100.00	49.00	2	True	Bankruptcy: deeply negative cash
88	c646a45d	1780979134	-149225.02	university	sweet	manual	direct	max-debt	5	10000	-18038.55	136600.00	54.00	2	True	Bankruptcy: deeply negative cash
89	c646a45d	1780979135	-168656.27	office	speed	specialized	direct	max-debt	5	10000	-37024.09	136600.00	49.50	2	True	Bankruptcy: deeply negative cash
90	c646a45d	1780979136	26558.31	suburban	sweet	manual	coop	all-equity	5	10000	11946.21	0.00	79.00	361	True	Completed 360 days
91	c646a45d	1780979137	-129333.74	office	sweet	specialized	coop	leveraged	5	10000	-16946.92	117100.00	47.00	2	True	Bankruptcy: deeply negative cash
92	c646a45d	1780979138	-171440.36	urban	speed	specialized	monthly	max-debt	5	10000	-39604.75	136600.00	47.50	2	True	Bankruptcy: deeply negative cash
93	c646a45d	1780979139	-150564.20	university	sweet	manual	monthly	max-debt	5	10000	-18183.20	136600.00	42.00	2	True	Bankruptcy: deeply negative cash
94	c646a45d	1780979140	-166497.78	mall	speed	specialized	monthly	max-debt	5	10000	-34913.80	136600.00	50.00	2	True	Bankruptcy: deeply negative cash
95	c646a45d	1780979141	-72376.33	suburban	everyday	specialized	spot	balanced	5	10000	-8405.96	69600.00	50.50	62	True	Bankruptcy: deeply negative cash
96	c646a45d	1780979142	-180880.71	urban	sweet	automated	spot	max-debt	5	10000	-49505.09	136600.00	52.00	2	True	Bankruptcy: deeply negative cash
97	c646a45d	1780979143	-138879.91	office	speed	automated	direct	leveraged	5	10000	-26645.66	117100.00	48.50	2	True	Bankruptcy: deeply negative cash
98	c646a45d	1780979144	1394.03	suburban	everyday	specialized	spot	all-equity	5	10000	-10108.53	0.00	74.50	257	True	Bankruptcy: deeply negative cash
99	c646a45d	1780979145	-129360.41	office	speed	specialized	coop	leveraged	5	10000	-16926.28	117100.00	46.50	2	True	Bankruptcy: deeply negative cash
100	c646a45d	1780979146	-176379.67	mall	speed	automated	monthly	max-debt	5	10000	-45391.95	136600.00	56.00	2	True	Bankruptcy: deeply negative cash
101	c646a45d	1780979147	-139209.13	office	gourmet	automated	spot	leveraged	5	10000	-27678.05	117100.00	55.50	2	True	Bankruptcy: deeply negative cash
102	c646a45d	1780979148	-126165.35	university	sweet	specialized	direct	leveraged	5	10000	-14284.51	117100.00	52.00	2	True	Bankruptcy: deeply negative cash
103	c646a45d	1780979149	-66771.22	suburban	sweet	manual	spot	balanced	5	10000	-6524.90	66000.00	40.00	122	True	Bankruptcy: deeply negative cash
104	c646a45d	1780979150	-152793.61	office	sweet	manual	spot	max-debt	5	10000	-21056.77	136600.00	48.50	2	True	Bankruptcy: deeply negative cash
105	c646a45d	1780979151	-75792.94	urban	everyday	specialized	spot	balanced	5	10000	-8564.03	71400.00	35.50	53	True	Bankruptcy: deeply negative cash
106	c646a45d	1780979152	2007.08	suburban	gourmet	specialized	coop	all-equity	5	10000	-5011.95	0.00	48.00	188	True	Bankruptcy: deeply negative cash
107	c646a45d	1780979153	-68179.78	suburban	sweet	manual	spot	balanced	5	10000	-10182.73	64200.00	40.00	152	True	Bankruptcy: deeply negative cash
108	c646a45d	1780979154	-151868.58	suburban	speed	manual	monthly	max-debt	5	10000	-20179.30	136600.00	49.00	2	True	Bankruptcy: deeply negative cash
109	c646a45d	1780979155	-65239.73	suburban	speed	specialized	direct	balanced	5	10000	-5061.75	67800.00	61.50	95	True	Bankruptcy: deeply negative cash
110	c646a45d	1780979156	-151959.21	suburban	speed	manual	monthly	max-debt	5	10000	-20268.14	136600.00	49.00	2	True	Bankruptcy: deeply negative cash
111	c646a45d	1780979157	-72556.27	office	everyday	automated	coop	balanced	5	10000	-8682.22	69600.00	50.00	62	True	Bankruptcy: deeply negative cash
112	c646a45d	1780979158	-69357.76	suburban	speed	specialized	spot	balanced	5	10000	-5224.43	69600.00	44.50	83	True	Bankruptcy: deeply negative cash
113	c646a45d	1780979159	8196.50	suburban	gourmet	manual	coop	all-equity	5	10000	-5535.34	0.00	78.00	345	True	Bankruptcy: deeply negative cash
114	c646a45d	1780979160	11336.82	office	sweet	automated	direct	all-equity	5	10000	-1218.87	0.00	66.50	361	True	Completed 360 days
115	c646a45d	1780979161	54599.22	university	speed	specialized	spot	all-equity	5	10000	52264.41	0.00	9.00	122	True	Reputation collapse (< 15)
116	c646a45d	1780979162	-72854.88	university	gourmet	automated	monthly	balanced	5	10000	-6817.50	69600.00	29.50	62	True	Bankruptcy: deeply negative cash
117	c646a45d	1780979163	-178330.68	office	speed	automated	monthly	max-debt	5	10000	-47401.05	136600.00	56.50	2	True	Bankruptcy: deeply negative cash
118	c646a45d	1780979164	-129054.81	suburban	everyday	specialized	monthly	leveraged	5	10000	-16965.97	117100.00	50.00	2	True	Bankruptcy: deeply negative cash
119	c646a45d	1780979165	-118795.77	suburban	gourmet	manual	monthly	leveraged	5	10000	-10144.65	114200.00	50.50	32	True	Bankruptcy: deeply negative cash
120	c646a45d	1780979166	65464.79	university	everyday	specialized	spot	all-equity	5	10000	62214.25	0.00	14.56	137	True	Reputation collapse (< 15)
121	c646a45d	1780979167	-128952.30	suburban	speed	specialized	monthly	leveraged	5	10000	-16859.23	117100.00	50.00	2	True	Bankruptcy: deeply negative cash
122	c646a45d	1780979168	-128970.87	office	everyday	specialized	direct	leveraged	5	10000	-17083.32	117100.00	52.00	2	True	Bankruptcy: deeply negative cash
123	c646a45d	1780979169	-135824.48	mall	speed	automated	coop	leveraged	5	10000	-23994.88	117100.00	52.50	2	True	Bankruptcy: deeply negative cash
124	c646a45d	1780979170	-176880.75	university	sweet	automated	spot	max-debt	5	10000	-45997.29	136600.00	57.00	2	True	Bankruptcy: deeply negative cash
125	c646a45d	1780979171	102080.48	mall	gourmet	specialized	coop	all-equity	5	10000	98418.10	0.00	14.00	104	True	Reputation collapse (< 15)
126	c646a45d	1780979172	-178213.94	suburban	everyday	automated	coop	max-debt	5	10000	-47226.08	136600.00	56.00	2	True	Bankruptcy: deeply negative cash
127	c646a45d	1780979173	-71659.89	university	everyday	automated	coop	balanced	5	10000	-6863.09	69600.00	41.50	62	True	Bankruptcy: deeply negative cash
128	c646a45d	1780979174	-64450.13	office	everyday	manual	spot	balanced	5	10000	-5073.24	66000.00	49.14	123	True	Bankruptcy: deeply negative cash
129	c646a45d	1780979175	-72202.39	office	gourmet	automated	coop	balanced	5	10000	-10316.73	67800.00	47.00	92	True	Bankruptcy: deeply negative cash
130	c646a45d	1780979176	-126718.05	mall	speed	specialized	coop	leveraged	5	10000	-14582.88	117100.00	49.50	2	True	Bankruptcy: deeply negative cash
131	c646a45d	1780979177	1676.40	office	everyday	manual	spot	all-equity	5	10000	-5362.25	0.00	38.50	246	True	Bankruptcy: deeply negative cash
132	c646a45d	1780979178	-118321.91	suburban	sweet	manual	monthly	leveraged	5	10000	-9945.34	114200.00	52.50	32	True	Bankruptcy: deeply negative cash
133	c646a45d	1780979179	-151791.22	office	speed	manual	coop	max-debt	5	10000	-20356.57	136600.00	51.50	2	True	Bankruptcy: deeply negative cash
134	c646a45d	1780979180	4897.77	suburban	sweet	manual	direct	all-equity	5	10000	-5762.19	0.00	59.50	326	True	Bankruptcy: deeply negative cash
135	c646a45d	1780979181	-141710.25	urban	sweet	automated	spot	leveraged	5	10000	-29180.93	117100.00	45.50	2	True	Bankruptcy: deeply negative cash
136	c646a45d	1780979182	-323.15	university	everyday	specialized	coop	all-equity	5	10000	-5189.59	0.00	30.00	199	True	Bankruptcy: deeply negative cash
137	c646a45d	1780979183	-167733.78	university	everyday	specialized	spot	max-debt	5	10000	-36049.28	136600.00	49.00	2	True	Bankruptcy: deeply negative cash
138	c646a45d	1780979184	-66726.24	suburban	sweet	automated	monthly	balanced	5	10000	-6981.69	67800.00	64.50	92	True	Bankruptcy: deeply negative cash
139	c646a45d	1780979185	-132447.04	urban	gourmet	specialized	spot	leveraged	5	10000	-19315.22	117100.00	39.50	2	True	Bankruptcy: deeply negative cash
140	c646a45d	1780979186	-66404.06	office	speed	specialized	coop	balanced	5	10000	-5132.19	67800.00	53.00	99	True	Bankruptcy: deeply negative cash
141	c646a45d	1780979187	-116867.03	university	everyday	manual	monthly	leveraged	5	10000	-5053.45	117100.00	51.00	17	True	Bankruptcy: deeply negative cash
142	c646a45d	1780979188	17041.90	suburban	gourmet	specialized	coop	all-equity	5	10000	4428.31	0.00	62.50	361	True	Completed 360 days
143	c646a45d	1780979189	-153949.00	urban	gourmet	manual	monthly	max-debt	5	10000	-22619.46	136600.00	52.50	2	True	Bankruptcy: deeply negative cash
144	c646a45d	1780979190	-150729.91	suburban	speed	manual	direct	max-debt	5	10000	-19594.50	136600.00	54.50	2	True	Bankruptcy: deeply negative cash
145	c646a45d	1780979191	56001.93	mall	sweet	automated	direct	all-equity	5	10000	51542.30	0.00	12.50	182	True	Reputation collapse (< 15)
146	c646a45d	1780979192	-73381.67	university	speed	specialized	coop	balanced	5	10000	-8788.66	67800.00	23.00	92	True	Bankruptcy: deeply negative cash
147	c646a45d	1780979193	-69377.98	university	speed	automated	spot	balanced	5	10000	-5347.56	69600.00	45.50	74	True	Bankruptcy: deeply negative cash
148	c646a45d	1780979194	-138059.19	suburban	everyday	automated	monthly	leveraged	5	10000	-26621.24	117100.00	56.50	2	True	Bankruptcy: deeply negative cash
149	c646a45d	1780979195	-70441.22	university	everyday	specialized	coop	balanced	5	10000	-6211.69	67800.00	24.50	92	True	Bankruptcy: deeply negative cash
150	c646a45d	1780979196	-120927.17	office	sweet	manual	spot	leveraged	5	10000	-8114.18	117100.00	41.00	17	True	Bankruptcy: deeply negative cash
151	c646a45d	1780979197	-149695.29	mall	speed	manual	spot	max-debt	5	10000	-18213.32	136600.00	51.00	2	True	Bankruptcy: deeply negative cash
152	c646a45d	1780979198	-61376.50	urban	sweet	manual	coop	balanced	5	10000	-5035.84	64200.00	46.00	174	True	Bankruptcy: deeply negative cash
153	c646a45d	1780979199	-129286.28	office	everyday	specialized	coop	leveraged	5	10000	-17200.93	117100.00	50.00	2	True	Bankruptcy: deeply negative cash
154	c646a45d	1780979200	-176841.89	university	speed	automated	direct	max-debt	5	10000	-45055.09	136600.00	48.00	2	True	Bankruptcy: deeply negative cash
155	c646a45d	1780979201	-128482.93	suburban	sweet	specialized	coop	leveraged	5	10000	-16346.13	117100.00	49.50	2	True	Bankruptcy: deeply negative cash
156	c646a45d	1780979202	5030.96	suburban	everyday	automated	direct	all-equity	5	10000	-5195.99	0.00	72.50	219	True	Bankruptcy: deeply negative cash
157	c646a45d	1780979203	-67262.86	urban	everyday	manual	direct	balanced	5	10000	-5344.10	66000.00	23.74	122	True	Bankruptcy: deeply negative cash
158	c646a45d	1780979204	-141318.29	urban	sweet	automated	monthly	leveraged	5	10000	-28886.85	117100.00	46.50	2	True	Bankruptcy: deeply negative cash
159	c646a45d	1780979205	-126759.30	university	gourmet	specialized	monthly	leveraged	5	10000	-14678.40	117100.00	50.00	2	True	Bankruptcy: deeply negative cash
160	c646a45d	1780979206	-71436.42	office	everyday	automated	coop	balanced	5	10000	-5423.89	71400.00	51.50	32	True	Bankruptcy: deeply negative cash
161	c646a45d	1780979207	-126799.10	mall	sweet	specialized	spot	leveraged	5	10000	-14624.90	117100.00	49.00	2	True	Bankruptcy: deeply negative cash
162	c646a45d	1780979208	71368.76	mall	everyday	specialized	coop	all-equity	5	10000	67586.45	0.00	14.50	139	True	Reputation collapse (< 15)
163	c646a45d	1780979209	-126029.91	mall	gourmet	specialized	direct	leveraged	5	10000	-14151.00	117100.00	52.00	2	True	Bankruptcy: deeply negative cash
164	c646a45d	1780979210	20000.95	university	everyday	automated	direct	all-equity	5	10000	15439.59	0.00	14.00	242	True	Reputation collapse (< 15)
165	c646a45d	1780979211	60847.58	urban	gourmet	manual	spot	all-equity	5	10000	53667.62	0.00	14.00	292	True	Reputation collapse (< 15)
166	c646a45d	1780979212	-65116.86	suburban	sweet	specialized	coop	balanced	5	10000	-7379.62	66000.00	62.50	122	True	Bankruptcy: deeply negative cash
167	c646a45d	1780979213	-150972.95	suburban	sweet	manual	direct	max-debt	5	10000	-19783.76	136600.00	54.00	2	True	Bankruptcy: deeply negative cash
168	c646a45d	1780979214	-115817.78	urban	gourmet	manual	monthly	leveraged	5	10000	-7413.82	114200.00	51.00	32	True	Bankruptcy: deeply negative cash
169	c646a45d	1780979215	61669.14	mall	everyday	specialized	spot	all-equity	5	10000	57219.29	0.00	14.50	168	True	Reputation collapse (< 15)
170	c646a45d	1780979216	-149425.07	university	gourmet	manual	coop	max-debt	5	10000	-17993.68	136600.00	51.50	2	True	Bankruptcy: deeply negative cash
171	c646a45d	1780979217	-123.29	university	everyday	automated	direct	all-equity	5	10000	-5050.13	0.00	24.00	238	True	Bankruptcy: deeply negative cash
172	c646a45d	1780979218	-68446.62	suburban	sweet	automated	coop	balanced	5	10000	-5000.70	69600.00	50.00	82	True	Bankruptcy: deeply negative cash
173	c646a45d	1780979219	-171278.68	urban	sweet	specialized	direct	max-debt	5	10000	-38948.38	136600.00	42.50	2	True	Bankruptcy: deeply negative cash
174	c646a45d	1780979220	-118309.37	university	gourmet	manual	direct	leveraged	5	10000	-9083.57	114200.00	45.50	32	True	Bankruptcy: deeply negative cash
175	c646a45d	1780979221	-177364.35	suburban	sweet	automated	monthly	max-debt	5	10000	-46342.00	136600.00	55.50	2	True	Bankruptcy: deeply negative cash
176	c646a45d	1780979222	-67514.36	suburban	sweet	specialized	coop	balanced	5	10000	-8584.21	66000.00	51.50	122	True	Bankruptcy: deeply negative cash
177	c646a45d	1780979223	-136029.92	mall	gourmet	automated	direct	leveraged	5	10000	-23751.19	117100.00	48.00	2	True	Bankruptcy: deeply negative cash
178	c646a45d	1780979224	-64225.51	urban	gourmet	manual	coop	balanced	5	10000	-5096.19	64200.00	24.00	154	True	Bankruptcy: deeply negative cash
179	c646a45d	1780979225	-176642.77	mall	speed	automated	spot	max-debt	5	10000	-45554.17	136600.00	55.00	2	True	Bankruptcy: deeply negative cash
180	c646a45d	1780979226	-131784.74	urban	speed	specialized	spot	leveraged	5	10000	-19652.18	117100.00	49.50	2	True	Bankruptcy: deeply negative cash
181	c646a45d	1780979227	-55527.21	mall	gourmet	specialized	direct	balanced	5	10000	1670.01	62400.00	13.00	182	True	Reputation collapse (< 15)
182	c646a45d	1780979228	-175386.01	mall	sweet	automated	coop	max-debt	5	10000	-44359.13	136600.00	55.50	2	True	Bankruptcy: deeply negative cash
183	c646a45d	1780979229	-71509.15	urban	everyday	manual	spot	balanced	5	10000	-5781.58	69600.00	28.00	85	True	Bankruptcy: deeply negative cash
184	c646a45d	1780979230	-930.98	university	everyday	manual	monthly	all-equity	5	10000	-5732.48	0.00	26.00	220	True	Bankruptcy: deeply negative cash
185	c646a45d	1780979231	-178640.54	office	gourmet	automated	spot	max-debt	5	10000	-47612.41	136600.00	55.50	2	True	Bankruptcy: deeply negative cash
186	c646a45d	1780979232	73705.65	mall	everyday	specialized	direct	all-equity	5	10000	70365.43	0.00	14.50	118	True	Reputation collapse (< 15)
187	c646a45d	1780979233	91847.92	mall	speed	manual	monthly	all-equity	5	10000	88648.31	0.00	14.50	113	True	Reputation collapse (< 15)
188	c646a45d	1780979234	-68681.47	office	speed	automated	coop	balanced	5	10000	-5020.40	69600.00	49.00	78	True	Bankruptcy: deeply negative cash
189	c646a45d	1780979235	-148193.96	mall	gourmet	manual	direct	max-debt	5	10000	-17069.24	136600.00	54.50	2	True	Bankruptcy: deeply negative cash
190	c646a45d	1780979236	52556.87	university	everyday	manual	monthly	all-equity	5	10000	49765.72	0.00	11.00	152	True	Reputation collapse (< 15)
191	c646a45d	1780979237	-70365.79	urban	speed	specialized	spot	balanced	5	10000	-5041.94	69600.00	32.28	80	True	Bankruptcy: deeply negative cash
192	c646a45d	1780979238	-152315.33	office	everyday	manual	coop	max-debt	5	10000	-20878.25	136600.00	51.50	2	True	Bankruptcy: deeply negative cash
193	c646a45d	1780979239	-175567.77	mall	sweet	automated	coop	max-debt	5	10000	-44537.68	136600.00	55.50	2	True	Bankruptcy: deeply negative cash
194	c646a45d	1780979240	-168054.07	suburban	sweet	specialized	direct	max-debt	5	10000	-36667.02	136600.00	52.00	2	True	Bankruptcy: deeply negative cash
195	c646a45d	1780979241	-71678.70	university	sweet	automated	direct	balanced	5	10000	-7589.26	69600.00	42.00	90	True	Bankruptcy: deeply negative cash
196	c646a45d	1780979242	-166961.48	university	sweet	specialized	coop	max-debt	5	10000	-35329.01	136600.00	49.50	2	True	Bankruptcy: deeply negative cash
197	c646a45d	1780979243	402.35	urban	sweet	automated	monthly	all-equity	5	10000	-6139.03	0.00	31.00	226	True	Bankruptcy: deeply negative cash
198	c646a45d	1780979244	97675.98	university	sweet	manual	monthly	all-equity	5	10000	94309.07	0.00	14.08	131	True	Reputation collapse (< 15)
199	c646a45d	1780979245	-153838.67	urban	sweet	manual	monthly	max-debt	5	10000	-22510.58	136600.00	52.50	2	True	Bankruptcy: deeply negative cash
0	bddf6b1e	1780980053	-128605.78	suburban	speed	specialized	monthly	leveraged	5	10000	-16568.89	117100.00	50.50	2	True	Bankruptcy: deeply negative cash
1	bddf6b1e	1780980054	-72051.94	urban	speed	manual	monthly	balanced	5	10000	-9296.97	66000.00	15.00	122	True	Bankruptcy: deeply negative cash
2	bddf6b1e	1780980055	5921.73	suburban	everyday	specialized	spot	all-equity	5	10000	-5027.00	0.00	61.00	298	True	Bankruptcy: deeply negative cash
3	bddf6b1e	1780980056	20787.98	university	sweet	manual	direct	all-equity	5	10000	17535.19	0.00	12.20	212	True	Reputation collapse (< 15)
4	bddf6b1e	1780980057	37256.97	university	speed	manual	direct	all-equity	5	10000	33385.20	0.00	14.50	199	True	Reputation collapse (< 15)
5	bddf6b1e	1780980058	-129096.82	office	sweet	specialized	coop	leveraged	5	10000	-16666.16	117100.00	46.50	2	True	Bankruptcy: deeply negative cash
6	bddf6b1e	1780980059	-64529.58	suburban	speed	manual	direct	balanced	5	10000	-5149.36	66000.00	48.44	130	True	Bankruptcy: deeply negative cash
7	bddf6b1e	1780980060	-171547.61	urban	speed	specialized	coop	max-debt	5	10000	-39912.21	136600.00	49.50	2	True	Bankruptcy: deeply negative cash
8	bddf6b1e	1780980061	125207.55	mall	gourmet	manual	spot	all-equity	5	10000	120315.47	0.00	14.48	148	True	Reputation collapse (< 15)
9	bddf6b1e	1780980062	55414.10	university	sweet	specialized	spot	all-equity	5	10000	51937.16	0.00	14.50	151	True	Reputation collapse (< 15)
10	bddf6b1e	1780980063	24790.31	university	gourmet	manual	monthly	all-equity	5	10000	19964.41	0.00	14.00	278	True	Reputation collapse (< 15)
11	bddf6b1e	1780980064	-67105.34	office	sweet	manual	spot	balanced	5	10000	-5314.59	67800.00	45.50	111	True	Bankruptcy: deeply negative cash
12	bddf6b1e	1780980065	-128328.60	office	gourmet	specialized	direct	leveraged	5	10000	-16496.78	117100.00	52.50	2	True	Bankruptcy: deeply negative cash
13	bddf6b1e	1780980066	-136928.69	university	speed	automated	spot	leveraged	5	10000	-25048.03	117100.00	52.00	2	True	Bankruptcy: deeply negative cash
14	bddf6b1e	1780980067	-69410.71	suburban	gourmet	automated	direct	balanced	5	10000	-8984.36	67800.00	59.10	93	True	Bankruptcy: deeply negative cash
15	bddf6b1e	1780980068	-67166.61	suburban	sweet	manual	monthly	balanced	5	10000	-9100.30	66000.00	61.00	122	True	Bankruptcy: deeply negative cash
16	bddf6b1e	1780980069	-70822.38	office	gourmet	automated	coop	balanced	5	10000	-6574.50	69600.00	46.02	66	True	Bankruptcy: deeply negative cash
17	bddf6b1e	1780980070	-66338.12	suburban	gourmet	specialized	direct	balanced	5	10000	-5454.27	67800.00	56.10	92	True	Bankruptcy: deeply negative cash
18	bddf6b1e	1780980071	-178278.56	suburban	sweet	automated	coop	max-debt	5	10000	-47242.20	136600.00	55.50	2	True	Bankruptcy: deeply negative cash
19	bddf6b1e	1780980072	50025.77	suburban	sweet	automated	coop	all-equity	5	10000	33680.32	0.00	88.50	361	True	Completed 360 days
20	bddf6b1e	1780980073	-149980.14	university	everyday	manual	monthly	max-debt	5	10000	-18590.45	136600.00	52.00	2	True	Bankruptcy: deeply negative cash
21	bddf6b1e	1780980074	-136267.13	mall	speed	automated	monthly	leveraged	5	10000	-24482.15	117100.00	53.00	2	True	Bankruptcy: deeply negative cash
22	bddf6b1e	1780980075	-137552.35	suburban	gourmet	automated	direct	leveraged	5	10000	-26320.07	117100.00	58.50	2	True	Bankruptcy: deeply negative cash
23	bddf6b1e	1780980076	1647.98	urban	everyday	automated	monthly	all-equity	5	10000	-5098.56	0.00	37.50	206	True	Bankruptcy: deeply negative cash
24	bddf6b1e	1780980077	-138050.75	suburban	speed	automated	coop	leveraged	5	10000	-26266.09	117100.00	53.00	2	True	Bankruptcy: deeply negative cash
25	bddf6b1e	1780980078	-170676.31	urban	speed	specialized	direct	max-debt	5	10000	-39043.91	136600.00	49.50	2	True	Bankruptcy: deeply negative cash
26	bddf6b1e	1780980079	81863.06	mall	sweet	specialized	monthly	all-equity	5	10000	78043.60	0.00	14.00	133	True	Reputation collapse (< 15)
27	bddf6b1e	1780980080	5239.86	suburban	speed	specialized	direct	all-equity	5	10000	-5026.77	0.00	71.50	235	True	Bankruptcy: deeply negative cash
28	bddf6b1e	1780980081	-73054.06	university	gourmet	automated	spot	balanced	5	10000	-8639.81	67800.00	21.80	92	True	Bankruptcy: deeply negative cash
29	bddf6b1e	1780980082	-69492.00	university	speed	manual	spot	balanced	5	10000	-5203.26	67800.00	21.50	113	True	Bankruptcy: deeply negative cash
30	bddf6b1e	1780980083	-136010.56	university	sweet	automated	coop	leveraged	5	10000	-24479.45	117100.00	55.50	2	True	Bankruptcy: deeply negative cash
31	bddf6b1e	1780980084	-5205.96	urban	sweet	manual	monthly	all-equity	5	10000	-9938.27	0.00	14.50	242	True	Reputation collapse (< 15)
32	bddf6b1e	1780980085	-71495.51	urban	speed	specialized	direct	balanced	5	10000	-7428.01	69600.00	46.50	62	True	Bankruptcy: deeply negative cash
33	bddf6b1e	1780980086	-72037.44	mall	gourmet	automated	coop	balanced	5	10000	-7672.06	67800.00	18.50	92	True	Bankruptcy: deeply negative cash
34	bddf6b1e	1780980087	-136350.43	mall	speed	automated	spot	leveraged	5	10000	-24767.74	117100.00	55.00	2	True	Bankruptcy: deeply negative cash
35	bddf6b1e	1780980088	-60699.61	university	sweet	manual	monthly	balanced	5	10000	-5118.87	62400.00	35.00	192	True	Bankruptcy: deeply negative cash
36	bddf6b1e	1780980089	34283.97	urban	gourmet	specialized	monthly	all-equity	5	10000	29584.35	0.00	13.00	212	True	Reputation collapse (< 15)
37	bddf6b1e	1780980090	-138620.50	suburban	speed	automated	spot	leveraged	5	10000	-27282.96	117100.00	57.50	2	True	Bankruptcy: deeply negative cash
38	bddf6b1e	1780980091	-117404.11	office	sweet	manual	monthly	leveraged	5	10000	-5889.00	117100.00	54.00	15	True	Bankruptcy: deeply negative cash
39	bddf6b1e	1780980092	-149151.50	mall	everyday	manual	monthly	max-debt	5	10000	-17770.57	136600.00	52.00	2	True	Bankruptcy: deeply negative cash
40	bddf6b1e	1780980093	29405.87	urban	gourmet	specialized	coop	all-equity	5	10000	24680.80	0.00	14.00	223	True	Reputation collapse (< 15)
41	bddf6b1e	1780980094	-176177.69	university	everyday	automated	monthly	max-debt	5	10000	-44950.79	136600.00	53.50	2	True	Bankruptcy: deeply negative cash
42	bddf6b1e	1780980095	-69884.06	office	gourmet	specialized	direct	balanced	5	10000	-7373.52	67800.00	42.36	92	True	Bankruptcy: deeply negative cash
43	bddf6b1e	1780980096	-176432.93	mall	sweet	automated	spot	max-debt	5	10000	-45354.69	136600.00	55.00	2	True	Bankruptcy: deeply negative cash
44	bddf6b1e	1780980097	-69786.25	office	speed	specialized	monthly	balanced	5	10000	-7587.93	67800.00	44.50	92	True	Bankruptcy: deeply negative cash
45	bddf6b1e	1780980098	-155423.57	urban	everyday	manual	spot	max-debt	5	10000	-22938.91	136600.00	41.00	2	True	Bankruptcy: deeply negative cash
46	bddf6b1e	1780980099	-73492.32	mall	speed	specialized	spot	balanced	5	10000	-8760.84	67800.00	15.50	92	True	Bankruptcy: deeply negative cash
47	bddf6b1e	1780980100	-168433.84	suburban	everyday	specialized	direct	max-debt	5	10000	-37096.30	136600.00	52.50	2	True	Bankruptcy: deeply negative cash
48	bddf6b1e	1780980101	-179648.78	urban	sweet	automated	direct	max-debt	5	10000	-48624.58	136600.00	55.50	2	True	Bankruptcy: deeply negative cash
49	bddf6b1e	1780980102	100363.83	mall	sweet	specialized	coop	all-equity	5	10000	97554.13	0.00	14.50	77	True	Reputation collapse (< 15)
50	bddf6b1e	1780980103	-129027.66	office	sweet	specialized	coop	leveraged	5	10000	-16946.84	117100.00	50.00	2	True	Bankruptcy: deeply negative cash
51	bddf6b1e	1780980104	-138580.56	office	speed	automated	coop	leveraged	5	10000	-26797.10	117100.00	53.00	2	True	Bankruptcy: deeply negative cash
52	bddf6b1e	1780980105	-61619.92	suburban	speed	manual	monthly	balanced	5	10000	-5041.15	64200.00	49.00	173	True	Bankruptcy: deeply negative cash
53	bddf6b1e	1780980106	-66861.94	office	gourmet	automated	coop	balanced	5	10000	-6761.76	67800.00	62.50	92	True	Bankruptcy: deeply negative cash
54	bddf6b1e	1780980107	-3810.88	urban	everyday	manual	monthly	all-equity	5	10000	-8015.16	0.00	16.78	224	True	Bankruptcy: deeply negative cash
55	bddf6b1e	1780980108	-128856.52	suburban	everyday	specialized	coop	leveraged	5	10000	-16418.99	117100.00	46.50	2	True	Bankruptcy: deeply negative cash
56	bddf6b1e	1780980109	-140743.27	urban	sweet	automated	direct	leveraged	5	10000	-28511.52	117100.00	48.50	2	True	Bankruptcy: deeply negative cash
57	bddf6b1e	1780980110	-67183.65	urban	sweet	manual	direct	balanced	5	10000	-5250.02	67800.00	44.00	104	True	Bankruptcy: deeply negative cash
58	bddf6b1e	1780980111	-135544.56	mall	speed	automated	coop	leveraged	5	10000	-24015.10	117100.00	55.50	2	True	Bankruptcy: deeply negative cash
59	bddf6b1e	1780980112	-149691.35	university	sweet	manual	monthly	max-debt	5	10000	-18013.56	136600.00	49.00	2	True	Bankruptcy: deeply negative cash
60	bddf6b1e	1780980113	-150018.86	university	sweet	manual	direct	max-debt	5	10000	-17836.97	136600.00	44.00	2	True	Bankruptcy: deeply negative cash
61	bddf6b1e	1780980114	13804.90	urban	gourmet	manual	direct	all-equity	5	10000	6306.02	0.00	15.50	361	True	Completed 360 days
62	bddf6b1e	1780980115	-129710.68	office	sweet	specialized	spot	leveraged	5	10000	-17579.75	117100.00	49.50	2	True	Bankruptcy: deeply negative cash
63	bddf6b1e	1780980116	-1268.82	urban	sweet	specialized	spot	all-equity	5	10000	-5281.45	0.00	18.18	190	True	Bankruptcy: deeply negative cash
64	bddf6b1e	1780980117	-72636.07	urban	sweet	automated	direct	balanced	5	10000	-8507.12	69600.00	46.64	62	True	Bankruptcy: deeply negative cash
65	bddf6b1e	1780980118	-112670.29	mall	gourmet	manual	monthly	leveraged	5	10000	-5563.28	111300.00	28.50	62	True	Bankruptcy: deeply negative cash
66	bddf6b1e	1780980119	-116885.14	urban	gourmet	manual	monthly	leveraged	5	10000	-5105.82	117100.00	50.50	15	True	Bankruptcy: deeply negative cash
67	bddf6b1e	1780980120	2474.83	office	speed	automated	monthly	all-equity	5	10000	-5211.57	0.00	47.50	246	True	Bankruptcy: deeply negative cash
68	bddf6b1e	1780980121	59205.00	university	speed	manual	monthly	all-equity	5	10000	55434.02	0.00	14.00	182	True	Reputation collapse (< 15)
69	bddf6b1e	1780980122	-67973.91	urban	gourmet	manual	direct	balanced	5	10000	-9365.29	66000.00	50.00	147	True	Bankruptcy: deeply negative cash
70	bddf6b1e	1780980123	-150076.30	mall	sweet	manual	spot	max-debt	5	10000	-18593.28	136600.00	51.00	2	True	Bankruptcy: deeply negative cash
71	bddf6b1e	1780980124	41257.96	mall	speed	automated	coop	all-equity	5	10000	37717.45	0.00	12.00	152	True	Reputation collapse (< 15)
72	bddf6b1e	1780980125	-178615.37	suburban	everyday	automated	spot	max-debt	5	10000	-47576.51	136600.00	55.50	2	True	Bankruptcy: deeply negative cash
73	bddf6b1e	1780980126	-73402.87	university	everyday	specialized	coop	balanced	5	10000	-9052.13	67800.00	24.50	92	True	Bankruptcy: deeply negative cash
74	bddf6b1e	1780980127	-106889.66	mall	gourmet	manual	direct	leveraged	5	10000	-5909.97	105500.00	17.00	122	True	Bankruptcy: deeply negative cash
75	bddf6b1e	1780980128	-70701.95	urban	speed	specialized	spot	balanced	5	10000	-6540.03	67800.00	22.50	92	True	Bankruptcy: deeply negative cash
76	bddf6b1e	1780980129	-149157.48	mall	sweet	manual	coop	max-debt	5	10000	-17723.49	136600.00	51.50	2	True	Bankruptcy: deeply negative cash
77	bddf6b1e	1780980130	1204.02	urban	everyday	automated	coop	all-equity	5	10000	-5009.00	0.00	35.50	192	True	Bankruptcy: deeply negative cash
78	bddf6b1e	1780980131	-169427.13	suburban	everyday	specialized	spot	max-debt	5	10000	-37740.79	136600.00	49.00	2	True	Bankruptcy: deeply negative cash
79	bddf6b1e	1780980132	47441.95	mall	speed	specialized	coop	all-equity	5	10000	44633.29	0.00	14.50	118	True	Reputation collapse (< 15)
80	bddf6b1e	1780980133	-136232.07	mall	sweet	automated	spot	leveraged	5	10000	-24651.87	117100.00	55.00	2	True	Bankruptcy: deeply negative cash
81	bddf6b1e	1780980134	-118457.92	suburban	speed	manual	monthly	leveraged	5	10000	-6687.33	117100.00	51.50	15	True	Bankruptcy: deeply negative cash
82	bddf6b1e	1780980135	-68893.75	suburban	speed	specialized	coop	balanced	5	10000	-5514.03	69600.00	52.50	82	True	Bankruptcy: deeply negative cash
83	bddf6b1e	1780980136	-177874.64	suburban	gourmet	automated	coop	max-debt	5	10000	-46887.02	136600.00	56.00	2	True	Bankruptcy: deeply negative cash
84	bddf6b1e	1780980137	-58716.09	suburban	sweet	manual	direct	balanced	5	10000	-6614.17	62400.00	71.50	188	True	Bankruptcy: deeply negative cash
85	bddf6b1e	1780980138	-70680.82	university	speed	specialized	monthly	balanced	5	10000	-5486.62	69600.00	35.00	84	True	Bankruptcy: deeply negative cash
86	bddf6b1e	1780980139	2254.69	suburban	speed	manual	coop	all-equity	5	10000	-5232.30	0.00	43.50	254	True	Bankruptcy: deeply negative cash
87	bddf6b1e	1780980140	-178092.32	suburban	gourmet	automated	monthly	max-debt	5	10000	-47153.55	136600.00	56.50	2	True	Bankruptcy: deeply negative cash
88	bddf6b1e	1780980141	17895.79	university	everyday	manual	spot	all-equity	5	10000	13647.38	0.00	14.00	250	True	Reputation collapse (< 15)
89	bddf6b1e	1780980142	1905.45	office	gourmet	manual	coop	all-equity	5	10000	-5683.13	0.00	40.00	301	True	Bankruptcy: deeply negative cash
90	bddf6b1e	1780980143	-65692.08	suburban	sweet	manual	coop	balanced	5	10000	-5747.48	66000.00	41.50	138	True	Bankruptcy: deeply negative cash
91	bddf6b1e	1780980144	-130257.19	urban	gourmet	specialized	direct	leveraged	5	10000	-18378.11	117100.00	52.00	2	True	Bankruptcy: deeply negative cash
92	bddf6b1e	1780980145	38228.29	office	speed	manual	spot	all-equity	5	10000	35929.55	0.00	9.84	152	True	Reputation collapse (< 15)
93	bddf6b1e	1780980146	-139737.07	urban	sweet	automated	direct	leveraged	5	10000	-28511.51	117100.00	58.50	2	True	Bankruptcy: deeply negative cash
94	bddf6b1e	1780980147	-62730.28	suburban	sweet	manual	spot	balanced	5	10000	-5114.47	66000.00	63.50	128	True	Bankruptcy: deeply negative cash
95	bddf6b1e	1780980148	-125607.83	mall	speed	specialized	direct	leveraged	5	10000	-13729.37	117100.00	52.00	2	True	Bankruptcy: deeply negative cash
96	bddf6b1e	1780980149	-116644.10	urban	everyday	manual	direct	leveraged	5	10000	-5230.55	117100.00	54.50	14	True	Bankruptcy: deeply negative cash
97	bddf6b1e	1780980150	-153762.32	urban	sweet	manual	coop	max-debt	5	10000	-22383.32	136600.00	52.00	2	True	Bankruptcy: deeply negative cash
98	bddf6b1e	1780980151	-171269.54	urban	sweet	specialized	direct	max-debt	5	10000	-38939.23	136600.00	42.50	2	True	Bankruptcy: deeply negative cash
99	bddf6b1e	1780980152	-67077.15	suburban	everyday	specialized	direct	balanced	5	10000	-6223.76	67800.00	57.00	92	True	Bankruptcy: deeply negative cash
100	bddf6b1e	1780980153	78457.22	suburban	gourmet	manual	direct	all-equity	5	10000	66991.72	0.00	49.50	361	True	Completed 360 days
101	bddf6b1e	1780980154	2077.51	suburban	everyday	automated	spot	all-equity	5	10000	-10330.35	0.00	84.00	243	True	Bankruptcy: deeply negative cash
102	bddf6b1e	1780980155	104798.05	mall	everyday	manual	spot	all-equity	5	10000	102392.37	0.00	13.50	62	True	Reputation collapse (< 15)
103	bddf6b1e	1780980156	-63967.83	urban	sweet	manual	monthly	balanced	5	10000	-7266.83	64200.00	45.50	152	True	Bankruptcy: deeply negative cash
104	bddf6b1e	1780980157	65636.58	university	gourmet	specialized	spot	all-equity	5	10000	62509.18	0.00	14.50	124	True	Reputation collapse (< 15)
105	bddf6b1e	1780980158	5298.37	suburban	everyday	specialized	coop	all-equity	5	10000	-5132.94	0.00	71.00	239	True	Bankruptcy: deeply negative cash
106	bddf6b1e	1780980159	1672.12	office	sweet	automated	direct	all-equity	5	10000	-5605.31	0.00	29.00	287	True	Bankruptcy: deeply negative cash
107	bddf6b1e	1780980160	-116067.23	suburban	sweet	manual	monthly	leveraged	5	10000	-7375.60	114200.00	50.06	32	True	Bankruptcy: deeply negative cash
108	bddf6b1e	1780980161	-176577.43	university	sweet	automated	monthly	max-debt	5	10000	-45593.85	136600.00	56.00	2	True	Bankruptcy: deeply negative cash
109	bddf6b1e	1780980162	-152072.78	suburban	everyday	manual	spot	max-debt	5	10000	-20583.41	136600.00	51.00	2	True	Bankruptcy: deeply negative cash
110	bddf6b1e	1780980163	-176630.40	university	gourmet	automated	spot	max-debt	5	10000	-45549.88	136600.00	55.00	2	True	Bankruptcy: deeply negative cash
111	bddf6b1e	1780980164	-70494.93	suburban	speed	automated	spot	balanced	5	10000	-8575.18	69600.00	63.50	87	True	Bankruptcy: deeply negative cash
112	bddf6b1e	1780980165	-171168.06	urban	gourmet	specialized	coop	max-debt	5	10000	-39235.47	136600.00	46.50	2	True	Bankruptcy: deeply negative cash
113	bddf6b1e	1780980166	-136732.89	university	gourmet	automated	monthly	leveraged	5	10000	-25248.41	117100.00	56.00	2	True	Bankruptcy: deeply negative cash
114	bddf6b1e	1780980167	-151569.52	office	gourmet	manual	direct	max-debt	5	10000	-20380.58	136600.00	54.00	2	True	Bankruptcy: deeply negative cash
115	bddf6b1e	1780980168	-65472.52	office	gourmet	manual	monthly	balanced	5	10000	-7610.83	66000.00	58.00	139	True	Bankruptcy: deeply negative cash
116	bddf6b1e	1780980169	-171885.68	urban	sweet	specialized	spot	max-debt	5	10000	-40202.29	136600.00	49.00	2	True	Bankruptcy: deeply negative cash
117	bddf6b1e	1780980170	-176267.03	mall	sweet	automated	monthly	max-debt	5	10000	-45284.19	136600.00	56.00	2	True	Bankruptcy: deeply negative cash
118	bddf6b1e	1780980171	-178509.77	suburban	everyday	automated	spot	max-debt	5	10000	-47472.61	136600.00	55.50	2	True	Bankruptcy: deeply negative cash
119	bddf6b1e	1780980172	88867.09	university	gourmet	specialized	spot	all-equity	5	10000	85980.36	0.00	14.50	97	True	Reputation collapse (< 15)
120	bddf6b1e	1780980173	-152259.95	suburban	speed	manual	spot	max-debt	5	10000	-20821.63	136600.00	51.50	2	True	Bankruptcy: deeply negative cash
121	bddf6b1e	1780980174	1007.06	office	speed	manual	monthly	all-equity	5	10000	-5197.98	0.00	35.00	271	True	Bankruptcy: deeply negative cash
122	bddf6b1e	1780980175	-126535.96	mall	speed	specialized	monthly	leveraged	5	10000	-14451.60	117100.00	50.00	2	True	Bankruptcy: deeply negative cash
123	bddf6b1e	1780980176	-69277.21	urban	speed	automated	coop	balanced	5	10000	-5519.70	69600.00	49.00	62	True	Bankruptcy: deeply negative cash
124	bddf6b1e	1780980177	137.38	urban	everyday	manual	monthly	all-equity	5	10000	-5311.16	0.00	19.00	242	True	Bankruptcy: deeply negative cash
125	bddf6b1e	1780980178	-66843.30	office	speed	manual	direct	balanced	5	10000	-5054.82	67800.00	51.12	97	True	Bankruptcy: deeply negative cash
126	bddf6b1e	1780980179	3709.54	office	gourmet	automated	monthly	all-equity	5	10000	-5468.07	0.00	58.00	245	True	Bankruptcy: deeply negative cash
127	bddf6b1e	1780980180	85888.60	urban	sweet	manual	spot	all-equity	5	10000	82130.38	0.00	14.00	149	True	Reputation collapse (< 15)
128	bddf6b1e	1780980181	-71975.71	suburban	everyday	automated	spot	balanced	5	10000	-8888.79	69600.00	57.50	62	True	Bankruptcy: deeply negative cash
129	bddf6b1e	1780980182	1857.45	office	everyday	manual	direct	all-equity	5	10000	-5083.16	0.00	31.50	299	True	Bankruptcy: deeply negative cash
130	bddf6b1e	1780980183	-125699.79	mall	everyday	specialized	direct	leveraged	5	10000	-13819.70	117100.00	52.00	2	True	Bankruptcy: deeply negative cash
131	bddf6b1e	1780980184	-138521.55	office	gourmet	automated	coop	leveraged	5	10000	-27039.61	117100.00	56.00	2	True	Bankruptcy: deeply negative cash
132	bddf6b1e	1780980185	-64871.06	urban	sweet	automated	direct	balanced	5	10000	-5080.07	67800.00	58.00	108	True	Bankruptcy: deeply negative cash
133	bddf6b1e	1780980186	32528.22	suburban	speed	manual	spot	all-equity	5	10000	15655.28	0.00	95.50	361	True	Completed 360 days
134	bddf6b1e	1780980187	-152412.04	suburban	everyday	manual	spot	max-debt	5	10000	-20923.68	136600.00	51.00	2	True	Bankruptcy: deeply negative cash
135	bddf6b1e	1780980188	62476.22	university	gourmet	specialized	coop	all-equity	5	10000	58597.44	0.00	9.50	182	True	Reputation collapse (< 15)
136	bddf6b1e	1780980189	74964.24	mall	speed	automated	monthly	all-equity	5	10000	70331.01	0.00	14.50	164	True	Reputation collapse (< 15)
137	bddf6b1e	1780980190	-129085.58	suburban	sweet	specialized	spot	leveraged	5	10000	-16899.88	117100.00	49.00	2	True	Bankruptcy: deeply negative cash
138	bddf6b1e	1780980191	-178449.53	suburban	everyday	automated	monthly	max-debt	5	10000	-47162.67	136600.00	53.00	2	True	Bankruptcy: deeply negative cash
139	bddf6b1e	1780980192	-67535.62	suburban	everyday	automated	spot	balanced	5	10000	-5070.49	69600.00	57.50	87	True	Bankruptcy: deeply negative cash
140	bddf6b1e	1780980193	4937.51	suburban	everyday	automated	spot	all-equity	5	10000	-6708.79	0.00	83.50	208	True	Bankruptcy: deeply negative cash
141	bddf6b1e	1780980194	-166431.63	university	everyday	specialized	direct	max-debt	5	10000	-35044.85	136600.00	52.00	2	True	Bankruptcy: deeply negative cash
142	bddf6b1e	1780980195	-71003.26	suburban	gourmet	specialized	monthly	balanced	5	10000	-9054.41	67800.00	45.12	97	True	Bankruptcy: deeply negative cash
143	bddf6b1e	1780980196	-70554.50	office	speed	automated	coop	balanced	5	10000	-9419.69	67800.00	54.00	92	True	Bankruptcy: deeply negative cash
144	bddf6b1e	1780980197	-120184.36	suburban	speed	manual	spot	leveraged	5	10000	-8652.44	117100.00	54.00	15	True	Bankruptcy: deeply negative cash
145	bddf6b1e	1780980198	-178378.37	office	everyday	automated	coop	max-debt	5	10000	-47392.99	136600.00	56.00	2	True	Bankruptcy: deeply negative cash
146	bddf6b1e	1780980199	-179037.04	suburban	everyday	automated	spot	max-debt	5	10000	-47646.77	136600.00	52.00	2	True	Bankruptcy: deeply negative cash
147	bddf6b1e	1780980200	-178656.70	office	sweet	automated	coop	max-debt	5	10000	-47622.73	136600.00	55.50	2	True	Bankruptcy: deeply negative cash
148	bddf6b1e	1780980201	-150850.72	suburban	gourmet	manual	direct	max-debt	5	10000	-19663.93	136600.00	54.00	2	True	Bankruptcy: deeply negative cash
149	bddf6b1e	1780980202	-68778.27	university	speed	specialized	coop	balanced	5	10000	-5086.44	67800.00	26.50	103	True	Bankruptcy: deeply negative cash
150	bddf6b1e	1780980203	-149489.62	university	speed	manual	direct	max-debt	5	10000	-18004.02	136600.00	51.00	2	True	Bankruptcy: deeply negative cash
151	bddf6b1e	1780980204	-116438.60	urban	everyday	manual	direct	leveraged	5	10000	-5050.68	117100.00	55.00	12	True	Bankruptcy: deeply negative cash
152	bddf6b1e	1780980205	-72783.67	university	sweet	automated	spot	balanced	5	10000	-8175.50	69600.00	43.00	62	True	Bankruptcy: deeply negative cash
153	bddf6b1e	1780980206	-153223.97	urban	gourmet	manual	coop	max-debt	5	10000	-21849.28	136600.00	52.00	2	True	Bankruptcy: deeply negative cash
154	bddf6b1e	1780980207	-68198.58	suburban	speed	specialized	coop	balanced	5	10000	-5226.39	69600.00	53.50	86	True	Bankruptcy: deeply negative cash
155	bddf6b1e	1780980208	-116391.29	university	gourmet	manual	direct	leveraged	5	10000	-7634.61	114200.00	50.00	32	True	Bankruptcy: deeply negative cash
156	bddf6b1e	1780980209	4358.24	suburban	everyday	automated	direct	all-equity	5	10000	-5134.91	0.00	74.00	185	True	Bankruptcy: deeply negative cash
157	bddf6b1e	1780980210	100342.43	suburban	gourmet	specialized	monthly	all-equity	5	10000	84829.47	0.00	76.50	361	True	Completed 360 days
158	bddf6b1e	1780980211	-171457.55	urban	everyday	specialized	direct	max-debt	5	10000	-39074.18	136600.00	42.00	2	True	Bankruptcy: deeply negative cash
159	bddf6b1e	1780980212	-126285.70	mall	everyday	specialized	direct	leveraged	5	10000	-14401.96	117100.00	52.00	2	True	Bankruptcy: deeply negative cash
160	bddf6b1e	1780980213	-167351.79	university	gourmet	specialized	direct	max-debt	5	10000	-34966.75	136600.00	42.00	2	True	Bankruptcy: deeply negative cash
161	bddf6b1e	1780980214	37351.85	urban	speed	specialized	coop	all-equity	5	10000	33511.56	0.00	14.50	173	True	Reputation collapse (< 15)
162	bddf6b1e	1780980215	-166754.47	university	sweet	specialized	direct	max-debt	5	10000	-35067.78	136600.00	49.00	2	True	Bankruptcy: deeply negative cash
163	bddf6b1e	1780980216	-117076.28	office	gourmet	manual	coop	leveraged	5	10000	-5534.97	117100.00	53.50	17	True	Bankruptcy: deeply negative cash
164	bddf6b1e	1780980217	34525.11	suburban	speed	manual	direct	all-equity	5	10000	18774.38	0.00	88.50	361	True	Completed 360 days
165	bddf6b1e	1780980218	-126256.71	university	sweet	specialized	direct	leveraged	5	10000	-14079.95	117100.00	49.00	2	True	Bankruptcy: deeply negative cash
166	bddf6b1e	1780980219	-175425.55	mall	sweet	automated	direct	max-debt	5	10000	-44694.33	136600.00	58.50	2	True	Bankruptcy: deeply negative cash
167	bddf6b1e	1780980220	30651.52	suburban	gourmet	manual	coop	all-equity	5	10000	16808.02	0.00	76.22	361	True	Completed 360 days
168	bddf6b1e	1780980221	-128930.92	office	everyday	specialized	coop	leveraged	5	10000	-16846.47	117100.00	50.00	2	True	Bankruptcy: deeply negative cash
169	bddf6b1e	1780980222	-167058.08	university	speed	specialized	coop	max-debt	5	10000	-35124.43	136600.00	46.50	2	True	Bankruptcy: deeply negative cash
170	bddf6b1e	1780980223	-136675.72	university	everyday	automated	coop	leveraged	5	10000	-25139.59	117100.00	55.50	2	True	Bankruptcy: deeply negative cash
171	bddf6b1e	1780980224	-60.49	university	speed	automated	coop	all-equity	5	10000	-5517.12	0.00	29.00	212	True	Bankruptcy: deeply negative cash
172	bddf6b1e	1780980225	-168633.15	office	sweet	specialized	direct	max-debt	5	10000	-37247.05	136600.00	52.00	2	True	Bankruptcy: deeply negative cash
173	bddf6b1e	1780980226	-126488.44	mall	gourmet	specialized	monthly	leveraged	5	10000	-14404.47	117100.00	50.00	2	True	Bankruptcy: deeply negative cash
174	bddf6b1e	1780980227	-117037.60	office	speed	manual	monthly	leveraged	5	10000	-5258.64	117100.00	52.00	15	True	Bankruptcy: deeply negative cash
175	bddf6b1e	1780980228	-66031.93	urban	gourmet	specialized	direct	balanced	5	10000	-5079.02	67800.00	47.00	119	True	Bankruptcy: deeply negative cash
176	bddf6b1e	1780980229	-74571.02	office	everyday	specialized	coop	balanced	5	10000	-10167.03	69600.00	45.00	63	True	Bankruptcy: deeply negative cash
177	bddf6b1e	1780980230	-129031.87	office	gourmet	specialized	coop	leveraged	5	10000	-16651.15	117100.00	47.00	2	True	Bankruptcy: deeply negative cash
178	bddf6b1e	1780980231	20146.05	mall	everyday	specialized	spot	all-equity	5	10000	16872.11	0.00	14.00	152	True	Reputation collapse (< 15)
179	bddf6b1e	1780980232	-176118.37	university	sweet	automated	monthly	max-debt	5	10000	-45138.09	136600.00	56.00	2	True	Bankruptcy: deeply negative cash
180	bddf6b1e	1780980233	67353.75	urban	speed	specialized	monthly	all-equity	5	10000	65025.02	0.00	12.00	92	True	Reputation collapse (< 15)
181	bddf6b1e	1780980234	-70020.87	university	speed	manual	monthly	balanced	5	10000	-8466.28	66000.00	26.50	131	True	Bankruptcy: deeply negative cash
182	bddf6b1e	1780980235	124600.87	mall	speed	manual	direct	all-equity	5	10000	119832.86	0.00	14.00	155	True	Reputation collapse (< 15)
183	bddf6b1e	1780980236	51710.67	urban	gourmet	specialized	monthly	all-equity	5	10000	47945.31	0.00	14.50	157	True	Reputation collapse (< 15)
184	bddf6b1e	1780980237	-151279.79	suburban	speed	manual	direct	max-debt	5	10000	-19790.64	136600.00	51.00	2	True	Bankruptcy: deeply negative cash
185	bddf6b1e	1780980238	-70066.89	suburban	sweet	specialized	spot	balanced	5	10000	-7424.94	69600.00	55.00	87	True	Bankruptcy: deeply negative cash
186	bddf6b1e	1780980239	-170156.24	urban	sweet	specialized	direct	max-debt	5	10000	-38779.32	136600.00	52.00	2	True	Bankruptcy: deeply negative cash
187	bddf6b1e	1780980240	-177633.75	suburban	everyday	automated	direct	max-debt	5	10000	-46897.91	136600.00	58.50	2	True	Bankruptcy: deeply negative cash
188	bddf6b1e	1780980241	22333.20	office	sweet	specialized	monthly	all-equity	5	10000	17043.17	0.00	14.50	264	True	Reputation collapse (< 15)
189	bddf6b1e	1780980242	-169203.40	suburban	sweet	specialized	spot	max-debt	5	10000	-37766.20	136600.00	51.50	2	True	Bankruptcy: deeply negative cash
190	bddf6b1e	1780980243	-72955.42	suburban	everyday	automated	monthly	balanced	5	10000	-7145.05	71400.00	49.50	52	True	Bankruptcy: deeply negative cash
191	bddf6b1e	1780980244	72925.09	mall	everyday	manual	coop	all-equity	5	10000	69257.14	0.00	14.00	148	True	Reputation collapse (< 15)
192	bddf6b1e	1780980245	-154821.56	urban	everyday	manual	spot	max-debt	5	10000	-23035.33	136600.00	48.00	2	True	Bankruptcy: deeply negative cash
193	bddf6b1e	1780980246	-119319.69	urban	speed	manual	coop	leveraged	5	10000	-7587.40	117100.00	52.00	12	True	Bankruptcy: deeply negative cash
194	bddf6b1e	1780980247	17092.23	university	speed	specialized	coop	all-equity	5	10000	12481.19	0.00	14.00	255	True	Reputation collapse (< 15)
195	bddf6b1e	1780980248	-178140.97	suburban	gourmet	automated	coop	max-debt	5	10000	-47105.70	136600.00	55.50	2	True	Bankruptcy: deeply negative cash
196	bddf6b1e	1780980249	-69266.99	office	sweet	automated	spot	balanced	5	10000	-5404.94	69600.00	50.58	62	True	Bankruptcy: deeply negative cash
197	bddf6b1e	1780980250	-70705.78	university	everyday	manual	spot	balanced	5	10000	-8159.44	66000.00	15.50	143	True	Bankruptcy: deeply negative cash
198	bddf6b1e	1780980251	-1294.60	urban	gourmet	automated	monthly	all-equity	5	10000	-5906.70	0.00	21.00	182	True	Bankruptcy: deeply negative cash
199	bddf6b1e	1780980252	34441.32	urban	sweet	automated	spot	all-equity	5	10000	27108.55	0.00	14.00	304	True	Reputation collapse (< 15)
0	1cd140aa	1780980609	-149111.90	university	gourmet	manual	direct	max-debt	5	10000	-17928.01	136600.00	54.00	2	True	Bankruptcy: deeply negative cash
1	1cd140aa	1780980610	1973.35	university	gourmet	specialized	spot	all-equity	5	10000	-3939.78	0.00	14.50	318	True	Reputation collapse (< 15)
2	1cd140aa	1780980611	-153342.66	office	sweet	manual	spot	max-debt	5	10000	-20859.95	136600.00	41.00	2	True	Bankruptcy: deeply negative cash
3	1cd140aa	1780980612	-131018.04	urban	gourmet	specialized	coop	leveraged	5	10000	-18883.22	117100.00	49.50	2	True	Bankruptcy: deeply negative cash
4	1cd140aa	1780980613	-66718.16	urban	sweet	manual	spot	balanced	5	10000	-5373.58	67800.00	45.00	118	True	Bankruptcy: deeply negative cash
5	1cd140aa	1780980614	-166587.54	mall	gourmet	specialized	coop	max-debt	5	10000	-34955.10	136600.00	49.50	2	True	Bankruptcy: deeply negative cash
6	1cd140aa	1780980615	47050.57	mall	speed	automated	monthly	all-equity	5	10000	43083.39	0.00	14.50	154	True	Reputation collapse (< 15)
7	1cd140aa	1780980616	-132003.26	urban	everyday	specialized	spot	leveraged	5	10000	-19517.22	117100.00	46.00	2	True	Bankruptcy: deeply negative cash
8	1cd140aa	1780980617	-92.41	urban	everyday	automated	spot	all-equity	5	10000	-5119.88	0.00	29.50	167	True	Bankruptcy: deeply negative cash
9	1cd140aa	1780980618	123212.86	mall	gourmet	specialized	coop	all-equity	5	10000	116679.93	0.00	6.00	242	True	Reputation collapse (< 15)
10	1cd140aa	1780980619	-117895.62	university	speed	manual	monthly	leveraged	5	10000	-5161.25	117100.00	42.00	16	True	Bankruptcy: deeply negative cash
11	1cd140aa	1780980620	-178539.94	suburban	everyday	automated	spot	max-debt	5	10000	-47502.55	136600.00	55.50	2	True	Bankruptcy: deeply negative cash
12	1cd140aa	1780980621	-118780.82	suburban	speed	manual	spot	leveraged	5	10000	-6900.90	117100.00	50.50	14	True	Bankruptcy: deeply negative cash
13	1cd140aa	1780980622	3515.01	urban	gourmet	automated	direct	all-equity	5	10000	-6883.83	0.00	56.00	273	True	Bankruptcy: deeply negative cash
14	1cd140aa	1780980623	-3370.72	urban	gourmet	manual	coop	all-equity	5	10000	-9474.70	0.00	19.58	289	True	Bankruptcy: deeply negative cash
15	1cd140aa	1780980624	-139777.77	urban	gourmet	automated	direct	leveraged	5	10000	-28496.33	117100.00	58.00	2	True	Bankruptcy: deeply negative cash
16	1cd140aa	1780980625	-60076.40	mall	gourmet	manual	spot	balanced	5	10000	2030.98	66000.00	14.00	133	True	Reputation collapse (< 15)
17	1cd140aa	1780980626	-149769.58	university	speed	manual	coop	max-debt	5	10000	-18331.08	136600.00	51.50	2	True	Bankruptcy: deeply negative cash
18	1cd140aa	1780980627	-130489.81	urban	sweet	specialized	direct	leveraged	5	10000	-18605.81	117100.00	52.00	2	True	Bankruptcy: deeply negative cash
19	1cd140aa	1780980628	-151609.45	office	sweet	manual	monthly	max-debt	5	10000	-20280.68	136600.00	52.50	2	True	Bankruptcy: deeply negative cash
20	1cd140aa	1780980629	93079.78	mall	speed	specialized	coop	all-equity	5	10000	88772.19	0.00	12.00	152	True	Reputation collapse (< 15)
21	1cd140aa	1780980630	-171769.58	urban	speed	specialized	spot	max-debt	5	10000	-40139.63	136600.00	49.50	2	True	Bankruptcy: deeply negative cash
22	1cd140aa	1780980631	-66632.85	suburban	speed	manual	spot	balanced	5	10000	-5311.08	67800.00	53.50	96	True	Bankruptcy: deeply negative cash
23	1cd140aa	1780980632	3505.05	office	speed	automated	monthly	all-equity	5	10000	-5186.14	0.00	56.00	231	True	Bankruptcy: deeply negative cash
24	1cd140aa	1780980633	-69865.41	mall	sweet	automated	direct	balanced	5	10000	-5167.07	69600.00	34.50	77	True	Bankruptcy: deeply negative cash
25	1cd140aa	1780980634	-114318.09	mall	gourmet	manual	coop	leveraged	5	10000	-6875.26	111300.00	24.00	65	True	Bankruptcy: deeply negative cash
26	1cd140aa	1780980635	-169739.37	office	speed	specialized	spot	max-debt	5	10000	-38052.61	136600.00	49.00	2	True	Bankruptcy: deeply negative cash
27	1cd140aa	1780980636	-62870.94	university	gourmet	specialized	monthly	balanced	5	10000	-853.26	66000.00	14.50	151	True	Reputation collapse (< 15)
28	1cd140aa	1780980637	74216.00	university	gourmet	specialized	direct	all-equity	5	10000	70421.17	0.00	13.50	152	True	Reputation collapse (< 15)
29	1cd140aa	1780980638	-170126.13	office	speed	specialized	spot	max-debt	5	10000	-38439.64	136600.00	49.00	2	True	Bankruptcy: deeply negative cash
30	1cd140aa	1780980639	-117145.83	university	everyday	manual	direct	leveraged	5	10000	-5079.58	117100.00	48.00	21	True	Bankruptcy: deeply negative cash
31	1cd140aa	1780980640	-169048.06	suburban	everyday	specialized	coop	max-debt	5	10000	-37408.02	136600.00	49.50	2	True	Bankruptcy: deeply negative cash
32	1cd140aa	1780980641	-170461.92	urban	everyday	specialized	direct	max-debt	5	10000	-39133.90	136600.00	52.50	2	True	Bankruptcy: deeply negative cash
33	1cd140aa	1780980642	-126731.39	mall	speed	specialized	monthly	leveraged	5	10000	-14653.17	117100.00	50.00	2	True	Bankruptcy: deeply negative cash
34	1cd140aa	1780980643	-116974.66	urban	everyday	manual	direct	leveraged	5	10000	-5560.55	117100.00	55.00	13	True	Bankruptcy: deeply negative cash
35	1cd140aa	1780980644	-153972.48	urban	everyday	manual	coop	max-debt	5	10000	-22589.54	136600.00	52.00	2	True	Bankruptcy: deeply negative cash
36	1cd140aa	1780980645	-67875.28	suburban	sweet	specialized	monthly	balanced	5	10000	-5104.22	69600.00	56.50	79	True	Bankruptcy: deeply negative cash
37	1cd140aa	1780980646	-61324.69	suburban	gourmet	specialized	monthly	balanced	5	10000	-5074.39	64200.00	49.00	152	True	Bankruptcy: deeply negative cash
38	1cd140aa	1780980647	3693.24	office	gourmet	specialized	monthly	all-equity	5	10000	-5180.33	0.00	38.50	323	True	Bankruptcy: deeply negative cash
39	1cd140aa	1780980648	-113120.40	mall	speed	manual	monthly	leveraged	5	10000	-6451.50	111300.00	33.00	62	True	Bankruptcy: deeply negative cash
40	1cd140aa	1780980649	-76443.36	mall	everyday	specialized	coop	balanced	5	10000	-10239.46	69600.00	26.50	64	True	Bankruptcy: deeply negative cash
41	1cd140aa	1780980650	-72997.43	office	gourmet	automated	spot	balanced	5	10000	-9873.19	69600.00	56.00	62	True	Bankruptcy: deeply negative cash
42	1cd140aa	1780980651	-178405.72	office	speed	automated	coop	max-debt	5	10000	-47420.16	136600.00	56.00	2	True	Bankruptcy: deeply negative cash
43	1cd140aa	1780980652	-129183.56	office	everyday	specialized	coop	leveraged	5	10000	-17100.22	117100.00	50.00	2	True	Bankruptcy: deeply negative cash
44	1cd140aa	1780980653	-152310.38	suburban	everyday	manual	spot	max-debt	5	10000	-20873.21	136600.00	51.50	2	True	Bankruptcy: deeply negative cash
45	1cd140aa	1780980654	-136141.63	university	sweet	automated	monthly	leveraged	5	10000	-24660.54	117100.00	56.00	2	True	Bankruptcy: deeply negative cash
46	1cd140aa	1780980655	-71121.29	urban	everyday	automated	direct	balanced	5	10000	-7088.84	69600.00	47.50	62	True	Bankruptcy: deeply negative cash
47	1cd140aa	1780980656	-177984.49	office	gourmet	automated	coop	max-debt	5	10000	-47006.48	136600.00	56.00	2	True	Bankruptcy: deeply negative cash
48	1cd140aa	1780980657	-117135.61	university	everyday	manual	direct	leveraged	5	10000	-5324.35	117100.00	50.50	22	True	Bankruptcy: deeply negative cash
49	1cd140aa	1780980658	-70261.18	university	everyday	automated	coop	balanced	5	10000	-5291.13	69600.00	38.00	69	True	Bankruptcy: deeply negative cash
50	1cd140aa	1780980659	-117176.96	office	sweet	manual	monthly	leveraged	5	10000	-5093.32	117100.00	48.00	17	True	Bankruptcy: deeply negative cash
51	1cd140aa	1780980660	-168404.04	suburban	everyday	specialized	direct	max-debt	5	10000	-37016.56	136600.00	52.00	2	True	Bankruptcy: deeply negative cash
52	1cd140aa	1780980661	2723.07	office	gourmet	specialized	monthly	all-equity	5	10000	-5128.40	0.00	55.50	210	True	Bankruptcy: deeply negative cash
53	1cd140aa	1780980662	-1959.94	urban	sweet	manual	spot	all-equity	5	10000	-7335.92	0.00	21.50	242	True	Bankruptcy: deeply negative cash
54	1cd140aa	1780980663	-72377.43	urban	sweet	specialized	monthly	balanced	5	10000	-6753.68	69600.00	27.00	90	True	Bankruptcy: deeply negative cash
55	1cd140aa	1780980664	-67449.41	university	gourmet	manual	spot	balanced	5	10000	-5341.27	67800.00	46.00	97	True	Bankruptcy: deeply negative cash
56	1cd140aa	1780980665	-178581.47	suburban	speed	automated	spot	max-debt	5	10000	-47548.61	136600.00	55.50	2	True	Bankruptcy: deeply negative cash
57	1cd140aa	1780980666	4983.62	suburban	everyday	manual	monthly	all-equity	5	10000	-5543.54	0.00	70.16	265	True	Bankruptcy: deeply negative cash
58	1cd140aa	1780980667	51790.63	university	sweet	specialized	spot	all-equity	5	10000	48429.58	0.00	14.26	151	True	Reputation collapse (< 15)
59	1cd140aa	1780980668	127634.44	mall	gourmet	manual	direct	all-equity	5	10000	122071.87	0.00	14.00	181	True	Reputation collapse (< 15)
60	1cd140aa	1780980669	-67321.61	urban	sweet	specialized	direct	balanced	5	10000	-5207.39	67800.00	40.50	99	True	Bankruptcy: deeply negative cash
61	1cd140aa	1780980670	-69354.68	urban	speed	automated	coop	balanced	5	10000	-5425.62	69600.00	44.00	77	True	Bankruptcy: deeply negative cash
62	1cd140aa	1780980671	-64695.48	university	sweet	manual	direct	balanced	5	10000	-5172.75	64200.00	22.50	159	True	Bankruptcy: deeply negative cash
63	1cd140aa	1780980672	422.12	urban	everyday	manual	direct	all-equity	5	10000	-5095.84	0.00	32.50	203	True	Bankruptcy: deeply negative cash
64	1cd140aa	1780980673	38097.86	suburban	everyday	specialized	direct	all-equity	5	10000	23591.71	0.00	82.00	361	True	Completed 360 days
65	1cd140aa	1780980674	-70154.67	urban	everyday	automated	coop	balanced	5	10000	-5365.71	71400.00	58.50	48	True	Bankruptcy: deeply negative cash
66	1cd140aa	1780980675	-177046.63	university	gourmet	automated	spot	max-debt	5	10000	-45664.20	136600.00	52.00	2	True	Bankruptcy: deeply negative cash
67	1cd140aa	1780980676	-151574.33	office	gourmet	manual	direct	max-debt	5	10000	-20442.33	136600.00	54.50	2	True	Bankruptcy: deeply negative cash
68	1cd140aa	1780980677	73758.75	mall	everyday	automated	coop	all-equity	5	10000	69769.64	0.00	14.50	137	True	Reputation collapse (< 15)
69	1cd140aa	1780980678	-166964.58	university	sweet	specialized	monthly	max-debt	5	10000	-35085.53	136600.00	47.00	2	True	Bankruptcy: deeply negative cash
70	1cd140aa	1780980679	-135199.39	mall	speed	automated	direct	leveraged	5	10000	-23623.58	117100.00	55.00	2	True	Bankruptcy: deeply negative cash
71	1cd140aa	1780980680	-176851.31	university	speed	automated	monthly	max-debt	5	10000	-45862.54	136600.00	56.00	2	True	Bankruptcy: deeply negative cash
72	1cd140aa	1780980681	-70391.85	university	speed	manual	coop	balanced	5	10000	-4834.20	67800.00	13.50	92	True	Reputation collapse (< 15)
73	1cd140aa	1780980682	-152192.81	suburban	sweet	manual	spot	max-debt	5	10000	-20407.15	136600.00	48.00	2	True	Bankruptcy: deeply negative cash
74	1cd140aa	1780980683	-166534.05	mall	sweet	specialized	monthly	max-debt	5	10000	-34955.60	136600.00	50.00	2	True	Bankruptcy: deeply negative cash
75	1cd140aa	1780980684	-154474.88	urban	everyday	manual	spot	max-debt	5	10000	-22989.57	136600.00	51.00	2	True	Bankruptcy: deeply negative cash
76	1cd140aa	1780980685	-130426.55	urban	speed	specialized	direct	leveraged	5	10000	-18544.32	117100.00	52.00	2	True	Bankruptcy: deeply negative cash
77	1cd140aa	1780980686	-70509.58	mall	speed	automated	coop	balanced	5	10000	-5254.81	69600.00	28.00	79	True	Bankruptcy: deeply negative cash
78	1cd140aa	1780980687	-116680.13	mall	gourmet	manual	monthly	leveraged	5	10000	-7711.01	114200.00	45.00	34	True	Bankruptcy: deeply negative cash
79	1cd140aa	1780980688	5123.53	suburban	everyday	manual	direct	all-equity	5	10000	-5390.19	0.00	59.50	312	True	Bankruptcy: deeply negative cash
80	1cd140aa	1780980689	52.74	urban	gourmet	specialized	monthly	all-equity	5	10000	-6605.91	0.00	21.50	280	True	Bankruptcy: deeply negative cash
81	1cd140aa	1780980690	7944.20	urban	gourmet	specialized	spot	all-equity	5	10000	4344.78	0.00	7.50	212	True	Reputation collapse (< 15)
82	1cd140aa	1780980691	-70810.68	urban	gourmet	specialized	coop	balanced	5	10000	-5291.69	69600.00	28.50	89	True	Bankruptcy: deeply negative cash
83	1cd140aa	1780980692	-128887.12	office	everyday	specialized	coop	leveraged	5	10000	-16803.54	117100.00	50.00	2	True	Bankruptcy: deeply negative cash
84	1cd140aa	1780980693	-70588.24	urban	sweet	specialized	monthly	balanced	5	10000	-5433.67	69600.00	31.50	90	True	Bankruptcy: deeply negative cash
85	1cd140aa	1780980694	4596.18	suburban	everyday	specialized	direct	all-equity	5	10000	-5133.59	0.00	73.50	217	True	Bankruptcy: deeply negative cash
86	1cd140aa	1780980695	13192.73	urban	sweet	automated	coop	all-equity	5	10000	3637.68	0.00	23.50	361	True	Completed 360 days
87	1cd140aa	1780980696	4740.36	office	gourmet	automated	coop	all-equity	5	10000	-5059.18	0.00	48.50	309	True	Bankruptcy: deeply negative cash
88	1cd140aa	1780980697	-1554.39	urban	speed	specialized	direct	all-equity	5	10000	-6446.12	0.00	21.50	212	True	Bankruptcy: deeply negative cash
89	1cd140aa	1780980698	-126494.32	university	gourmet	specialized	direct	leveraged	5	10000	-14312.91	117100.00	49.00	2	True	Bankruptcy: deeply negative cash
90	1cd140aa	1780980699	-69363.71	office	speed	automated	coop	balanced	5	10000	-5401.41	69600.00	48.50	63	True	Bankruptcy: deeply negative cash
91	1cd140aa	1780980700	-136128.25	university	speed	automated	monthly	leveraged	5	10000	-24647.60	117100.00	56.00	2	True	Bankruptcy: deeply negative cash
92	1cd140aa	1780980701	-178659.66	suburban	gourmet	automated	spot	max-debt	5	10000	-47325.81	136600.00	52.50	2	True	Bankruptcy: deeply negative cash
93	1cd140aa	1780980702	-3565.92	urban	everyday	automated	monthly	all-equity	5	10000	-9458.76	0.00	28.50	212	True	Bankruptcy: deeply negative cash
94	1cd140aa	1780980703	111117.55	mall	gourmet	specialized	spot	all-equity	5	10000	106234.06	0.00	14.50	146	True	Reputation collapse (< 15)
95	1cd140aa	1780980704	96549.84	mall	sweet	specialized	direct	all-equity	5	10000	93356.22	0.00	14.50	91	True	Reputation collapse (< 15)
96	1cd140aa	1780980705	480.33	office	gourmet	manual	direct	all-equity	5	10000	-5042.81	0.00	27.00	259	True	Bankruptcy: deeply negative cash
97	1cd140aa	1780980706	-124072.39	office	everyday	manual	spot	leveraged	5	10000	-11148.03	117100.00	40.50	17	True	Bankruptcy: deeply negative cash
98	1cd140aa	1780980707	3915.16	office	everyday	automated	direct	all-equity	5	10000	-5048.19	0.00	65.66	207	True	Bankruptcy: deeply negative cash
99	1cd140aa	1780980708	-129165.02	office	everyday	specialized	coop	leveraged	5	10000	-17027.14	117100.00	49.50	2	True	Bankruptcy: deeply negative cash
100	1cd140aa	1780980709	-119223.40	suburban	gourmet	manual	coop	leveraged	5	10000	-7088.42	117100.00	48.00	15	True	Bankruptcy: deeply negative cash
101	1cd140aa	1780980710	-3318.93	office	gourmet	specialized	spot	all-equity	5	10000	-9287.00	0.00	15.50	350	True	Bankruptcy: deeply negative cash
102	1cd140aa	1780980711	1004.75	university	sweet	automated	spot	all-equity	5	10000	-5092.08	0.00	36.00	196	True	Bankruptcy: deeply negative cash
103	1cd140aa	1780980712	-66315.32	office	sweet	manual	direct	balanced	5	10000	-7842.65	66000.00	54.88	143	True	Bankruptcy: deeply negative cash
104	1cd140aa	1780980713	898.92	university	gourmet	automated	coop	all-equity	5	10000	-5184.54	0.00	26.50	269	True	Bankruptcy: deeply negative cash
105	1cd140aa	1780980714	-181702.43	urban	sweet	automated	spot	max-debt	5	10000	-49673.80	136600.00	45.50	2	True	Bankruptcy: deeply negative cash
106	1cd140aa	1780980715	-170951.38	urban	sweet	specialized	monthly	max-debt	5	10000	-39419.30	136600.00	50.50	2	True	Bankruptcy: deeply negative cash
107	1cd140aa	1780980716	-128850.74	suburban	everyday	specialized	coop	leveraged	5	10000	-16712.61	117100.00	49.50	2	True	Bankruptcy: deeply negative cash
108	1cd140aa	1780980717	-69159.65	office	speed	specialized	monthly	balanced	5	10000	-7072.59	67800.00	46.00	92	True	Bankruptcy: deeply negative cash
109	1cd140aa	1780980718	1434.81	office	everyday	manual	coop	all-equity	5	10000	-5377.43	0.00	34.98	273	True	Bankruptcy: deeply negative cash
110	1cd140aa	1780980719	-192.62	urban	gourmet	automated	coop	all-equity	5	10000	-5022.95	0.00	21.00	193	True	Bankruptcy: deeply negative cash
111	1cd140aa	1780980720	-129485.02	office	everyday	specialized	coop	leveraged	5	10000	-17046.39	117100.00	46.50	2	True	Bankruptcy: deeply negative cash
112	1cd140aa	1780980721	-72731.87	mall	everyday	specialized	spot	balanced	5	10000	-8438.09	67800.00	16.50	107	True	Bankruptcy: deeply negative cash
113	1cd140aa	1780980722	-169038.67	office	gourmet	specialized	coop	max-debt	5	10000	-37452.47	136600.00	50.00	2	True	Bankruptcy: deeply negative cash
114	1cd140aa	1780980723	-137869.72	suburban	gourmet	automated	monthly	leveraged	5	10000	-26435.85	117100.00	56.50	2	True	Bankruptcy: deeply negative cash
115	1cd140aa	1780980724	4450.97	suburban	speed	automated	coop	all-equity	5	10000	-6860.33	0.00	80.00	216	True	Bankruptcy: deeply negative cash
116	1cd140aa	1780980725	-118610.54	suburban	sweet	manual	direct	leveraged	5	10000	-10695.37	114200.00	57.50	32	True	Bankruptcy: deeply negative cash
117	1cd140aa	1780980726	-138419.90	suburban	sweet	automated	spot	leveraged	5	10000	-26884.69	117100.00	55.50	2	True	Bankruptcy: deeply negative cash
118	1cd140aa	1780980727	-127005.70	university	sweet	specialized	coop	leveraged	5	10000	-14872.37	117100.00	49.50	2	True	Bankruptcy: deeply negative cash
119	1cd140aa	1780980728	-71451.61	urban	everyday	automated	direct	balanced	5	10000	-7960.04	69600.00	48.00	83	True	Bankruptcy: deeply negative cash
120	1cd140aa	1780980729	-117233.87	suburban	everyday	manual	direct	leveraged	5	10000	-5819.58	117100.00	55.50	14	True	Bankruptcy: deeply negative cash
121	1cd140aa	1780980730	-152303.28	suburban	speed	manual	coop	max-debt	5	10000	-19915.81	136600.00	42.00	2	True	Bankruptcy: deeply negative cash
122	1cd140aa	1780980731	-743.99	mall	speed	automated	direct	all-equity	5	10000	-5253.20	0.00	17.00	211	True	Bankruptcy: deeply negative cash
123	1cd140aa	1780980732	-127277.44	university	everyday	specialized	coop	leveraged	5	10000	-14839.13	117100.00	46.50	2	True	Bankruptcy: deeply negative cash
124	1cd140aa	1780980733	-72119.77	university	everyday	specialized	direct	balanced	5	10000	-5646.52	69600.00	25.50	72	True	Bankruptcy: deeply negative cash
125	1cd140aa	1780980734	-136214.03	mall	speed	automated	coop	leveraged	5	10000	-24679.29	117100.00	55.50	2	True	Bankruptcy: deeply negative cash
126	1cd140aa	1780980735	-168829.36	office	gourmet	specialized	coop	max-debt	5	10000	-37252.61	136600.00	50.00	2	True	Bankruptcy: deeply negative cash
127	1cd140aa	1780980736	-151793.76	suburban	everyday	manual	monthly	max-debt	5	10000	-20155.14	136600.00	49.50	2	True	Bankruptcy: deeply negative cash
128	1cd140aa	1780980737	-71940.40	university	gourmet	automated	direct	balanced	5	10000	-6699.24	69600.00	30.00	91	True	Bankruptcy: deeply negative cash
129	1cd140aa	1780980738	-138636.40	suburban	gourmet	automated	spot	leveraged	5	10000	-27048.28	117100.00	55.00	2	True	Bankruptcy: deeply negative cash
130	1cd140aa	1780980739	-178476.82	suburban	gourmet	automated	monthly	max-debt	5	10000	-47487.19	136600.00	56.00	2	True	Bankruptcy: deeply negative cash
131	1cd140aa	1780980740	-69355.99	urban	gourmet	automated	coop	balanced	5	10000	-5535.10	69600.00	48.00	62	True	Bankruptcy: deeply negative cash
132	1cd140aa	1780980741	-65310.29	suburban	everyday	manual	direct	balanced	5	10000	-5193.43	67800.00	63.50	96	True	Bankruptcy: deeply negative cash
133	1cd140aa	1780980742	-151464.64	office	sweet	manual	direct	max-debt	5	10000	-20277.58	136600.00	54.00	2	True	Bankruptcy: deeply negative cash
134	1cd140aa	1780980743	-68760.53	mall	everyday	specialized	monthly	balanced	5	10000	-7447.83	66000.00	24.00	122	True	Bankruptcy: deeply negative cash
135	1cd140aa	1780980744	-71612.00	office	gourmet	automated	direct	balanced	5	10000	-9798.42	67800.00	47.34	92	True	Bankruptcy: deeply negative cash
136	1cd140aa	1780980745	-41945.15	mall	speed	manual	direct	balanced	5	10000	17740.93	64200.00	14.50	153	True	Reputation collapse (< 15)
137	1cd140aa	1780980746	-69861.90	urban	everyday	manual	coop	balanced	5	10000	-5628.74	67800.00	21.50	108	True	Bankruptcy: deeply negative cash
138	1cd140aa	1780980747	3018.29	office	speed	specialized	monthly	all-equity	5	10000	-5411.78	0.00	51.00	242	True	Bankruptcy: deeply negative cash
139	1cd140aa	1780980748	-118304.32	university	sweet	manual	coop	leveraged	5	10000	-9319.69	114200.00	47.00	32	True	Bankruptcy: deeply negative cash
140	1cd140aa	1780980749	-151430.23	office	sweet	manual	direct	max-debt	5	10000	-20298.56	136600.00	54.50	2	True	Bankruptcy: deeply negative cash
141	1cd140aa	1780980750	-117483.42	office	gourmet	manual	monthly	leveraged	5	10000	-8489.98	114200.00	47.00	32	True	Bankruptcy: deeply negative cash
142	1cd140aa	1780980751	6060.27	suburban	everyday	manual	spot	all-equity	5	10000	-6677.22	0.00	78.00	302	True	Bankruptcy: deeply negative cash
143	1cd140aa	1780980752	-129383.35	suburban	gourmet	specialized	monthly	leveraged	5	10000	-16301.62	117100.00	40.00	2	True	Bankruptcy: deeply negative cash
144	1cd140aa	1780980753	-3400.13	urban	speed	specialized	monthly	all-equity	5	10000	-8331.72	0.00	26.00	182	True	Bankruptcy: deeply negative cash
145	1cd140aa	1780980754	5399.91	suburban	speed	manual	monthly	all-equity	5	10000	-5520.14	0.00	73.00	262	True	Bankruptcy: deeply negative cash
146	1cd140aa	1780980755	-127799.19	university	sweet	specialized	spot	leveraged	5	10000	-15613.76	117100.00	49.00	2	True	Bankruptcy: deeply negative cash
147	1cd140aa	1780980756	-168764.06	office	everyday	specialized	direct	max-debt	5	10000	-37577.00	136600.00	54.00	2	True	Bankruptcy: deeply negative cash
148	1cd140aa	1780980757	17093.84	urban	everyday	specialized	coop	all-equity	5	10000	13944.19	0.00	14.22	163	True	Reputation collapse (< 15)
149	1cd140aa	1780980758	-176023.80	mall	everyday	automated	monthly	max-debt	5	10000	-45043.77	136600.00	56.00	2	True	Bankruptcy: deeply negative cash
150	1cd140aa	1780980759	2332.87	urban	speed	automated	direct	all-equity	5	10000	-5618.63	0.00	53.50	191	True	Bankruptcy: deeply negative cash
151	1cd140aa	1780980760	-154444.01	urban	sweet	manual	spot	max-debt	5	10000	-23008.50	136600.00	51.50	2	True	Bankruptcy: deeply negative cash
152	1cd140aa	1780980761	-65520.03	suburban	speed	manual	spot	balanced	5	10000	-9742.92	64200.00	58.50	157	True	Bankruptcy: deeply negative cash
153	1cd140aa	1780980762	-171050.87	urban	speed	specialized	coop	max-debt	5	10000	-39469.96	136600.00	50.00	2	True	Bankruptcy: deeply negative cash
154	1cd140aa	1780980763	-71666.44	university	speed	automated	monthly	balanced	5	10000	-7733.38	67800.00	26.50	92	True	Bankruptcy: deeply negative cash
155	1cd140aa	1780980764	-129394.33	suburban	sweet	specialized	spot	leveraged	5	10000	-17404.36	117100.00	51.00	2	True	Bankruptcy: deeply negative cash
156	1cd140aa	1780980765	-120517.36	urban	everyday	manual	monthly	leveraged	5	10000	-8428.26	117100.00	48.50	13	True	Bankruptcy: deeply negative cash
157	1cd140aa	1780980766	-181164.89	urban	everyday	automated	spot	max-debt	5	10000	-50083.69	136600.00	55.00	2	True	Bankruptcy: deeply negative cash
158	1cd140aa	1780980767	7123.41	university	speed	specialized	direct	all-equity	5	10000	3169.13	0.00	14.50	242	True	Reputation collapse (< 15)
159	1cd140aa	1780980768	50057.02	university	gourmet	automated	monthly	all-equity	5	10000	45893.15	0.00	8.50	212	True	Reputation collapse (< 15)
160	1cd140aa	1780980769	48037.86	university	gourmet	automated	direct	all-equity	5	10000	41506.71	0.00	5.50	332	True	Reputation collapse (< 15)
161	1cd140aa	1780980770	-127292.43	university	speed	specialized	coop	leveraged	5	10000	-15154.19	117100.00	49.50	2	True	Bankruptcy: deeply negative cash
162	1cd140aa	1780980771	242.61	urban	everyday	specialized	direct	all-equity	5	10000	-5182.51	0.00	22.50	238	True	Bankruptcy: deeply negative cash
163	1cd140aa	1780980772	143343.85	suburban	gourmet	manual	direct	all-equity	5	10000	126377.20	0.00	81.50	361	True	Completed 360 days
164	1cd140aa	1780980773	3734.63	suburban	speed	manual	coop	all-equity	5	10000	-5515.23	0.00	64.00	231	True	Bankruptcy: deeply negative cash
165	1cd140aa	1780980774	-175794.53	mall	everyday	automated	coop	max-debt	5	10000	-44759.46	136600.00	55.50	2	True	Bankruptcy: deeply negative cash
166	1cd140aa	1780980775	-166453.76	mall	sweet	specialized	monthly	max-debt	5	10000	-35072.78	136600.00	52.00	2	True	Bankruptcy: deeply negative cash
167	1cd140aa	1780980776	-138833.52	office	speed	automated	coop	leveraged	5	10000	-27346.71	117100.00	56.00	2	True	Bankruptcy: deeply negative cash
168	1cd140aa	1780980777	-126792.25	mall	everyday	specialized	monthly	leveraged	5	10000	-14708.38	117100.00	50.00	2	True	Bankruptcy: deeply negative cash
169	1cd140aa	1780980778	2458.59	office	sweet	automated	direct	all-equity	5	10000	-5007.93	0.00	55.00	180	True	Bankruptcy: deeply negative cash
170	1cd140aa	1780980779	-138976.99	suburban	gourmet	automated	spot	leveraged	5	10000	-27089.58	117100.00	52.00	2	True	Bankruptcy: deeply negative cash
171	1cd140aa	1780980780	-117493.84	university	everyday	manual	monthly	leveraged	5	10000	-5262.16	117100.00	46.00	22	True	Bankruptcy: deeply negative cash
172	1cd140aa	1780980781	-73171.57	suburban	speed	specialized	spot	balanced	5	10000	-10636.84	67800.00	38.14	105	True	Bankruptcy: deeply negative cash
173	1cd140aa	1780980782	-138281.58	office	everyday	automated	coop	leveraged	5	10000	-26901.84	117100.00	57.00	2	True	Bankruptcy: deeply negative cash
174	1cd140aa	1780980783	-128507.51	suburban	gourmet	specialized	monthly	leveraged	5	10000	-16472.19	117100.00	50.50	2	True	Bankruptcy: deeply negative cash
175	1cd140aa	1780980784	-171027.90	urban	everyday	specialized	coop	max-debt	5	10000	-39441.91	136600.00	50.00	2	True	Bankruptcy: deeply negative cash
176	1cd140aa	1780980785	-166029.96	university	sweet	specialized	direct	max-debt	5	10000	-34700.43	136600.00	52.50	2	True	Bankruptcy: deeply negative cash
177	1cd140aa	1780980786	-154814.94	urban	everyday	manual	spot	max-debt	5	10000	-23379.83	136600.00	51.50	2	True	Bankruptcy: deeply negative cash
178	1cd140aa	1780980787	-154185.55	urban	gourmet	manual	spot	max-debt	5	10000	-22755.29	136600.00	51.50	2	True	Bankruptcy: deeply negative cash
179	1cd140aa	1780980788	-150742.17	suburban	gourmet	manual	direct	max-debt	5	10000	-19557.68	136600.00	54.00	2	True	Bankruptcy: deeply negative cash
180	1cd140aa	1780980789	144.35	suburban	everyday	manual	monthly	all-equity	5	10000	-9068.33	0.00	61.60	246	True	Bankruptcy: deeply negative cash
181	1cd140aa	1780980790	870.94	urban	everyday	automated	coop	all-equity	5	10000	-5079.47	0.00	32.50	195	True	Bankruptcy: deeply negative cash
182	1cd140aa	1780980791	-129129.87	suburban	sweet	specialized	spot	leveraged	5	10000	-16943.31	117100.00	49.00	2	True	Bankruptcy: deeply negative cash
183	1cd140aa	1780980792	-176761.90	mall	everyday	automated	monthly	max-debt	5	10000	-44780.41	136600.00	46.00	2	True	Bankruptcy: deeply negative cash
184	1cd140aa	1780980793	-169464.31	office	sweet	specialized	monthly	max-debt	5	10000	-37928.40	136600.00	50.50	2	True	Bankruptcy: deeply negative cash
185	1cd140aa	1780980794	-126218.21	mall	gourmet	specialized	direct	leveraged	5	10000	-14337.75	117100.00	52.00	2	True	Bankruptcy: deeply negative cash
186	1cd140aa	1780980795	-70016.15	suburban	gourmet	specialized	spot	balanced	5	10000	-10044.87	67800.00	65.00	92	True	Bankruptcy: deeply negative cash
187	1cd140aa	1780980796	42197.69	urban	gourmet	specialized	monthly	all-equity	5	10000	36919.32	0.00	13.50	212	True	Reputation collapse (< 15)
188	1cd140aa	1780980797	-180770.29	urban	sweet	automated	spot	max-debt	5	10000	-49745.86	136600.00	55.50	2	True	Bankruptcy: deeply negative cash
189	1cd140aa	1780980798	-140229.97	urban	sweet	automated	coop	leveraged	5	10000	-28747.85	117100.00	56.00	2	True	Bankruptcy: deeply negative cash
190	1cd140aa	1780980799	-170742.14	urban	gourmet	specialized	monthly	max-debt	5	10000	-39165.14	136600.00	50.00	2	True	Bankruptcy: deeply negative cash
191	1cd140aa	1780980800	-4815.66	university	speed	specialized	monthly	all-equity	5	10000	-8642.91	0.00	15.00	218	True	Bankruptcy: deeply negative cash
192	1cd140aa	1780980801	-150508.11	university	speed	manual	spot	max-debt	5	10000	-19024.11	136600.00	51.00	2	True	Bankruptcy: deeply negative cash
193	1cd140aa	1780980802	-149022.33	mall	sweet	manual	coop	max-debt	5	10000	-17590.99	136600.00	51.50	2	True	Bankruptcy: deeply negative cash
194	1cd140aa	1780980803	-70434.73	office	gourmet	automated	monthly	balanced	5	10000	-5532.43	71400.00	58.00	56	True	Bankruptcy: deeply negative cash
195	1cd140aa	1780980804	-172200.45	urban	everyday	specialized	monthly	max-debt	5	10000	-39614.28	136600.00	40.00	2	True	Bankruptcy: deeply negative cash
196	1cd140aa	1780980805	-171319.44	urban	everyday	specialized	coop	max-debt	5	10000	-39735.58	136600.00	50.00	2	True	Bankruptcy: deeply negative cash
197	1cd140aa	1780980806	-71404.09	university	everyday	manual	spot	balanced	5	10000	-7927.73	67800.00	32.50	92	True	Bankruptcy: deeply negative cash
198	1cd140aa	1780980807	64863.23	urban	gourmet	manual	direct	all-equity	5	10000	57365.23	0.00	14.50	311	True	Reputation collapse (< 15)
199	1cd140aa	1780980808	89177.47	mall	gourmet	specialized	monthly	all-equity	5	10000	85330.05	0.00	14.50	122	True	Reputation collapse (< 15)
0	8b21fa03	1780980732	-151727.11	office	sweet	manual	coop	max-debt	5	10000	-20293.36	136600.00	51.50	2	True	Bankruptcy: deeply negative cash
1	8b21fa03	1780980733	-153754.00	urban	speed	manual	coop	max-debt	5	10000	-22319.72	136600.00	51.50	2	True	Bankruptcy: deeply negative cash
2	8b21fa03	1780980734	-70152.72	suburban	speed	automated	monthly	balanced	5	10000	-5058.95	71400.00	55.50	52	True	Bankruptcy: deeply negative cash
3	8b21fa03	1780980735	-140582.01	urban	gourmet	automated	monthly	leveraged	5	10000	-29151.46	117100.00	56.50	2	True	Bankruptcy: deeply negative cash
4	8b21fa03	1780980736	-34068.15	mall	speed	manual	coop	balanced	5	10000	33144.65	69600.00	13.50	62	True	Reputation collapse (< 15)
5	8b21fa03	1780980737	77876.92	university	sweet	specialized	coop	all-equity	5	10000	74085.32	0.00	14.50	145	True	Reputation collapse (< 15)
6	8b21fa03	1780980738	-69123.22	urban	sweet	manual	coop	balanced	5	10000	-5687.19	67800.00	31.00	99	True	Bankruptcy: deeply negative cash
7	8b21fa03	1780980739	-72101.36	university	speed	specialized	spot	balanced	5	10000	-10791.81	66000.00	25.00	136	True	Bankruptcy: deeply negative cash
8	8b21fa03	1780980740	-49121.57	university	gourmet	manual	spot	balanced	5	10000	15974.13	67800.00	14.60	94	True	Reputation collapse (< 15)
9	8b21fa03	1780980741	34919.59	urban	sweet	specialized	monthly	all-equity	5	10000	27739.97	0.00	13.00	302	True	Reputation collapse (< 15)
10	8b21fa03	1780980742	-71324.65	mall	everyday	specialized	monthly	balanced	5	10000	-5044.15	69600.00	22.00	77	True	Bankruptcy: deeply negative cash
11	8b21fa03	1780980743	-130747.10	urban	sweet	specialized	direct	leveraged	5	10000	-18864.48	117100.00	52.00	2	True	Bankruptcy: deeply negative cash
12	8b21fa03	1780980744	-127086.77	mall	everyday	specialized	monthly	leveraged	5	10000	-14997.30	117100.00	50.00	2	True	Bankruptcy: deeply negative cash
13	8b21fa03	1780980745	-68703.96	mall	gourmet	specialized	spot	balanced	5	10000	-7446.62	66000.00	21.62	128	True	Bankruptcy: deeply negative cash
14	8b21fa03	1780980746	-72124.87	university	speed	automated	spot	balanced	5	10000	-7588.41	69600.00	43.50	62	True	Bankruptcy: deeply negative cash
15	8b21fa03	1780980747	-151086.52	suburban	everyday	manual	direct	max-debt	5	10000	-19950.36	136600.00	54.50	2	True	Bankruptcy: deeply negative cash
16	8b21fa03	1780980748	-66408.43	suburban	speed	manual	spot	balanced	5	10000	-5072.49	67800.00	48.50	115	True	Bankruptcy: deeply negative cash
17	8b21fa03	1780980749	-3231.57	university	gourmet	manual	direct	all-equity	5	10000	-7938.30	0.00	23.00	253	True	Bankruptcy: deeply negative cash
18	8b21fa03	1780980750	-53307.46	university	sweet	specialized	monthly	balanced	5	10000	11683.81	67800.00	14.64	93	True	Reputation collapse (< 15)
19	8b21fa03	1780980751	-756.39	office	sweet	specialized	monthly	all-equity	5	10000	-8677.51	0.00	51.50	241	True	Bankruptcy: deeply negative cash
20	8b21fa03	1780980752	-128964.67	suburban	gourmet	specialized	direct	leveraged	5	10000	-16079.38	117100.00	42.00	2	True	Bankruptcy: deeply negative cash
21	8b21fa03	1780980753	-67039.40	suburban	speed	automated	direct	balanced	5	10000	-9127.64	66000.00	60.00	122	True	Bankruptcy: deeply negative cash
22	8b21fa03	1780980754	-68554.86	mall	sweet	automated	coop	balanced	5	10000	-7898.41	66000.00	27.00	123	True	Bankruptcy: deeply negative cash
23	8b21fa03	1780980755	-178298.03	suburban	sweet	automated	monthly	max-debt	5	10000	-47011.91	136600.00	53.00	2	True	Bankruptcy: deeply negative cash
24	8b21fa03	1780980756	2733.40	suburban	everyday	specialized	direct	all-equity	5	10000	-5108.96	0.00	46.14	248	True	Bankruptcy: deeply negative cash
25	8b21fa03	1780980757	-127936.44	university	sweet	specialized	coop	leveraged	5	10000	-14798.58	117100.00	39.50	2	True	Bankruptcy: deeply negative cash
26	8b21fa03	1780980758	-166823.93	university	everyday	specialized	direct	max-debt	5	10000	-35436.06	136600.00	52.00	2	True	Bankruptcy: deeply negative cash
27	8b21fa03	1780980759	-128549.91	office	everyday	specialized	direct	leveraged	5	10000	-16714.47	117100.00	52.50	2	True	Bankruptcy: deeply negative cash
28	8b21fa03	1780980760	-138117.54	suburban	everyday	automated	monthly	leveraged	5	10000	-26678.81	117100.00	56.50	2	True	Bankruptcy: deeply negative cash
29	8b21fa03	1780980761	-131303.07	urban	sweet	specialized	spot	leveraged	5	10000	-19174.43	117100.00	49.50	2	True	Bankruptcy: deeply negative cash
30	8b21fa03	1780980762	-176110.32	mall	speed	automated	monthly	max-debt	5	10000	-45128.06	136600.00	56.00	2	True	Bankruptcy: deeply negative cash
31	8b21fa03	1780980763	-70923.82	urban	sweet	automated	monthly	balanced	5	10000	-5488.59	69600.00	32.50	62	True	Bankruptcy: deeply negative cash
32	8b21fa03	1780980764	-66765.34	university	sweet	automated	direct	balanced	5	10000	-5198.05	67800.00	46.50	99	True	Bankruptcy: deeply negative cash
33	8b21fa03	1780980765	-150123.69	university	gourmet	manual	spot	max-debt	5	10000	-18641.34	136600.00	51.00	2	True	Bankruptcy: deeply negative cash
34	8b21fa03	1780980766	-72068.62	mall	speed	automated	direct	balanced	5	10000	-5381.80	71400.00	39.00	52	True	Bankruptcy: deeply negative cash
35	8b21fa03	1780980767	-73865.60	office	sweet	automated	spot	balanced	5	10000	-9598.85	69600.00	46.00	63	True	Bankruptcy: deeply negative cash
36	8b21fa03	1780980768	-131031.50	urban	speed	specialized	monthly	leveraged	5	10000	-18948.64	117100.00	50.00	2	True	Bankruptcy: deeply negative cash
37	8b21fa03	1780980769	-179600.95	suburban	everyday	automated	spot	max-debt	5	10000	-47512.99	136600.00	45.00	2	True	Bankruptcy: deeply negative cash
38	8b21fa03	1780980770	-69190.83	urban	speed	manual	coop	balanced	5	10000	-5192.37	67800.00	25.70	106	True	Bankruptcy: deeply negative cash
39	8b21fa03	1780980771	-66858.10	office	everyday	specialized	direct	balanced	5	10000	-5102.57	67800.00	46.50	106	True	Bankruptcy: deeply negative cash
40	8b21fa03	1780980772	2313.64	office	speed	specialized	direct	all-equity	5	10000	-5334.77	0.00	53.00	214	True	Bankruptcy: deeply negative cash
41	8b21fa03	1780980773	-151571.99	suburban	sweet	manual	monthly	max-debt	5	10000	-20237.54	136600.00	52.50	2	True	Bankruptcy: deeply negative cash
42	8b21fa03	1780980774	-70068.25	suburban	speed	automated	monthly	balanced	5	10000	-7148.16	69600.00	59.00	62	True	Bankruptcy: deeply negative cash
43	8b21fa03	1780980775	-149681.23	university	speed	manual	coop	max-debt	5	10000	-18446.77	136600.00	53.50	2	True	Bankruptcy: deeply negative cash
44	8b21fa03	1780980776	-117597.23	urban	sweet	manual	monthly	leveraged	5	10000	-6005.23	117100.00	53.00	12	True	Bankruptcy: deeply negative cash
45	8b21fa03	1780980777	-128933.32	suburban	speed	specialized	monthly	leveraged	5	10000	-16846.69	117100.00	50.00	2	True	Bankruptcy: deeply negative cash
46	8b21fa03	1780980778	-179084.56	office	gourmet	automated	spot	max-debt	5	10000	-48005.12	136600.00	55.00	2	True	Bankruptcy: deeply negative cash
47	8b21fa03	1780980779	-171624.43	urban	sweet	specialized	monthly	max-debt	5	10000	-39736.54	136600.00	47.00	2	True	Bankruptcy: deeply negative cash
48	8b21fa03	1780980780	-168981.97	office	gourmet	specialized	monthly	max-debt	5	10000	-37400.44	136600.00	50.00	2	True	Bankruptcy: deeply negative cash
49	8b21fa03	1780980781	-175986.57	mall	gourmet	automated	monthly	max-debt	5	10000	-45007.27	136600.00	56.00	2	True	Bankruptcy: deeply negative cash
50	8b21fa03	1780980782	-71203.47	university	speed	specialized	coop	balanced	5	10000	-5397.51	69600.00	28.32	91	True	Bankruptcy: deeply negative cash
51	8b21fa03	1780980783	-1484.78	university	speed	automated	spot	all-equity	5	10000	-6905.88	0.00	30.00	212	True	Bankruptcy: deeply negative cash
52	8b21fa03	1780980784	-64440.93	university	sweet	manual	direct	balanced	5	10000	-5009.51	64200.00	24.00	154	True	Bankruptcy: deeply negative cash
53	8b21fa03	1780980785	-497.65	suburban	sweet	automated	monthly	all-equity	5	10000	-9189.33	0.00	50.08	258	True	Bankruptcy: deeply negative cash
54	8b21fa03	1780980786	-69934.59	university	speed	automated	coop	balanced	5	10000	-5489.74	69600.00	42.54	73	True	Bankruptcy: deeply negative cash
55	8b21fa03	1780980787	-73730.00	urban	gourmet	specialized	spot	balanced	5	10000	-9836.07	67800.00	24.10	97	True	Bankruptcy: deeply negative cash
56	8b21fa03	1780980788	-119118.91	urban	gourmet	manual	spot	leveraged	5	10000	-7220.60	117100.00	50.00	12	True	Bankruptcy: deeply negative cash
57	8b21fa03	1780980789	-69996.21	university	speed	manual	coop	balanced	5	10000	-6697.15	66000.00	9.50	122	True	Reputation collapse (< 15)
58	8b21fa03	1780980790	-61594.73	mall	everyday	automated	coop	balanced	5	10000	2365.07	67800.00	14.00	120	True	Reputation collapse (< 15)
59	8b21fa03	1780980791	-68554.53	office	speed	manual	monthly	balanced	5	10000	-6657.86	67800.00	45.00	102	True	Bankruptcy: deeply negative cash
60	8b21fa03	1780980792	-66392.39	suburban	sweet	manual	monthly	balanced	5	10000	-5343.71	67800.00	53.00	102	True	Bankruptcy: deeply negative cash
61	8b21fa03	1780980793	70632.19	university	gourmet	specialized	spot	all-equity	5	10000	68295.26	0.00	6.50	122	True	Reputation collapse (< 15)
62	8b21fa03	1780980794	-69116.50	university	gourmet	specialized	coop	balanced	5	10000	-5354.30	67800.00	24.00	113	True	Bankruptcy: deeply negative cash
63	8b21fa03	1780980795	-67185.71	office	everyday	manual	coop	balanced	5	10000	-5136.36	67800.00	44.50	117	True	Bankruptcy: deeply negative cash
64	8b21fa03	1780980796	-153952.54	urban	gourmet	manual	coop	max-debt	5	10000	-22514.55	136600.00	51.50	2	True	Bankruptcy: deeply negative cash
65	8b21fa03	1780980797	-128892.05	suburban	everyday	specialized	monthly	leveraged	5	10000	-16855.06	117100.00	50.50	2	True	Bankruptcy: deeply negative cash
66	8b21fa03	1780980798	4395.67	suburban	speed	specialized	spot	all-equity	5	10000	-5764.24	0.00	73.00	225	True	Bankruptcy: deeply negative cash
67	8b21fa03	1780980799	-151377.26	suburban	sweet	manual	monthly	max-debt	5	10000	-19992.08	136600.00	52.00	2	True	Bankruptcy: deeply negative cash
68	8b21fa03	1780980800	-165958.00	mall	gourmet	specialized	direct	max-debt	5	10000	-34579.26	136600.00	52.00	2	True	Bankruptcy: deeply negative cash
69	8b21fa03	1780980801	-71905.67	university	sweet	automated	monthly	balanced	5	10000	-9490.42	67800.00	40.00	92	True	Bankruptcy: deeply negative cash
70	8b21fa03	1780980802	-66412.07	university	gourmet	automated	monthly	balanced	5	10000	-6174.15	66000.00	34.50	125	True	Bankruptcy: deeply negative cash
71	8b21fa03	1780980803	-126369.38	mall	gourmet	specialized	monthly	leveraged	5	10000	-14288.28	117100.00	50.00	2	True	Bankruptcy: deeply negative cash
72	8b21fa03	1780980804	-64458.26	mall	sweet	manual	spot	balanced	5	10000	-5042.96	64200.00	19.00	156	True	Bankruptcy: deeply negative cash
73	8b21fa03	1780980805	-63477.95	office	sweet	manual	coop	balanced	5	10000	-5374.01	66000.00	57.00	147	True	Bankruptcy: deeply negative cash
74	8b21fa03	1780980806	-116853.72	office	sweet	manual	coop	leveraged	5	10000	-5262.49	117100.00	53.00	17	True	Bankruptcy: deeply negative cash
75	8b21fa03	1780980807	-67162.98	office	speed	manual	coop	balanced	5	10000	-5433.76	67800.00	49.00	106	True	Bankruptcy: deeply negative cash
76	8b21fa03	1780980808	-3788.08	university	sweet	specialized	coop	all-equity	5	10000	-7623.93	0.00	14.00	242	True	Reputation collapse (< 15)
77	8b21fa03	1780980809	-63375.31	office	speed	manual	monthly	balanced	5	10000	-5107.11	66000.00	54.50	150	True	Bankruptcy: deeply negative cash
78	8b21fa03	1780980810	1536.04	urban	gourmet	automated	spot	all-equity	5	10000	-5275.51	0.00	29.50	232	True	Bankruptcy: deeply negative cash
79	8b21fa03	1780980811	19304.17	suburban	everyday	automated	direct	all-equity	5	10000	4750.02	0.00	81.00	361	True	Completed 360 days
80	8b21fa03	1780980812	-117379.82	mall	speed	manual	spot	leveraged	5	10000	-7700.33	114200.00	39.00	32	True	Bankruptcy: deeply negative cash
81	8b21fa03	1780980813	-176190.94	mall	speed	automated	monthly	max-debt	5	10000	-44907.27	136600.00	53.00	2	True	Bankruptcy: deeply negative cash
82	8b21fa03	1780980814	-167714.12	university	everyday	specialized	spot	max-debt	5	10000	-36024.12	136600.00	49.00	2	True	Bankruptcy: deeply negative cash
83	8b21fa03	1780980815	36087.23	university	gourmet	automated	monthly	all-equity	5	10000	31734.66	0.00	14.50	205	True	Reputation collapse (< 15)
84	8b21fa03	1780980816	2007.82	university	gourmet	automated	coop	all-equity	5	10000	-5191.84	0.00	20.50	344	True	Bankruptcy: deeply negative cash
85	8b21fa03	1780980817	-119619.72	university	everyday	manual	direct	leveraged	5	10000	-10551.70	114200.00	47.50	32	True	Bankruptcy: deeply negative cash
86	8b21fa03	1780980818	-136039.04	university	sweet	automated	coop	leveraged	5	10000	-24507.74	117100.00	55.50	2	True	Bankruptcy: deeply negative cash
87	8b21fa03	1780980819	-17111.11	mall	sweet	manual	direct	balanced	5	10000	42218.23	64200.00	12.50	152	True	Reputation collapse (< 15)
88	8b21fa03	1780980820	-21705.29	mall	sweet	specialized	coop	balanced	5	10000	35171.53	62400.00	11.50	182	True	Reputation collapse (< 15)
89	8b21fa03	1780980821	-131404.09	urban	speed	specialized	monthly	leveraged	5	10000	-19368.83	117100.00	50.50	2	True	Bankruptcy: deeply negative cash
90	8b21fa03	1780980822	-135287.04	mall	speed	automated	direct	leveraged	5	10000	-23954.61	117100.00	57.50	2	True	Bankruptcy: deeply negative cash
91	8b21fa03	1780980823	35882.44	mall	everyday	specialized	direct	all-equity	5	10000	32108.28	0.00	14.50	173	True	Reputation collapse (< 15)
92	8b21fa03	1780980824	-70093.13	university	gourmet	specialized	direct	balanced	5	10000	-5035.46	69600.00	36.94	85	True	Bankruptcy: deeply negative cash
93	8b21fa03	1780980825	-72234.17	office	gourmet	specialized	coop	balanced	5	10000	-8264.47	69600.00	49.00	63	True	Bankruptcy: deeply negative cash
94	8b21fa03	1780980826	110825.17	mall	gourmet	specialized	coop	all-equity	5	10000	106757.06	0.00	14.00	120	True	Reputation collapse (< 15)
95	8b21fa03	1780980827	4022.48	office	gourmet	automated	monthly	all-equity	5	10000	-6186.85	0.00	73.50	212	True	Bankruptcy: deeply negative cash
96	8b21fa03	1780980828	50761.11	mall	sweet	automated	coop	all-equity	5	10000	46972.20	0.00	14.82	147	True	Reputation collapse (< 15)
97	8b21fa03	1780980829	-68487.25	suburban	gourmet	automated	spot	balanced	5	10000	-5110.45	69600.00	51.50	75	True	Bankruptcy: deeply negative cash
98	8b21fa03	1780980830	-58544.29	suburban	sweet	manual	direct	balanced	5	10000	-6340.44	62400.00	64.50	191	True	Bankruptcy: deeply negative cash
99	8b21fa03	1780980831	-69655.27	suburban	sweet	automated	coop	balanced	5	10000	-7695.11	67800.00	43.00	95	True	Bankruptcy: deeply negative cash
100	8b21fa03	1780980832	-129493.31	office	sweet	specialized	monthly	leveraged	5	10000	-17458.97	117100.00	50.50	2	True	Bankruptcy: deeply negative cash
101	8b21fa03	1780980833	3536.04	office	everyday	manual	coop	all-equity	5	10000	-5385.72	0.00	58.50	267	True	Bankruptcy: deeply negative cash
102	8b21fa03	1780980834	-457.83	urban	everyday	specialized	direct	all-equity	5	10000	-6739.42	0.00	27.50	242	True	Bankruptcy: deeply negative cash
103	8b21fa03	1780980835	-138041.66	suburban	sweet	automated	coop	leveraged	5	10000	-26208.16	117100.00	52.50	2	True	Bankruptcy: deeply negative cash
104	8b21fa03	1780980836	-71313.41	mall	sweet	automated	direct	balanced	5	10000	-6402.07	69600.00	36.00	62	True	Bankruptcy: deeply negative cash
105	8b21fa03	1780980837	-70702.35	urban	everyday	automated	direct	balanced	5	10000	-5175.04	71400.00	52.00	57	True	Bankruptcy: deeply negative cash
106	8b21fa03	1780980838	-178698.02	office	speed	automated	monthly	max-debt	5	10000	-47709.94	136600.00	56.00	2	True	Bankruptcy: deeply negative cash
107	8b21fa03	1780980839	-152369.11	suburban	everyday	manual	spot	max-debt	5	10000	-20879.99	136600.00	51.00	2	True	Bankruptcy: deeply negative cash
108	8b21fa03	1780980840	-176290.28	university	sweet	automated	monthly	max-debt	5	10000	-45306.45	136600.00	56.00	2	True	Bankruptcy: deeply negative cash
109	8b21fa03	1780980841	-139738.93	urban	everyday	automated	direct	leveraged	5	10000	-28507.63	117100.00	58.50	2	True	Bankruptcy: deeply negative cash
110	8b21fa03	1780980842	-176652.52	mall	everyday	automated	spot	max-debt	5	10000	-45269.78	136600.00	52.00	2	True	Bankruptcy: deeply negative cash
111	8b21fa03	1780980843	-178301.26	office	everyday	automated	direct	max-debt	5	10000	-47566.59	136600.00	58.50	2	True	Bankruptcy: deeply negative cash
112	8b21fa03	1780980844	-152751.92	suburban	speed	manual	spot	max-debt	5	10000	-20220.36	136600.00	40.50	2	True	Bankruptcy: deeply negative cash
113	8b21fa03	1780980845	-71542.84	office	gourmet	automated	coop	balanced	5	10000	-6505.93	71400.00	57.50	59	True	Bankruptcy: deeply negative cash
114	8b21fa03	1780980846	-136575.66	university	speed	automated	coop	leveraged	5	10000	-24739.71	117100.00	52.50	2	True	Bankruptcy: deeply negative cash
115	8b21fa03	1780980847	-72173.42	mall	speed	specialized	spot	balanced	5	10000	-8347.38	67800.00	23.50	94	True	Bankruptcy: deeply negative cash
116	8b21fa03	1780980848	6671.62	suburban	gourmet	automated	coop	all-equity	5	10000	-5587.48	0.00	74.00	287	True	Bankruptcy: deeply negative cash
117	8b21fa03	1780980849	107406.65	mall	speed	manual	monthly	all-equity	5	10000	103690.05	0.00	14.50	124	True	Reputation collapse (< 15)
118	8b21fa03	1780980850	-824.52	office	sweet	manual	spot	all-equity	5	10000	-5965.53	0.00	20.84	272	True	Bankruptcy: deeply negative cash
119	8b21fa03	1780980851	1202.70	office	everyday	specialized	direct	all-equity	5	10000	-5802.95	0.00	46.50	203	True	Bankruptcy: deeply negative cash
120	8b21fa03	1780980852	-149489.46	university	speed	manual	coop	max-debt	5	10000	-18056.63	136600.00	51.50	2	True	Bankruptcy: deeply negative cash
121	8b21fa03	1780980853	-119854.15	suburban	everyday	manual	spot	leveraged	5	10000	-7627.93	117100.00	47.00	15	True	Bankruptcy: deeply negative cash
122	8b21fa03	1780980854	-126335.65	mall	gourmet	specialized	monthly	leveraged	5	10000	-14255.39	117100.00	50.00	2	True	Bankruptcy: deeply negative cash
123	8b21fa03	1780980855	-3065.03	urban	everyday	specialized	monthly	all-equity	5	10000	-8413.95	0.00	24.50	212	True	Bankruptcy: deeply negative cash
124	8b21fa03	1780980856	-136231.84	university	sweet	automated	monthly	leveraged	5	10000	-24749.51	117100.00	56.00	2	True	Bankruptcy: deeply negative cash
125	8b21fa03	1780980857	-4550.45	urban	gourmet	specialized	coop	all-equity	5	10000	-9184.41	0.00	21.50	212	True	Bankruptcy: deeply negative cash
126	8b21fa03	1780980858	-127919.16	university	everyday	specialized	spot	leveraged	5	10000	-15430.85	117100.00	46.00	2	True	Bankruptcy: deeply negative cash
127	8b21fa03	1780980859	3804.00	suburban	gourmet	specialized	spot	all-equity	5	10000	-7978.56	0.00	77.00	258	True	Bankruptcy: deeply negative cash
128	8b21fa03	1780980860	91900.37	mall	gourmet	automated	spot	all-equity	5	10000	87748.35	0.00	14.50	122	True	Reputation collapse (< 15)
129	8b21fa03	1780980861	-60678.87	mall	sweet	specialized	monthly	balanced	5	10000	-1105.84	64200.00	14.00	153	True	Reputation collapse (< 15)
130	8b21fa03	1780980862	-168165.43	university	everyday	specialized	spot	max-debt	5	10000	-36476.03	136600.00	49.00	2	True	Bankruptcy: deeply negative cash
131	8b21fa03	1780980863	-70288.56	university	gourmet	manual	spot	balanced	5	10000	-8737.18	66000.00	26.00	134	True	Bankruptcy: deeply negative cash
132	8b21fa03	1780980864	-69965.82	suburban	gourmet	automated	direct	balanced	5	10000	-7973.66	69600.00	66.00	62	True	Bankruptcy: deeply negative cash
133	8b21fa03	1780980865	-118621.42	office	sweet	manual	spot	leveraged	5	10000	-6642.66	117100.00	49.00	17	True	Bankruptcy: deeply negative cash
134	8b21fa03	1780980866	-141206.82	urban	speed	automated	coop	leveraged	5	10000	-28724.80	117100.00	46.00	2	True	Bankruptcy: deeply negative cash
135	8b21fa03	1780980867	-2408.11	urban	sweet	manual	direct	all-equity	5	10000	-8369.89	0.00	20.50	277	True	Bankruptcy: deeply negative cash
136	8b21fa03	1780980868	286.61	office	gourmet	automated	coop	all-equity	5	10000	-8692.06	0.00	60.50	234	True	Bankruptcy: deeply negative cash
137	8b21fa03	1780980869	-44540.30	mall	gourmet	specialized	direct	balanced	5	10000	17046.18	66000.00	14.50	141	True	Reputation collapse (< 15)
138	8b21fa03	1780980870	-177812.52	university	gourmet	automated	spot	max-debt	5	10000	-45728.07	136600.00	45.00	2	True	Bankruptcy: deeply negative cash
139	8b21fa03	1780980871	-110356.13	mall	gourmet	manual	coop	leveraged	5	10000	-6969.81	108400.00	29.50	92	True	Bankruptcy: deeply negative cash
140	8b21fa03	1780980872	-152216.44	office	speed	manual	monthly	max-debt	5	10000	-20832.64	136600.00	52.00	2	True	Bankruptcy: deeply negative cash
141	8b21fa03	1780980873	-118821.57	office	sweet	manual	coop	leveraged	5	10000	-6691.37	117100.00	48.00	16	True	Bankruptcy: deeply negative cash
142	8b21fa03	1780980874	-74946.65	university	speed	specialized	monthly	balanced	5	10000	-10232.08	67800.00	18.50	98	True	Bankruptcy: deeply negative cash
143	8b21fa03	1780980875	-69565.04	mall	everyday	specialized	monthly	balanced	5	10000	-5104.48	67800.00	17.50	98	True	Bankruptcy: deeply negative cash
144	8b21fa03	1780980876	-136764.14	university	speed	automated	spot	leveraged	5	10000	-25180.64	117100.00	55.00	2	True	Bankruptcy: deeply negative cash
145	8b21fa03	1780980877	-170478.23	urban	everyday	specialized	direct	max-debt	5	10000	-39094.82	136600.00	52.00	2	True	Bankruptcy: deeply negative cash
146	8b21fa03	1780980878	-135929.31	university	gourmet	automated	monthly	leveraged	5	10000	-24452.91	117100.00	56.00	2	True	Bankruptcy: deeply negative cash
147	8b21fa03	1780980879	5847.66	suburban	speed	automated	coop	all-equity	5	10000	-5126.17	0.00	77.50	217	True	Bankruptcy: deeply negative cash
148	8b21fa03	1780980880	1782.93	university	everyday	automated	monthly	all-equity	5	10000	-5027.11	0.00	36.50	242	True	Bankruptcy: deeply negative cash
149	8b21fa03	1780980881	-61742.80	mall	everyday	manual	direct	balanced	5	10000	1063.37	66000.00	12.00	122	True	Reputation collapse (< 15)
150	8b21fa03	1780980882	1254.14	suburban	everyday	specialized	spot	all-equity	5	10000	-8071.69	0.00	70.00	195	True	Bankruptcy: deeply negative cash
151	8b21fa03	1780980883	-2661.77	university	everyday	automated	spot	all-equity	5	10000	-9821.76	0.00	44.00	221	True	Bankruptcy: deeply negative cash
152	8b21fa03	1780980884	-128869.82	suburban	gourmet	specialized	monthly	leveraged	5	10000	-16484.96	117100.00	47.00	2	True	Bankruptcy: deeply negative cash
153	8b21fa03	1780980885	-167056.50	mall	everyday	specialized	direct	max-debt	5	10000	-34669.77	136600.00	42.00	2	True	Bankruptcy: deeply negative cash
154	8b21fa03	1780980886	-75155.99	mall	everyday	specialized	spot	balanced	5	10000	-9411.66	69600.00	29.50	62	True	Bankruptcy: deeply negative cash
155	8b21fa03	1780980887	3125.17	suburban	everyday	manual	direct	all-equity	5	10000	-8641.42	0.00	62.50	341	True	Bankruptcy: deeply negative cash
156	8b21fa03	1780980888	-166518.24	mall	speed	specialized	monthly	max-debt	5	10000	-34639.75	136600.00	47.00	2	True	Bankruptcy: deeply negative cash
157	8b21fa03	1780980889	-4517.26	office	gourmet	automated	direct	all-equity	5	10000	-10454.28	0.00	13.00	332	True	Reputation collapse (< 15)
158	8b21fa03	1780980890	-137979.98	suburban	speed	automated	monthly	leveraged	5	10000	-26545.46	117100.00	56.50	2	True	Bankruptcy: deeply negative cash
159	8b21fa03	1780980891	-66592.55	urban	gourmet	manual	spot	balanced	5	10000	-1394.11	67800.00	14.06	100	True	Reputation collapse (< 15)
160	8b21fa03	1780980892	-152494.65	office	speed	manual	monthly	max-debt	5	10000	-21107.35	136600.00	52.00	2	True	Bankruptcy: deeply negative cash
161	8b21fa03	1780980893	-60126.08	suburban	speed	manual	coop	balanced	5	10000	-6872.34	64200.00	79.00	172	True	Bankruptcy: deeply negative cash
162	8b21fa03	1780980894	-71176.30	urban	gourmet	specialized	spot	balanced	5	10000	-5427.58	69600.00	25.00	90	True	Bankruptcy: deeply negative cash
163	8b21fa03	1780980895	-180868.16	urban	gourmet	automated	monthly	max-debt	5	10000	-49883.16	136600.00	56.00	2	True	Bankruptcy: deeply negative cash
164	8b21fa03	1780980896	-117231.02	university	sweet	manual	spot	leveraged	5	10000	-5251.42	117100.00	48.00	22	True	Bankruptcy: deeply negative cash
165	8b21fa03	1780980897	-116425.29	mall	gourmet	manual	monthly	leveraged	5	10000	-6864.34	114200.00	39.50	32	True	Bankruptcy: deeply negative cash
166	8b21fa03	1780980898	64974.53	suburban	sweet	specialized	direct	all-equity	5	10000	49399.18	0.00	81.00	361	True	Completed 360 days
167	8b21fa03	1780980899	-138657.67	suburban	sweet	automated	spot	leveraged	5	10000	-27124.04	117100.00	55.50	2	True	Bankruptcy: deeply negative cash
168	8b21fa03	1780980900	-71330.79	university	everyday	specialized	direct	balanced	5	10000	-5347.62	69600.00	31.50	64	True	Bankruptcy: deeply negative cash
169	8b21fa03	1780980901	-35111.27	mall	gourmet	automated	direct	balanced	5	10000	28555.66	67800.00	14.50	105	True	Reputation collapse (< 15)
170	8b21fa03	1780980902	-115699.38	university	gourmet	manual	coop	leveraged	5	10000	-5896.39	114200.00	39.00	32	True	Bankruptcy: deeply negative cash
171	8b21fa03	1780980903	-3960.14	urban	everyday	automated	direct	all-equity	5	10000	-8750.68	0.00	26.62	182	True	Bankruptcy: deeply negative cash
172	8b21fa03	1780980904	-177182.41	mall	speed	automated	spot	max-debt	5	10000	-45102.84	136600.00	45.00	2	True	Bankruptcy: deeply negative cash
173	8b21fa03	1780980905	2157.34	urban	speed	automated	spot	all-equity	5	10000	-6304.96	0.00	40.00	252	True	Bankruptcy: deeply negative cash
174	8b21fa03	1780980906	-165624.06	mall	gourmet	specialized	direct	max-debt	5	10000	-33951.15	136600.00	49.00	2	True	Bankruptcy: deeply negative cash
175	8b21fa03	1780980907	-166395.24	mall	sweet	specialized	coop	max-debt	5	10000	-34760.51	136600.00	49.50	2	True	Bankruptcy: deeply negative cash
176	8b21fa03	1780980908	-65468.05	suburban	sweet	specialized	coop	balanced	5	10000	-5008.31	67800.00	55.50	101	True	Bankruptcy: deeply negative cash
177	8b21fa03	1780980909	-177811.14	suburban	gourmet	automated	coop	max-debt	5	10000	-46776.10	136600.00	55.50	2	True	Bankruptcy: deeply negative cash
178	8b21fa03	1780980910	-69781.18	university	everyday	automated	coop	balanced	5	10000	-5091.73	69600.00	42.00	65	True	Bankruptcy: deeply negative cash
179	8b21fa03	1780980911	-176059.83	university	everyday	automated	direct	max-debt	5	10000	-45274.64	136600.00	58.00	2	True	Bankruptcy: deeply negative cash
180	8b21fa03	1780980912	-70613.87	office	speed	specialized	coop	balanced	5	10000	-9203.12	67800.00	50.00	105	True	Bankruptcy: deeply negative cash
181	8b21fa03	1780980913	25111.20	university	everyday	automated	monthly	all-equity	5	10000	22089.03	0.00	8.50	182	True	Reputation collapse (< 15)
182	8b21fa03	1780980914	-169261.19	suburban	sweet	specialized	spot	max-debt	5	10000	-37626.95	136600.00	49.50	2	True	Bankruptcy: deeply negative cash
183	8b21fa03	1780980915	-61809.31	suburban	gourmet	manual	monthly	balanced	5	10000	-6425.77	64200.00	60.00	152	True	Bankruptcy: deeply negative cash
184	8b21fa03	1780980916	-61070.15	suburban	gourmet	automated	monthly	balanced	5	10000	-5324.31	66000.00	72.00	144	True	Bankruptcy: deeply negative cash
185	8b21fa03	1780980917	-76430.04	urban	speed	specialized	spot	balanced	5	10000	-13567.83	67800.00	36.00	92	True	Bankruptcy: deeply negative cash
186	8b21fa03	1780980918	97107.04	mall	gourmet	specialized	coop	all-equity	5	10000	91635.94	0.00	14.00	194	True	Reputation collapse (< 15)
187	8b21fa03	1780980919	111864.83	mall	sweet	specialized	coop	all-equity	5	10000	109854.08	0.00	7.00	62	True	Reputation collapse (< 15)
188	8b21fa03	1780980920	-168746.08	office	everyday	specialized	direct	max-debt	5	10000	-37357.24	136600.00	52.00	2	True	Bankruptcy: deeply negative cash
189	8b21fa03	1780980921	5436.70	office	sweet	specialized	spot	all-equity	5	10000	-5038.29	0.00	57.50	309	True	Bankruptcy: deeply negative cash
190	8b21fa03	1780980922	-153739.21	office	speed	manual	spot	max-debt	5	10000	-21249.07	136600.00	41.00	2	True	Bankruptcy: deeply negative cash
191	8b21fa03	1780980923	-179665.38	urban	speed	automated	direct	max-debt	5	10000	-48934.80	136600.00	58.50	2	True	Bankruptcy: deeply negative cash
192	8b21fa03	1780980924	-856.09	urban	speed	specialized	monthly	all-equity	5	10000	-5002.38	0.00	17.50	198	True	Bankruptcy: deeply negative cash
193	8b21fa03	1780980925	-119909.28	office	gourmet	manual	spot	leveraged	5	10000	-8174.02	117100.00	52.00	14	True	Bankruptcy: deeply negative cash
194	8b21fa03	1780980926	-71221.05	university	sweet	manual	spot	balanced	5	10000	-8927.69	66000.00	21.00	122	True	Bankruptcy: deeply negative cash
195	8b21fa03	1780980927	-178229.13	office	gourmet	automated	direct	max-debt	5	10000	-47144.71	136600.00	55.00	2	True	Bankruptcy: deeply negative cash
196	8b21fa03	1780980928	110091.62	mall	sweet	manual	monthly	all-equity	5	10000	107122.65	0.00	5.62	122	True	Reputation collapse (< 15)
197	8b21fa03	1780980929	-126970.19	mall	speed	specialized	monthly	leveraged	5	10000	-14883.19	117100.00	50.00	2	True	Bankruptcy: deeply negative cash
198	8b21fa03	1780980930	-169423.71	office	speed	specialized	coop	max-debt	5	10000	-37786.82	136600.00	49.50	2	True	Bankruptcy: deeply negative cash
199	8b21fa03	1780980931	4206.34	suburban	everyday	automated	coop	all-equity	5	10000	-5042.02	0.00	65.50	195	True	Bankruptcy: deeply negative cash
0	229b6847	1781137297	-49460.28	university	sweet	manual	coop	balanced	5	10000	13263.10	66000.00	14.00	122	True	Reputation collapse (< 15)
1	229b6847	1781137298	-167971.96	mall	speed	specialized	spot	max-debt	5	10000	-35288.67	136600.00	39.00	2	True	Bankruptcy: deeply negative cash
2	229b6847	1781137299	-140588.70	urban	gourmet	automated	spot	leveraged	5	10000	-29061.76	117100.00	55.50	2	True	Bankruptcy: deeply negative cash
3	229b6847	1781137300	23597.88	suburban	sweet	manual	coop	all-equity	5	10000	10560.18	0.00	68.00	361	True	Completed 360 days
4	229b6847	1781137301	-69668.25	urban	everyday	automated	direct	balanced	5	10000	-5262.12	69600.00	43.00	62	True	Bankruptcy: deeply negative cash
5	229b6847	1781137302	115914.93	mall	gourmet	manual	coop	all-equity	5	10000	112669.30	0.00	14.18	99	True	Reputation collapse (< 15)
6	229b6847	1781137303	-138892.30	suburban	sweet	automated	spot	leveraged	5	10000	-27355.31	117100.00	55.50	2	True	Bankruptcy: deeply negative cash
7	229b6847	1781137304	1597.38	office	everyday	automated	coop	all-equity	5	10000	-5528.26	0.00	54.10	182	True	Bankruptcy: deeply negative cash
8	229b6847	1781137305	-152057.18	suburban	sweet	manual	spot	max-debt	5	10000	-20574.36	136600.00	51.00	2	True	Bankruptcy: deeply negative cash
9	229b6847	1781137306	-127941.63	university	speed	specialized	monthly	leveraged	5	10000	-14856.97	117100.00	40.00	2	True	Bankruptcy: deeply negative cash
10	229b6847	1781137307	2701.79	university	everyday	specialized	spot	all-equity	5	10000	-1551.81	0.00	14.40	247	True	Reputation collapse (< 15)
11	229b6847	1781137308	-116477.08	office	everyday	manual	direct	leveraged	5	10000	-5291.36	117100.00	55.50	28	True	Bankruptcy: deeply negative cash
12	229b6847	1781137309	-135618.62	mall	gourmet	automated	direct	leveraged	5	10000	-24034.23	117100.00	55.00	2	True	Bankruptcy: deeply negative cash
13	229b6847	1781137310	45571.31	suburban	speed	automated	direct	all-equity	5	10000	29501.52	0.00	88.00	361	True	Completed 360 days
14	229b6847	1781137311	-138068.03	office	gourmet	automated	monthly	leveraged	5	10000	-26641.68	117100.00	56.50	2	True	Bankruptcy: deeply negative cash
15	229b6847	1781137312	-151436.05	suburban	gourmet	manual	coop	max-debt	5	10000	-20051.33	136600.00	52.00	2	True	Bankruptcy: deeply negative cash
16	229b6847	1781137313	51764.61	mall	sweet	automated	monthly	all-equity	5	10000	47610.34	0.00	14.00	159	True	Reputation collapse (< 15)
17	229b6847	1781137314	-153213.86	urban	gourmet	manual	coop	max-debt	5	10000	-21839.55	136600.00	52.00	2	True	Bankruptcy: deeply negative cash
18	229b6847	1781137315	-127589.71	university	everyday	specialized	spot	leveraged	5	10000	-15359.01	117100.00	48.50	2	True	Bankruptcy: deeply negative cash
19	229b6847	1781137316	-153422.44	urban	speed	manual	direct	max-debt	5	10000	-22236.38	136600.00	54.00	2	True	Bankruptcy: deeply negative cash
20	229b6847	1781137317	-130200.38	suburban	sweet	specialized	spot	leveraged	5	10000	-17012.96	117100.00	39.00	2	True	Bankruptcy: deeply negative cash
21	229b6847	1781137318	-128795.48	suburban	speed	specialized	monthly	leveraged	5	10000	-16705.85	117100.00	50.00	2	True	Bankruptcy: deeply negative cash
22	229b6847	1781137319	36804.44	suburban	gourmet	manual	spot	all-equity	5	10000	22134.26	0.00	74.50	361	True	Completed 360 days
23	229b6847	1781137320	-151437.25	suburban	sweet	manual	coop	max-debt	5	10000	-19997.59	136600.00	51.50	2	True	Bankruptcy: deeply negative cash
24	229b6847	1781137321	-65478.80	office	sweet	specialized	direct	balanced	5	10000	-5131.51	67800.00	60.00	98	True	Bankruptcy: deeply negative cash
25	229b6847	1781137322	-168598.53	suburban	everyday	specialized	coop	max-debt	5	10000	-37008.84	136600.00	50.00	2	True	Bankruptcy: deeply negative cash
26	229b6847	1781137323	4433.71	office	gourmet	automated	monthly	all-equity	5	10000	-5375.16	0.00	57.50	267	True	Bankruptcy: deeply negative cash
27	229b6847	1781137324	-125655.08	mall	gourmet	specialized	direct	leveraged	5	10000	-13830.94	117100.00	52.50	2	True	Bankruptcy: deeply negative cash
28	229b6847	1781137325	1585.90	university	sweet	automated	spot	all-equity	5	10000	-3121.85	0.00	14.50	256	True	Reputation collapse (< 15)
29	229b6847	1781137326	-177645.18	suburban	everyday	automated	direct	max-debt	5	10000	-46560.09	136600.00	55.00	2	True	Bankruptcy: deeply negative cash
30	229b6847	1781137327	-176440.40	mall	speed	automated	spot	max-debt	5	10000	-45361.47	136600.00	55.00	2	True	Bankruptcy: deeply negative cash
31	229b6847	1781137328	-37252.77	mall	gourmet	specialized	spot	balanced	5	10000	29925.11	69600.00	10.50	62	True	Reputation collapse (< 15)
32	229b6847	1781137329	-175902.32	mall	gourmet	automated	monthly	max-debt	5	10000	-45120.22	136600.00	58.00	2	True	Bankruptcy: deeply negative cash
33	229b6847	1781137330	-1376.03	university	speed	specialized	monthly	all-equity	5	10000	-5353.17	0.00	13.50	242	True	Reputation collapse (< 15)
34	229b6847	1781137331	1441.95	office	gourmet	manual	coop	all-equity	5	10000	-5305.77	0.00	41.00	250	True	Bankruptcy: deeply negative cash
35	229b6847	1781137332	-77663.17	urban	everyday	automated	spot	balanced	5	10000	-10302.95	69600.00	14.68	62	True	Reputation collapse (< 15)
36	229b6847	1781137333	-121121.54	urban	gourmet	manual	coop	leveraged	5	10000	-11336.80	114200.00	39.00	32	True	Bankruptcy: deeply negative cash
37	229b6847	1781137334	-131328.86	urban	speed	specialized	spot	leveraged	5	10000	-19199.36	117100.00	49.50	2	True	Bankruptcy: deeply negative cash
38	229b6847	1781137335	-154463.48	urban	sweet	manual	spot	max-debt	5	10000	-22732.94	136600.00	48.50	2	True	Bankruptcy: deeply negative cash
39	229b6847	1781137336	-131068.69	urban	sweet	specialized	coop	leveraged	5	10000	-18987.43	117100.00	50.00	2	True	Bankruptcy: deeply negative cash
40	229b6847	1781137337	-126628.89	university	sweet	specialized	coop	leveraged	5	10000	-14497.78	117100.00	49.50	2	True	Bankruptcy: deeply negative cash
41	229b6847	1781137338	-151768.50	office	speed	manual	coop	max-debt	5	10000	-20383.67	136600.00	52.00	2	True	Bankruptcy: deeply negative cash
42	229b6847	1781137339	68460.87	mall	speed	automated	spot	all-equity	5	10000	64016.87	0.00	14.50	159	True	Reputation collapse (< 15)
43	229b6847	1781137340	-172103.16	urban	gourmet	specialized	monthly	max-debt	5	10000	-39519.08	136600.00	40.00	2	True	Bankruptcy: deeply negative cash
44	229b6847	1781137341	-69296.49	mall	sweet	automated	monthly	balanced	5	10000	-5842.95	67800.00	23.50	97	True	Bankruptcy: deeply negative cash
45	229b6847	1781137342	-70200.09	urban	gourmet	automated	direct	balanced	5	10000	-5543.61	69600.00	38.50	69	True	Bankruptcy: deeply negative cash
46	229b6847	1781137343	-69150.69	office	gourmet	manual	coop	balanced	5	10000	-7354.49	67800.00	49.50	104	True	Bankruptcy: deeply negative cash
47	229b6847	1781137344	-130344.81	office	sweet	specialized	monthly	leveraged	5	10000	-17255.99	117100.00	40.00	2	True	Bankruptcy: deeply negative cash
48	229b6847	1781137345	-63437.07	suburban	gourmet	specialized	monthly	balanced	5	10000	-5507.04	66000.00	60.00	122	True	Bankruptcy: deeply negative cash
49	229b6847	1781137346	-117991.73	suburban	sweet	manual	spot	leveraged	5	10000	-5844.17	117100.00	47.50	15	True	Bankruptcy: deeply negative cash
50	229b6847	1781137347	-118914.93	university	speed	manual	monthly	leveraged	5	10000	-6859.03	117100.00	49.00	14	True	Bankruptcy: deeply negative cash
51	229b6847	1781137348	-128325.54	office	speed	specialized	direct	leveraged	5	10000	-16696.28	117100.00	54.50	2	True	Bankruptcy: deeply negative cash
52	229b6847	1781137349	-118528.75	urban	sweet	manual	monthly	leveraged	5	10000	-7075.54	117100.00	54.50	13	True	Bankruptcy: deeply negative cash
53	229b6847	1781137350	-63103.61	suburban	gourmet	manual	coop	balanced	5	10000	-5558.02	66000.00	65.50	129	True	Bankruptcy: deeply negative cash
54	229b6847	1781137351	-64340.87	office	speed	manual	spot	balanced	5	10000	-5671.42	66000.00	56.00	122	True	Bankruptcy: deeply negative cash
55	229b6847	1781137352	13048.72	urban	sweet	manual	monthly	all-equity	5	10000	3913.87	0.00	26.00	361	True	Completed 360 days
56	229b6847	1781137353	-70324.51	mall	speed	automated	monthly	balanced	5	10000	-5323.86	69600.00	33.50	73	True	Bankruptcy: deeply negative cash
57	229b6847	1781137354	-118716.78	suburban	speed	manual	monthly	leveraged	5	10000	-7069.81	117100.00	53.00	14	True	Bankruptcy: deeply negative cash
58	229b6847	1781137355	-178523.83	suburban	everyday	automated	coop	max-debt	5	10000	-47482.49	136600.00	55.50	2	True	Bankruptcy: deeply negative cash
59	229b6847	1781137356	-126376.83	university	sweet	specialized	direct	leveraged	5	10000	-14491.31	117100.00	52.00	2	True	Bankruptcy: deeply negative cash
60	229b6847	1781137357	-179830.15	urban	speed	automated	direct	max-debt	5	10000	-49298.30	136600.00	60.50	2	True	Bankruptcy: deeply negative cash
61	229b6847	1781137358	-154479.92	urban	gourmet	manual	spot	max-debt	5	10000	-23049.42	136600.00	51.50	2	True	Bankruptcy: deeply negative cash
62	229b6847	1781137359	-152730.49	office	speed	manual	spot	max-debt	5	10000	-21297.20	136600.00	51.50	2	True	Bankruptcy: deeply negative cash
63	229b6847	1781137360	13869.32	urban	speed	specialized	coop	all-equity	5	10000	9121.71	0.00	9.50	242	True	Reputation collapse (< 15)
64	229b6847	1781137361	-72215.77	university	everyday	specialized	monthly	balanced	5	10000	-5357.42	69600.00	20.50	77	True	Bankruptcy: deeply negative cash
65	229b6847	1781137362	-64155.16	suburban	speed	manual	monthly	balanced	5	10000	-6659.04	66000.00	66.00	122	True	Bankruptcy: deeply negative cash
66	229b6847	1781137363	-68961.94	suburban	speed	specialized	direct	balanced	5	10000	-5921.24	69600.00	53.50	87	True	Bankruptcy: deeply negative cash
67	229b6847	1781137364	-69030.87	office	sweet	automated	monthly	balanced	5	10000	-5582.91	69600.00	53.50	63	True	Bankruptcy: deeply negative cash
68	229b6847	1781137365	-69642.58	suburban	everyday	automated	monthly	balanced	5	10000	-8028.60	69600.00	67.00	87	True	Bankruptcy: deeply negative cash
69	229b6847	1781137366	45120.17	suburban	speed	manual	monthly	all-equity	5	10000	32230.73	0.00	68.00	361	True	Completed 360 days
70	229b6847	1781137367	-72323.37	university	gourmet	automated	spot	balanced	5	10000	-5628.41	71400.00	40.50	56	True	Bankruptcy: deeply negative cash
71	229b6847	1781137368	-118294.33	office	gourmet	manual	spot	leveraged	5	10000	-6612.08	117100.00	52.00	17	True	Bankruptcy: deeply negative cash
72	229b6847	1781137369	-168740.60	suburban	sweet	specialized	coop	max-debt	5	10000	-37153.82	136600.00	50.00	2	True	Bankruptcy: deeply negative cash
73	229b6847	1781137370	-68487.63	mall	sweet	specialized	direct	balanced	5	10000	-6600.36	66000.00	19.50	122	True	Bankruptcy: deeply negative cash
74	229b6847	1781137371	-168959.75	office	speed	specialized	monthly	max-debt	5	10000	-37427.50	136600.00	50.50	2	True	Bankruptcy: deeply negative cash
75	229b6847	1781137372	-72174.15	office	everyday	specialized	spot	balanced	5	10000	-7006.39	69600.00	37.50	62	True	Bankruptcy: deeply negative cash
76	229b6847	1781137373	-118795.55	urban	sweet	manual	spot	leveraged	5	10000	-6972.56	117100.00	50.50	13	True	Bankruptcy: deeply negative cash
77	229b6847	1781137374	-138319.84	office	sweet	automated	direct	leveraged	5	10000	-27086.51	117100.00	58.50	2	True	Bankruptcy: deeply negative cash
78	229b6847	1781137375	57606.79	mall	sweet	manual	monthly	all-equity	5	10000	53456.58	0.00	14.50	190	True	Reputation collapse (< 15)
79	229b6847	1781137376	11884.69	mall	sweet	automated	monthly	all-equity	5	10000	6852.52	0.00	14.50	223	True	Reputation collapse (< 15)
80	229b6847	1781137377	-169415.57	suburban	sweet	specialized	spot	max-debt	5	10000	-37429.47	136600.00	46.00	2	True	Bankruptcy: deeply negative cash
81	229b6847	1781137378	5243.79	suburban	speed	automated	coop	all-equity	5	10000	-6080.30	0.00	80.50	229	True	Bankruptcy: deeply negative cash
82	229b6847	1781137379	-170613.70	urban	speed	specialized	direct	max-debt	5	10000	-39282.53	136600.00	52.50	2	True	Bankruptcy: deeply negative cash
83	229b6847	1781137380	96475.23	suburban	sweet	manual	coop	all-equity	5	10000	82126.11	0.00	73.00	361	True	Completed 360 days
84	229b6847	1781137381	-68794.49	office	speed	manual	coop	balanced	5	10000	-5984.67	69600.00	60.50	77	True	Bankruptcy: deeply negative cash
85	229b6847	1781137382	-70015.52	office	sweet	specialized	monthly	balanced	5	10000	-5692.76	69600.00	43.36	85	True	Bankruptcy: deeply negative cash
86	229b6847	1781137383	-118393.72	suburban	gourmet	manual	spot	leveraged	5	10000	-6735.20	117100.00	52.50	14	True	Bankruptcy: deeply negative cash
87	229b6847	1781137384	-128540.84	suburban	speed	specialized	coop	leveraged	5	10000	-16158.52	117100.00	47.00	2	True	Bankruptcy: deeply negative cash
88	229b6847	1781137385	7094.88	suburban	sweet	specialized	monthly	all-equity	5	10000	-5200.25	0.00	62.98	351	True	Bankruptcy: deeply negative cash
89	229b6847	1781137386	-127476.08	mall	sweet	specialized	spot	leveraged	5	10000	-15293.07	117100.00	49.00	2	True	Bankruptcy: deeply negative cash
90	229b6847	1781137387	-66633.59	suburban	gourmet	specialized	coop	balanced	5	10000	-5064.94	69600.00	68.00	89	True	Bankruptcy: deeply negative cash
91	229b6847	1781137388	5144.97	office	sweet	automated	direct	all-equity	5	10000	-5736.53	0.00	62.50	302	True	Bankruptcy: deeply negative cash
92	229b6847	1781137389	-176471.60	university	gourmet	automated	coop	max-debt	5	10000	-45136.98	136600.00	52.50	2	True	Bankruptcy: deeply negative cash
93	229b6847	1781137390	-126992.36	university	everyday	specialized	coop	leveraged	5	10000	-14853.76	117100.00	49.50	2	True	Bankruptcy: deeply negative cash
94	229b6847	1781137391	51580.76	urban	sweet	manual	coop	all-equity	5	10000	42316.15	0.00	23.00	361	True	Completed 360 days
95	229b6847	1781137392	-136535.12	university	everyday	automated	monthly	leveraged	5	10000	-24752.73	117100.00	53.00	2	True	Bankruptcy: deeply negative cash
96	229b6847	1781137393	-248.18	urban	sweet	specialized	spot	all-equity	5	10000	-5014.66	0.00	15.50	214	True	Bankruptcy: deeply negative cash
97	229b6847	1781137394	-4534.71	urban	everyday	automated	direct	all-equity	5	10000	-9715.22	0.00	23.00	212	True	Bankruptcy: deeply negative cash
98	229b6847	1781137395	-171164.63	urban	gourmet	specialized	spot	max-debt	5	10000	-39538.34	136600.00	49.50	2	True	Bankruptcy: deeply negative cash
99	229b6847	1781137396	554.26	university	sweet	specialized	spot	all-equity	5	10000	-5189.95	0.00	32.00	228	True	Bankruptcy: deeply negative cash
100	229b6847	1781137397	-128197.21	suburban	everyday	specialized	direct	leveraged	5	10000	-16364.40	117100.00	52.50	2	True	Bankruptcy: deeply negative cash
101	229b6847	1781137398	-27437.54	mall	sweet	specialized	spot	balanced	5	10000	33904.62	66000.00	14.00	141	True	Reputation collapse (< 15)
102	229b6847	1781137399	-67608.60	office	sweet	automated	direct	balanced	5	10000	-7993.29	66000.00	45.00	122	True	Bankruptcy: deeply negative cash
103	229b6847	1781137400	-73999.87	mall	speed	automated	monthly	balanced	5	10000	-8497.99	69600.00	28.50	69	True	Bankruptcy: deeply negative cash
104	229b6847	1781137401	-154364.44	urban	speed	manual	coop	max-debt	5	10000	-22926.21	136600.00	51.50	2	True	Bankruptcy: deeply negative cash
105	229b6847	1781137402	-140021.45	urban	everyday	automated	direct	leveraged	5	10000	-28735.58	117100.00	58.00	2	True	Bankruptcy: deeply negative cash
106	229b6847	1781137403	-71417.47	urban	speed	specialized	coop	balanced	5	10000	-5016.83	69600.00	25.00	63	True	Bankruptcy: deeply negative cash
107	229b6847	1781137404	46998.54	mall	everyday	automated	monthly	all-equity	5	10000	43804.38	0.00	14.50	122	True	Reputation collapse (< 15)
108	229b6847	1781137405	-130450.62	urban	gourmet	specialized	direct	leveraged	5	10000	-18622.30	117100.00	52.50	2	True	Bankruptcy: deeply negative cash
109	229b6847	1781137406	-72282.02	urban	speed	specialized	direct	balanced	5	10000	-7822.05	69600.00	39.00	88	True	Bankruptcy: deeply negative cash
110	229b6847	1781137407	6409.22	university	speed	specialized	direct	all-equity	5	10000	2133.01	0.00	14.50	248	True	Reputation collapse (< 15)
111	229b6847	1781137408	-137489.37	suburban	speed	automated	direct	leveraged	5	10000	-26256.89	117100.00	58.50	2	True	Bankruptcy: deeply negative cash
112	229b6847	1781137409	4346.81	suburban	sweet	automated	spot	all-equity	5	10000	-8155.40	0.00	83.00	250	True	Bankruptcy: deeply negative cash
113	229b6847	1781137410	-116567.75	office	gourmet	manual	coop	leveraged	5	10000	-5011.17	117100.00	51.50	25	True	Bankruptcy: deeply negative cash
114	229b6847	1781137411	-129537.36	office	speed	specialized	coop	leveraged	5	10000	-17097.88	117100.00	46.50	2	True	Bankruptcy: deeply negative cash
115	229b6847	1781137412	-177021.21	university	speed	automated	direct	max-debt	5	10000	-45230.71	136600.00	48.00	2	True	Bankruptcy: deeply negative cash
116	229b6847	1781137413	-178108.74	suburban	sweet	automated	monthly	max-debt	5	10000	-47120.81	136600.00	56.00	2	True	Bankruptcy: deeply negative cash
117	229b6847	1781137414	-68754.63	office	sweet	specialized	spot	balanced	5	10000	-6675.01	67800.00	45.50	92	True	Bankruptcy: deeply negative cash
118	229b6847	1781137415	-126822.42	mall	speed	specialized	monthly	leveraged	5	10000	-14438.14	117100.00	47.00	2	True	Bankruptcy: deeply negative cash
119	229b6847	1781137416	-148921.92	mall	gourmet	manual	coop	max-debt	5	10000	-17449.24	136600.00	51.00	2	True	Bankruptcy: deeply negative cash
120	229b6847	1781137417	-137059.83	suburban	gourmet	automated	direct	leveraged	5	10000	-25830.08	117100.00	58.50	2	True	Bankruptcy: deeply negative cash
121	229b6847	1781137418	1582.72	office	everyday	automated	direct	all-equity	5	10000	-5766.56	0.00	52.00	212	True	Bankruptcy: deeply negative cash
122	229b6847	1781137419	-178893.59	office	sweet	automated	spot	max-debt	5	10000	-47566.74	136600.00	52.50	2	True	Bankruptcy: deeply negative cash
123	229b6847	1781137420	3244.63	suburban	everyday	specialized	monthly	all-equity	5	10000	-8199.69	0.00	78.50	242	True	Bankruptcy: deeply negative cash
124	229b6847	1781137421	-138436.85	suburban	sweet	automated	spot	leveraged	5	10000	-26852.29	117100.00	55.00	2	True	Bankruptcy: deeply negative cash
125	229b6847	1781137422	36914.75	mall	speed	automated	monthly	all-equity	5	10000	33130.23	0.00	14.00	155	True	Reputation collapse (< 15)
126	229b6847	1781137423	103575.20	mall	gourmet	automated	spot	all-equity	5	10000	99293.51	0.00	14.00	118	True	Reputation collapse (< 15)
127	229b6847	1781137424	17027.02	university	gourmet	specialized	direct	all-equity	5	10000	11071.02	0.00	14.50	313	True	Reputation collapse (< 15)
128	229b6847	1781137425	-55828.59	mall	gourmet	manual	spot	balanced	5	10000	6355.38	66000.00	14.50	124	True	Reputation collapse (< 15)
129	229b6847	1781137426	-74214.12	office	sweet	specialized	coop	balanced	5	10000	-10813.46	67800.00	34.34	92	True	Bankruptcy: deeply negative cash
130	229b6847	1781137427	-136623.28	university	everyday	automated	monthly	leveraged	5	10000	-24839.16	117100.00	53.00	2	True	Bankruptcy: deeply negative cash
131	229b6847	1781137428	65699.45	university	speed	manual	spot	all-equity	5	10000	61771.80	0.00	14.50	182	True	Reputation collapse (< 15)
132	229b6847	1781137429	-117131.08	university	sweet	manual	coop	leveraged	5	10000	-5028.63	117100.00	47.50	22	True	Bankruptcy: deeply negative cash
133	229b6847	1781137430	-69714.31	mall	speed	manual	spot	balanced	5	10000	-5496.05	67800.00	23.00	95	True	Bankruptcy: deeply negative cash
134	229b6847	1781137431	-73730.63	university	speed	automated	direct	balanced	5	10000	-7698.83	69600.00	29.50	62	True	Bankruptcy: deeply negative cash
135	229b6847	1781137432	-130289.73	urban	sweet	specialized	direct	leveraged	5	10000	-18459.39	117100.00	52.50	2	True	Bankruptcy: deeply negative cash
136	229b6847	1781137433	-63313.44	suburban	sweet	manual	spot	balanced	5	10000	-8485.71	64200.00	65.50	159	True	Bankruptcy: deeply negative cash
137	229b6847	1781137434	-70330.40	urban	everyday	automated	direct	balanced	5	10000	-6897.80	69600.00	53.00	62	True	Bankruptcy: deeply negative cash
138	229b6847	1781137435	-73613.46	office	speed	specialized	coop	balanced	5	10000	-7060.76	69600.00	25.50	62	True	Bankruptcy: deeply negative cash
139	229b6847	1781137436	-65893.33	suburban	speed	specialized	coop	balanced	5	10000	-6689.40	66000.00	44.00	126	True	Bankruptcy: deeply negative cash
140	229b6847	1781137437	366.29	office	sweet	automated	coop	all-equity	5	10000	-7312.26	0.00	47.16	242	True	Bankruptcy: deeply negative cash
141	229b6847	1781137438	89082.71	mall	speed	manual	spot	all-equity	5	10000	85663.01	0.00	6.00	152	True	Reputation collapse (< 15)
142	229b6847	1781137439	114098.39	mall	gourmet	specialized	monthly	all-equity	5	10000	110795.53	0.00	14.00	90	True	Reputation collapse (< 15)
143	229b6847	1781137440	-168028.79	office	gourmet	specialized	direct	max-debt	5	10000	-36703.21	136600.00	52.50	2	True	Bankruptcy: deeply negative cash
144	229b6847	1781137441	-66701.75	urban	speed	manual	coop	balanced	5	10000	-5265.33	67800.00	45.00	118	True	Bankruptcy: deeply negative cash
145	229b6847	1781137442	85759.48	mall	everyday	specialized	monthly	all-equity	5	10000	82666.77	0.00	14.50	97	True	Reputation collapse (< 15)
146	229b6847	1781137443	-152039.27	suburban	gourmet	manual	spot	max-debt	5	10000	-20607.78	136600.00	51.50	2	True	Bankruptcy: deeply negative cash
147	229b6847	1781137444	46481.82	university	everyday	specialized	direct	all-equity	5	10000	43589.95	0.00	14.38	142	True	Reputation collapse (< 15)
148	229b6847	1781137445	-67873.27	university	everyday	automated	direct	balanced	5	10000	-7282.87	66000.00	32.50	124	True	Bankruptcy: deeply negative cash
149	229b6847	1781137446	-177786.86	suburban	everyday	automated	direct	max-debt	5	10000	-46699.53	136600.00	55.00	2	True	Bankruptcy: deeply negative cash
150	229b6847	1781137447	46790.51	urban	gourmet	specialized	direct	all-equity	5	10000	43864.34	0.00	14.50	122	True	Reputation collapse (< 15)
151	229b6847	1781137448	-67074.68	office	speed	specialized	coop	balanced	5	10000	-5515.79	67800.00	47.50	112	True	Bankruptcy: deeply negative cash
152	229b6847	1781137449	-177069.22	university	gourmet	automated	spot	max-debt	5	10000	-45686.16	136600.00	52.00	2	True	Bankruptcy: deeply negative cash
153	229b6847	1781137450	-150539.36	university	everyday	manual	spot	max-debt	5	10000	-18754.56	136600.00	48.00	2	True	Bankruptcy: deeply negative cash
154	229b6847	1781137451	-169934.06	urban	gourmet	specialized	direct	max-debt	5	10000	-38610.52	136600.00	52.50	2	True	Bankruptcy: deeply negative cash
155	229b6847	1781137452	-68313.19	urban	gourmet	manual	monthly	balanced	5	10000	-10331.75	64200.00	36.36	152	True	Bankruptcy: deeply negative cash
156	229b6847	1781137453	-140197.45	urban	gourmet	automated	monthly	leveraged	5	10000	-28676.58	117100.00	55.50	2	True	Bankruptcy: deeply negative cash
157	229b6847	1781137454	3882.29	office	sweet	automated	direct	all-equity	5	10000	-5152.32	0.00	51.50	267	True	Bankruptcy: deeply negative cash
158	229b6847	1781137455	-136943.24	university	gourmet	automated	monthly	leveraged	5	10000	-24417.20	117100.00	45.50	2	True	Bankruptcy: deeply negative cash
159	229b6847	1781137456	18136.87	mall	gourmet	specialized	direct	all-equity	5	10000	14166.66	0.00	8.50	212	True	Reputation collapse (< 15)
160	229b6847	1781137457	16992.63	suburban	gourmet	manual	spot	all-equity	5	10000	5154.73	0.00	62.96	361	True	Completed 360 days
161	229b6847	1781137458	88522.91	mall	gourmet	automated	direct	all-equity	5	10000	84568.24	0.00	14.00	125	True	Reputation collapse (< 15)
162	229b6847	1781137459	3830.29	office	sweet	automated	direct	all-equity	5	10000	-5021.48	0.00	44.00	288	True	Bankruptcy: deeply negative cash
163	229b6847	1781137460	-169616.32	office	everyday	specialized	monthly	max-debt	5	10000	-38028.24	136600.00	50.00	2	True	Bankruptcy: deeply negative cash
164	229b6847	1781137461	-65021.00	suburban	everyday	manual	coop	balanced	5	10000	-6403.50	66000.00	57.50	122	True	Bankruptcy: deeply negative cash
165	229b6847	1781137462	-178469.22	suburban	everyday	automated	spot	max-debt	5	10000	-47433.22	136600.00	55.50	2	True	Bankruptcy: deeply negative cash
166	229b6847	1781137463	-66510.65	urban	everyday	automated	direct	balanced	5	10000	-6501.21	67800.00	56.00	108	True	Bankruptcy: deeply negative cash
167	229b6847	1781137464	-119114.22	office	gourmet	manual	monthly	leveraged	5	10000	-7132.94	117100.00	49.50	14	True	Bankruptcy: deeply negative cash
168	229b6847	1781137465	-798.44	university	speed	manual	spot	all-equity	5	10000	-5731.55	0.00	17.50	272	True	Bankruptcy: deeply negative cash
169	229b6847	1781137466	-138316.78	office	speed	automated	monthly	leveraged	5	10000	-27087.69	117100.00	58.50	2	True	Bankruptcy: deeply negative cash
170	229b6847	1781137467	-149083.53	mall	gourmet	manual	coop	max-debt	5	10000	-17650.82	136600.00	51.50	2	True	Bankruptcy: deeply negative cash
171	229b6847	1781137468	-70294.53	mall	everyday	specialized	spot	balanced	5	10000	-5029.40	69600.00	31.00	78	True	Bankruptcy: deeply negative cash
172	229b6847	1781137469	-169359.81	office	gourmet	specialized	coop	max-debt	5	10000	-37723.64	136600.00	49.50	2	True	Bankruptcy: deeply negative cash
173	229b6847	1781137470	101537.76	mall	gourmet	automated	spot	all-equity	5	10000	94269.67	0.00	14.00	247	True	Reputation collapse (< 15)
174	229b6847	1781137471	13123.88	urban	sweet	specialized	spot	all-equity	5	10000	8651.78	0.00	14.00	230	True	Reputation collapse (< 15)
175	229b6847	1781137472	-137766.42	suburban	gourmet	automated	direct	leveraged	5	10000	-26479.31	117100.00	58.00	2	True	Bankruptcy: deeply negative cash
176	229b6847	1781137473	-150677.67	mall	sweet	manual	spot	max-debt	5	10000	-18196.23	136600.00	41.00	2	True	Bankruptcy: deeply negative cash
177	229b6847	1781137474	64674.88	urban	gourmet	specialized	coop	all-equity	5	10000	59187.90	0.00	14.00	237	True	Reputation collapse (< 15)
178	229b6847	1781137475	-67806.49	university	speed	specialized	monthly	balanced	5	10000	-5201.35	67800.00	33.50	120	True	Bankruptcy: deeply negative cash
179	229b6847	1781137476	-67332.49	office	gourmet	manual	monthly	balanced	5	10000	-9610.21	64200.00	41.70	152	True	Bankruptcy: deeply negative cash
180	229b6847	1781137477	-118186.31	urban	gourmet	manual	direct	leveraged	5	10000	-5505.59	117100.00	42.00	15	True	Bankruptcy: deeply negative cash
181	229b6847	1781137478	-60413.76	office	sweet	manual	monthly	balanced	5	10000	-6567.18	62400.00	52.50	188	True	Bankruptcy: deeply negative cash
182	229b6847	1781137479	-71859.83	university	speed	automated	coop	balanced	5	10000	-5127.88	71400.00	42.00	48	True	Bankruptcy: deeply negative cash
183	229b6847	1781137480	-178910.60	suburban	speed	automated	spot	max-debt	5	10000	-47522.27	136600.00	52.00	2	True	Bankruptcy: deeply negative cash
184	229b6847	1781137481	-74615.77	university	gourmet	automated	spot	balanced	5	10000	-8411.26	71400.00	44.50	57	True	Bankruptcy: deeply negative cash
185	229b6847	1781137482	-167060.91	mall	everyday	specialized	spot	max-debt	5	10000	-35375.69	136600.00	49.00	2	True	Bankruptcy: deeply negative cash
186	229b6847	1781137483	-119917.72	office	sweet	manual	spot	leveraged	5	10000	-8287.43	117100.00	52.50	17	True	Bankruptcy: deeply negative cash
187	229b6847	1781137484	-64211.77	suburban	sweet	manual	monthly	balanced	5	10000	-9171.97	64200.00	63.50	165	True	Bankruptcy: deeply negative cash
188	229b6847	1781137485	-69555.13	university	sweet	manual	coop	balanced	5	10000	-8819.25	66000.00	35.00	122	True	Bankruptcy: deeply negative cash
189	229b6847	1781137486	-61039.22	mall	sweet	manual	monthly	balanced	5	10000	-2839.14	62400.00	7.00	182	True	Reputation collapse (< 15)
190	229b6847	1781137487	-67259.89	suburban	everyday	specialized	direct	balanced	5	10000	-9561.23	66000.00	62.00	122	True	Bankruptcy: deeply negative cash
191	229b6847	1781137488	-138340.56	office	sweet	automated	coop	leveraged	5	10000	-26562.16	117100.00	53.00	2	True	Bankruptcy: deeply negative cash
192	229b6847	1781137489	-138424.45	suburban	gourmet	automated	monthly	leveraged	5	10000	-26937.99	117100.00	56.00	2	True	Bankruptcy: deeply negative cash
193	229b6847	1781137490	-122391.79	office	sweet	manual	coop	leveraged	5	10000	-9550.14	117100.00	41.00	18	True	Bankruptcy: deeply negative cash
194	229b6847	1781137491	83842.14	mall	speed	specialized	direct	all-equity	5	10000	80064.60	0.00	14.50	133	True	Reputation collapse (< 15)
195	229b6847	1781137492	-136562.97	mall	everyday	automated	coop	leveraged	5	10000	-24032.80	117100.00	45.50	2	True	Bankruptcy: deeply negative cash
196	229b6847	1781137493	-151388.27	suburban	gourmet	manual	monthly	max-debt	5	10000	-20002.88	136600.00	52.00	2	True	Bankruptcy: deeply negative cash
197	229b6847	1781137494	80964.98	mall	gourmet	manual	spot	all-equity	5	10000	75820.12	0.00	14.50	203	True	Reputation collapse (< 15)
198	229b6847	1781137495	-176823.82	university	everyday	automated	monthly	max-debt	5	10000	-45835.76	136600.00	56.00	2	True	Bankruptcy: deeply negative cash
199	229b6847	1781137496	43103.73	urban	sweet	specialized	coop	all-equity	5	10000	38255.46	0.00	14.00	223	True	Reputation collapse (< 15)
0	6c86e1ad	1781137491	113632.72	mall	gourmet	manual	coop	all-equity	5	12000	108595.75	0.00	14.00	174	True	Reputation collapse (< 15)
1	6c86e1ad	1781137492	133151.09	mall	gourmet	manual	coop	all-equity	8	8000	130840.91	0.00	13.02	50	True	Reputation collapse (< 15)
2	6c86e1ad	1781137493	118859.61	mall	gourmet	manual	coop	all-equity	6	10000	115720.54	0.00	14.72	91	True	Reputation collapse (< 15)
3	6c86e1ad	1781137494	132533.83	mall	gourmet	manual	coop	all-equity	5	8000	128375.06	0.00	14.50	125	True	Reputation collapse (< 15)
4	6c86e1ad	1781137495	70199.89	mall	gourmet	manual	coop	all-equity	5	12000	66770.08	0.00	10.00	152	True	Reputation collapse (< 15)
5	6c86e1ad	1781137496	63676.78	mall	gourmet	manual	coop	all-equity	6	8000	59775.92	0.00	12.50	182	True	Reputation collapse (< 15)
6	6c86e1ad	1781137497	115549.43	mall	gourmet	manual	coop	all-equity	7	10000	111410.95	0.00	14.50	132	True	Reputation collapse (< 15)
7	6c86e1ad	1781137498	109509.02	mall	gourmet	manual	coop	all-equity	5	8000	106328.83	0.00	14.50	98	True	Reputation collapse (< 15)
8	6c86e1ad	1781137499	96101.18	mall	gourmet	manual	coop	all-equity	7	15000	91268.76	0.00	14.50	161	True	Reputation collapse (< 15)
9	6c86e1ad	1781137500	87868.80	mall	gourmet	manual	coop	all-equity	5	15000	85422.67	0.00	7.00	92	True	Reputation collapse (< 15)
10	6c86e1ad	1781137501	106215.04	mall	gourmet	manual	coop	all-equity	7	10000	102631.86	0.00	14.00	120	True	Reputation collapse (< 15)
11	6c86e1ad	1781137502	84541.33	mall	gourmet	manual	coop	all-equity	5	12000	79723.80	0.00	14.50	190	True	Reputation collapse (< 15)
12	6c86e1ad	1781137503	107497.46	mall	gourmet	manual	coop	all-equity	6	12000	105021.90	0.00	13.00	62	True	Reputation collapse (< 15)
13	6c86e1ad	1781137504	64216.88	mall	gourmet	manual	coop	all-equity	8	15000	58934.35	0.00	14.50	187	True	Reputation collapse (< 15)
14	6c86e1ad	1781137505	22988.28	mall	gourmet	manual	coop	all-equity	5	15000	18387.25	0.00	14.50	182	True	Reputation collapse (< 15)
15	6c86e1ad	1781137506	117607.98	mall	gourmet	manual	coop	all-equity	6	12000	113256.29	0.00	14.50	132	True	Reputation collapse (< 15)
16	6c86e1ad	1781137507	124556.68	mall	gourmet	manual	coop	all-equity	7	15000	119954.24	0.00	14.00	127	True	Reputation collapse (< 15)
17	6c86e1ad	1781137508	105212.25	mall	gourmet	manual	coop	all-equity	6	12000	100424.20	0.00	11.00	182	True	Reputation collapse (< 15)
18	6c86e1ad	1781137509	85425.05	mall	gourmet	manual	coop	all-equity	7	12000	81889.01	0.00	14.50	127	True	Reputation collapse (< 15)
19	6c86e1ad	1781137510	124921.42	mall	gourmet	manual	coop	all-equity	5	8000	120611.41	0.00	14.50	147	True	Reputation collapse (< 15)
20	6c86e1ad	1781137511	145620.89	mall	gourmet	manual	coop	all-equity	7	12000	140974.61	0.00	14.50	122	True	Reputation collapse (< 15)
21	6c86e1ad	1781137512	113622.70	mall	gourmet	manual	coop	all-equity	8	10000	109804.64	0.00	14.78	118	True	Reputation collapse (< 15)
22	6c86e1ad	1781137513	87779.45	mall	gourmet	manual	coop	all-equity	5	10000	83661.66	0.00	14.00	159	True	Reputation collapse (< 15)
23	6c86e1ad	1781137514	77927.30	mall	gourmet	manual	coop	all-equity	5	12000	73300.87	0.00	14.50	176	True	Reputation collapse (< 15)
24	6c86e1ad	1781137515	66833.52	mall	gourmet	manual	coop	all-equity	7	15000	62445.16	0.00	14.96	169	True	Reputation collapse (< 15)
25	6c86e1ad	1781137516	119553.13	mall	gourmet	manual	coop	all-equity	6	10000	113946.19	0.00	14.82	190	True	Reputation collapse (< 15)
26	6c86e1ad	1781137517	96175.29	mall	gourmet	manual	coop	all-equity	6	15000	91284.90	0.00	14.50	161	True	Reputation collapse (< 15)
27	6c86e1ad	1781137518	114763.41	mall	gourmet	manual	coop	all-equity	7	8000	110840.96	0.00	14.50	133	True	Reputation collapse (< 15)
28	6c86e1ad	1781137519	81472.53	mall	gourmet	manual	coop	all-equity	7	15000	77444.36	0.00	14.50	141	True	Reputation collapse (< 15)
29	6c86e1ad	1781137520	89154.06	mall	gourmet	manual	coop	all-equity	5	12000	85286.43	0.00	14.00	141	True	Reputation collapse (< 15)
30	6c86e1ad	1781137521	111606.42	mall	gourmet	manual	coop	all-equity	6	8000	108672.72	0.00	14.50	89	True	Reputation collapse (< 15)
31	6c86e1ad	1781137522	107708.72	mall	gourmet	manual	coop	all-equity	7	8000	104577.13	0.00	14.26	104	True	Reputation collapse (< 15)
32	6c86e1ad	1781137523	129766.49	mall	gourmet	manual	coop	all-equity	7	8000	124483.84	0.00	13.50	182	True	Reputation collapse (< 15)
33	6c86e1ad	1781137524	136264.84	mall	gourmet	manual	coop	all-equity	5	8000	132008.23	0.00	14.14	133	True	Reputation collapse (< 15)
34	6c86e1ad	1781137525	116106.11	mall	gourmet	manual	coop	all-equity	5	10000	112628.69	0.00	14.50	98	True	Reputation collapse (< 15)
35	6c86e1ad	1781137526	132407.17	mall	gourmet	manual	coop	all-equity	5	10000	128968.99	0.00	13.26	92	True	Reputation collapse (< 15)
36	6c86e1ad	1781137527	23911.96	mall	gourmet	manual	coop	all-equity	8	15000	18674.63	0.00	14.00	230	True	Reputation collapse (< 15)
37	6c86e1ad	1781137528	93842.66	mall	gourmet	manual	coop	all-equity	7	15000	88586.06	0.00	14.14	182	True	Reputation collapse (< 15)
38	6c86e1ad	1781137529	73231.10	mall	gourmet	manual	coop	all-equity	7	12000	68941.91	0.00	14.50	167	True	Reputation collapse (< 15)
39	6c86e1ad	1781137530	58050.75	mall	gourmet	manual	coop	all-equity	6	12000	52769.79	0.00	14.50	217	True	Reputation collapse (< 15)
40	6c86e1ad	1781137531	39054.29	mall	gourmet	manual	coop	all-equity	7	15000	34298.46	0.00	14.50	183	True	Reputation collapse (< 15)
41	6c86e1ad	1781137532	122993.17	mall	gourmet	manual	coop	all-equity	5	12000	118919.45	0.00	14.44	125	True	Reputation collapse (< 15)
42	6c86e1ad	1781137533	108137.95	mall	gourmet	manual	coop	all-equity	8	10000	104321.03	0.00	14.50	126	True	Reputation collapse (< 15)
43	6c86e1ad	1781137534	70550.47	mall	gourmet	manual	coop	all-equity	7	12000	65133.77	0.00	14.50	227	True	Reputation collapse (< 15)
44	6c86e1ad	1781137535	117896.14	mall	gourmet	manual	coop	all-equity	8	10000	110473.96	0.00	14.50	260	True	Reputation collapse (< 15)
45	6c86e1ad	1781137536	56905.01	mall	gourmet	manual	coop	all-equity	8	12000	52322.09	0.00	14.86	196	True	Reputation collapse (< 15)
46	6c86e1ad	1781137537	122755.15	mall	gourmet	manual	coop	all-equity	8	10000	117603.10	0.00	14.50	167	True	Reputation collapse (< 15)
47	6c86e1ad	1781137538	112669.24	mall	gourmet	manual	coop	all-equity	8	10000	108278.71	0.00	14.80	147	True	Reputation collapse (< 15)
48	6c86e1ad	1781137539	109698.55	mall	gourmet	manual	coop	all-equity	5	8000	105591.68	0.00	14.00	145	True	Reputation collapse (< 15)
49	6c86e1ad	1781137540	96562.68	mall	gourmet	manual	coop	all-equity	8	10000	92449.48	0.00	12.50	152	True	Reputation collapse (< 15)
50	6c86e1ad	1781137541	87419.55	mall	gourmet	manual	coop	all-equity	8	12000	83849.09	0.00	13.50	122	True	Reputation collapse (< 15)
51	6c86e1ad	1781137542	97225.54	mall	gourmet	manual	coop	all-equity	7	12000	94295.47	0.00	14.74	91	True	Reputation collapse (< 15)
52	6c86e1ad	1781137543	89581.11	mall	gourmet	manual	coop	all-equity	7	12000	84775.29	0.00	12.00	182	True	Reputation collapse (< 15)
53	6c86e1ad	1781137544	108365.81	mall	gourmet	manual	coop	all-equity	6	8000	104184.17	0.00	14.50	155	True	Reputation collapse (< 15)
54	6c86e1ad	1781137545	142858.01	mall	gourmet	manual	coop	all-equity	7	12000	137477.98	0.00	14.40	161	True	Reputation collapse (< 15)
55	6c86e1ad	1781137546	87423.00	mall	gourmet	manual	coop	all-equity	6	15000	82669.36	0.00	14.50	166	True	Reputation collapse (< 15)
56	6c86e1ad	1781137547	111546.92	mall	gourmet	manual	coop	all-equity	6	8000	106256.98	0.00	14.92	195	True	Reputation collapse (< 15)
57	6c86e1ad	1781137548	102507.11	mall	gourmet	manual	coop	all-equity	6	15000	98834.32	0.00	14.50	92	True	Reputation collapse (< 15)
58	6c86e1ad	1781137549	98267.47	mall	gourmet	manual	coop	all-equity	7	10000	93475.05	0.00	14.50	175	True	Reputation collapse (< 15)
59	6c86e1ad	1781137550	84128.66	mall	gourmet	manual	coop	all-equity	8	12000	79285.85	0.00	13.50	182	True	Reputation collapse (< 15)
60	6c86e1ad	1781137551	107070.69	mall	gourmet	manual	coop	all-equity	8	10000	103047.97	0.00	14.00	134	True	Reputation collapse (< 15)
61	6c86e1ad	1781137552	68822.43	mall	gourmet	manual	coop	all-equity	8	15000	63696.83	0.00	14.50	180	True	Reputation collapse (< 15)
62	6c86e1ad	1781137553	108299.71	mall	gourmet	manual	coop	all-equity	6	10000	103495.03	0.00	14.50	175	True	Reputation collapse (< 15)
63	6c86e1ad	1781137554	99702.28	mall	gourmet	manual	coop	all-equity	8	10000	94719.20	0.00	12.50	182	True	Reputation collapse (< 15)
64	6c86e1ad	1781137555	93088.73	mall	gourmet	manual	coop	all-equity	5	8000	89233.86	0.00	14.50	152	True	Reputation collapse (< 15)
65	6c86e1ad	1781137556	124432.46	mall	gourmet	manual	coop	all-equity	6	8000	120800.07	0.00	14.50	106	True	Reputation collapse (< 15)
66	6c86e1ad	1781137557	91268.34	mall	gourmet	manual	coop	all-equity	8	15000	87577.21	0.00	10.50	122	True	Reputation collapse (< 15)
67	6c86e1ad	1781137558	89350.74	mall	gourmet	manual	coop	all-equity	6	12000	85139.59	0.00	14.50	155	True	Reputation collapse (< 15)
68	6c86e1ad	1781137559	77977.98	mall	gourmet	manual	coop	all-equity	5	12000	73616.76	0.00	14.00	173	True	Reputation collapse (< 15)
69	6c86e1ad	1781137560	97808.22	mall	gourmet	manual	coop	all-equity	7	8000	92800.58	0.00	14.00	203	True	Reputation collapse (< 15)
70	6c86e1ad	1781137561	99601.17	mall	gourmet	manual	coop	all-equity	5	12000	95623.84	0.00	14.50	132	True	Reputation collapse (< 15)
71	6c86e1ad	1781137562	119212.09	mall	gourmet	manual	coop	all-equity	5	10000	112729.05	0.00	14.84	224	True	Reputation collapse (< 15)
72	6c86e1ad	1781137563	132033.60	mall	gourmet	manual	coop	all-equity	8	8000	128353.26	0.00	14.50	112	True	Reputation collapse (< 15)
73	6c86e1ad	1781137564	102196.68	mall	gourmet	manual	coop	all-equity	8	15000	97667.94	0.00	14.50	128	True	Reputation collapse (< 15)
74	6c86e1ad	1781137565	107200.03	mall	gourmet	manual	coop	all-equity	6	8000	102909.98	0.00	14.50	160	True	Reputation collapse (< 15)
75	6c86e1ad	1781137566	88260.76	mall	gourmet	manual	coop	all-equity	7	15000	84785.13	0.00	10.10	122	True	Reputation collapse (< 15)
76	6c86e1ad	1781137567	108085.88	mall	gourmet	manual	coop	all-equity	8	12000	103618.60	0.00	7.00	182	True	Reputation collapse (< 15)
77	6c86e1ad	1781137568	99689.33	mall	gourmet	manual	coop	all-equity	5	12000	95746.66	0.00	14.50	133	True	Reputation collapse (< 15)
78	6c86e1ad	1781137569	129183.56	mall	gourmet	manual	coop	all-equity	5	10000	122529.92	0.00	14.00	224	True	Reputation collapse (< 15)
79	6c86e1ad	1781137570	108106.59	mall	gourmet	manual	coop	all-equity	5	12000	104830.41	0.00	14.00	98	True	Reputation collapse (< 15)
80	6c86e1ad	1781137571	91598.66	mall	gourmet	manual	coop	all-equity	5	12000	87560.39	0.00	14.50	140	True	Reputation collapse (< 15)
81	6c86e1ad	1781137572	171032.04	mall	gourmet	manual	coop	all-equity	6	10000	164277.92	0.00	14.50	208	True	Reputation collapse (< 15)
82	6c86e1ad	1781137573	102831.00	mall	gourmet	manual	coop	all-equity	6	12000	99169.45	0.00	14.00	119	True	Reputation collapse (< 15)
83	6c86e1ad	1781137574	101585.03	mall	gourmet	manual	coop	all-equity	7	12000	96748.78	0.00	14.50	167	True	Reputation collapse (< 15)
84	6c86e1ad	1781137575	89990.83	mall	gourmet	manual	coop	all-equity	7	15000	84373.90	0.00	14.50	196	True	Reputation collapse (< 15)
85	6c86e1ad	1781137576	68115.96	mall	gourmet	manual	coop	all-equity	8	15000	64869.75	0.00	14.00	113	True	Reputation collapse (< 15)
86	6c86e1ad	1781137577	119565.93	mall	gourmet	manual	coop	all-equity	5	12000	114284.80	0.00	14.50	166	True	Reputation collapse (< 15)
87	6c86e1ad	1781137578	124596.71	mall	gourmet	manual	coop	all-equity	7	8000	120025.70	0.00	14.86	147	True	Reputation collapse (< 15)
88	6c86e1ad	1781137579	100447.78	mall	gourmet	manual	coop	all-equity	5	12000	97213.78	0.00	9.00	122	True	Reputation collapse (< 15)
89	6c86e1ad	1781137580	102774.09	mall	gourmet	manual	coop	all-equity	6	12000	97130.30	0.00	14.50	202	True	Reputation collapse (< 15)
90	6c86e1ad	1781137581	113853.61	mall	gourmet	manual	coop	all-equity	8	12000	109889.68	0.00	14.64	119	True	Reputation collapse (< 15)
91	6c86e1ad	1781137582	108638.24	mall	gourmet	manual	coop	all-equity	5	12000	102836.84	0.00	14.00	220	True	Reputation collapse (< 15)
92	6c86e1ad	1781137583	103170.15	mall	gourmet	manual	coop	all-equity	7	15000	97086.26	0.00	14.50	201	True	Reputation collapse (< 15)
93	6c86e1ad	1781137584	108026.47	mall	gourmet	manual	coop	all-equity	7	12000	104038.22	0.00	14.50	125	True	Reputation collapse (< 15)
94	6c86e1ad	1781137585	95009.87	mall	gourmet	manual	coop	all-equity	8	10000	91189.87	0.00	14.26	139	True	Reputation collapse (< 15)
95	6c86e1ad	1781137586	54112.79	mall	gourmet	manual	coop	all-equity	8	12000	49735.00	0.00	14.00	185	True	Reputation collapse (< 15)
96	6c86e1ad	1781137587	91050.50	mall	gourmet	manual	coop	all-equity	5	8000	87984.53	0.00	14.50	111	True	Reputation collapse (< 15)
97	6c86e1ad	1781137588	111836.41	mall	gourmet	manual	coop	all-equity	5	8000	108696.10	0.00	14.50	97	True	Reputation collapse (< 15)
98	6c86e1ad	1781137589	60209.59	mall	gourmet	manual	coop	all-equity	8	15000	56439.34	0.00	14.00	141	True	Reputation collapse (< 15)
99	6c86e1ad	1781137590	83959.10	mall	gourmet	manual	coop	all-equity	7	10000	79734.71	0.00	14.50	161	True	Reputation collapse (< 15)
